variant,DNA_cluster,DNA_AUROC,AGP_cluster,AGP_AUROC,Protein_cluster,Protein_AUROC,Morph_cluster,Morph_AUROC
PIGN_Met621Lys,3.0,0.9476905988925814,1.0,0.9371389881445424,,,5.0,0.9522902669275304
PIGN_Ala690Ser,5.0,0.9752949013641544,3.0,0.9855139043917754,3.0,0.96823683468357,3.0,0.9878543803275744
PIGN_Val534Ile,1.0,0.9525815163067086,1.0,0.9450607826071118,,,1.0,0.9636613448296772
PIGN_Thr582Ala,4.0,0.9733581781041,4.0,0.9786745356217532,1.0,0.9264274343646084,3.0,0.9834198448717096
PIGN_Asp124Asn,3.0,0.966312321647232,1.0,0.9742829852881144,1.0,0.9773214967816672,1.0,0.9779084145781484
PIGN_Ile765Val,4.0,0.9662231387628338,4.0,0.9432922103522476,,,3.0,0.9688710894305788
PIGN_Leu427Pro,4.0,0.964429813307605,4.0,0.9787915846009898,1.0,0.9661663834221466,3.0,0.9742183484506328
PIGN_Arg95Gln,1.0,0.9746416275204852,1.0,0.9772779953105658,2.0,0.938355607689068,2.0,0.9888369815433844
PIGN_Phe598Ser,3.0,0.9797152384282568,1.0,0.9881257194032304,1.0,0.950152425069462,1.0,0.9921388730372152
PIGN_Pro384Leu,1.0,0.9920924503401034,4.0,0.9835058310534656,1.0,0.954376684677058,1.0,0.9947668423078662
PIGN_Val742Phe,3.0,0.970572524591973,3.0,0.980714644949648,,,3.0,0.987985133442352
PIGN_Gln748Glu,3.0,0.956526069710466,1.0,0.969104433962806,2.0,0.9377495126056036,1.0,0.9751480899507428
PIGN_Val473Ile,4.0,0.9119647311022724,4.0,0.9065737873450104,,,5.0,0.944595615121254
PIGN_Ala503Val,3.0,0.9736513139601772,3.0,0.9850091144330404,1.0,0.9344359168133936,3.0,0.987627094487156
PIGN_Ser859Arg,2.0,0.9899227411168978,2.0,0.994208316209202,3.0,0.9727217931925338,4.0,0.993060394904425
PIGN_Leu841Pro,2.0,0.9171546601091618,5.0,0.9501565523240674,1.0,0.9074302516235484,7.0,0.9359343638062144
PIGN_Ser138Arg,4.0,0.9158660293814666,4.0,0.9201463814302224,,,5.0,0.9332954922341764
PIGN_Phe707Leu,4.0,0.9733424324570968,3.0,0.981052755136125,1.0,0.9546495348021148,3.0,0.9854219785879936
PIGN_Tyr249Cys,2.0,0.9770885851080264,2.0,0.9931178082352295,3.0,0.9941473072997484,7.0,0.9930832599531992
PIGN_Met590Leu,1.0,0.9730857328416492,3.0,0.9855228566192497,2.0,0.9514488184108753,1.0,0.9867510814665515
PIGN_Met901Val,2.0,0.9503175682066478,5.0,0.9746158104090829,1.0,0.9500552028438732,7.0,0.9721619753959224
PIGN_Trp578Cys,3.0,0.9629265495811208,1.0,0.9830511534286244,1.0,0.9760366895392292,1.0,0.9820121419518216
PIGN_Val698Gly,3.0,0.949503964393608,1.0,0.9542439266762948,,,2.0,0.9665245047447454
PIGN_Ala813Thr,2.0,0.9960683944645292,2.0,0.9929008571727052,1.0,0.9815919225464222,1.0,0.997642014970392
PIGN_Val417Met,4.0,0.9779354098978053,1.0,0.987620319709229,1.0,0.9183604024477494,3.0,0.9896121079431436
PIGN_Leu629Pro,1.0,0.9144601913973182,1.0,0.9135159763484358,,,2.0,0.9404380841411156
PIGN_Arg565Leu,2.0,0.9904375980544518,2.0,0.9935550343438436,1.0,0.9760863398229273,4.0,0.9944155596336484
PIGN_Leu383Val,5.0,0.9365800261869126,4.0,0.9033260609831634,3.0,0.9716529619144296,4.0,0.9525638168759574
PIGN_Gly924Ser,1.0,0.9436517405425894,5.0,0.9459384257561312,2.0,0.9451518230453404,2.0,0.959702889193754
PIGN_Phe767Leu,2.0,0.961635442426459,2.0,0.9800414580952383,1.0,0.9528881688785282,5.0,0.9797379913860323
PIGN_Gln530Arg,1.0,0.9152402057352608,,,,,2.0,0.943369523465241
PIGN_Ser637Thr,4.0,0.9241102586694818,3.0,0.9313292650940216,1.0,0.913709066890955,5.0,0.9406861084280423
PIGN_Val477Glu,1.0,0.9238951408754444,1.0,0.9487074482064268,,,1.0,0.9445567717740428
PIGN_Ala490Val,5.0,0.916806237062492,,,,,4.0,0.9371316529606668
PIGN_Ala550Thr,5.0,0.9289741353775354,,,,,4.0,0.9452458484681342
PIGN_Lys834Arg,2.0,0.9620187647364354,5.0,0.9721082953642716,1.0,0.946930010951375,7.0,0.9715297853189404
PIGN_Ser856Leu,5.0,0.9171586667279809,,,2.0,0.9002526851786614,6.0,0.9217399438575689
PIGN_Ile455Val,2.0,0.9977208424416192,2.0,0.9968206700403884,1.0,0.9657024856900024,3.0,0.9984236085212292
PIGN_Ser26Cys,1.0,0.9549244864216456,1.0,0.973153860484234,,,1.0,0.9717302104444144
PIGN_Val473Ala,1.0,0.9795301161320524,1.0,0.9867395349022114,1.0,0.9278399246168156,1.0,0.9910995389646275
PIGN_Gly554Arg,2.0,0.900921757856384,5.0,0.9448421620642812,3.0,0.9731659527306562,7.0,0.932876725056598
PIGN_His188Tyr,2.0,0.956040387323144,2.0,0.9839513049521766,1.0,0.949393499242006,7.0,0.9661628892842788
PIGN_Gly472Asp,1.0,0.9239553610904312,,,,,2.0,0.9413577700828172
PIGN_Ser194Phe,2.0,0.96614569596085,2.0,0.97787839113567,1.0,0.92428475322738,1.0,0.9769261375222532
PIGN_Ser594Arg,3.0,0.9095438847508318,,,,,2.0,0.9235027190358182
PIGN_Arg565His,1.0,0.9643154988877642,1.0,0.9683495513813168,1.0,0.9384117978871596,1.0,0.9794153386059572
PIGN_Val242Leu,1.0,0.912804486890677,,,1.0,0.9336357884682704,6.0,0.9275416291711684
PIGN_Ser135Asn,2.0,0.9814564927884636,2.0,0.9914859097612252,3.0,0.9826216673149964,4.0,0.9916307762748308
PIGN_Arg709Leu,1.0,0.9581113137673872,3.0,0.9734372761255796,3.0,0.9622505189049928,5.0,0.975828089938273
PIGN_Asn446Ser,3.0,0.9744741238670184,1.0,0.9814645595935986,1.0,0.969839159554424,1.0,0.9885717657497718
PIGN_Phe825Leu,,,1.0,0.9230562651518492,,,2.0,0.930608097867636
PIGN_Gly755Asp,,,,,2.0,0.9738224795802526,,
PIGN_Gly217Arg,,,,,3.0,0.9731893266877952,4.0,0.901999541320164
PIGN_Ala521Val,,,,,2.0,0.9159398243345812,,
PIGN_Asn246Tyr,,,,,2.0,0.9226820436214244,6.0,0.9008092056208842
PIGN_His188Asn,,,,,0.0,0.9921165222836053,,
PIGN_Leu680Val,,,,,2.0,0.912044622214362,,
PIGN_Met843Thr,,,,,2.0,0.943107800046674,,
PIGN_Pro335Leu,,,,,1.0,0.937010309517606,2.0,0.9170947524991592
PIGN_Asp252Tyr,,,,,1.0,0.916131848643568,,
PIGN_Met832Leu,,,,,2.0,0.9131040178621018,,
PIGN_Asn770Ser,,,,,0.0,0.9592783711495472,,
PIGN_Asn313Thr,,,,,,,6.0,0.9133947013609902
PIGN_Asp531Glu,,,,,,,2.0,0.9107412733351418
PIGN_Arg221Leu,,,,,,,6.0,0.9017392349651556
PIGN_Glu122Ala,,,,,,,6.0,0.9048261803681444
PIGN_Ile686Val,,,,,,,1.0,0.9051052423164928
