variant,DNA_cluster,DNA_AUROC,AGP_cluster,AGP_AUROC,GFP_cluster,GFP_AUROC,Morph_cluster,Morph_AUROC,GFP_ADJ_cluster,GFP_ADJ_AUROC
PIGN_Tyr249Cys,4.0,0.9770885851080264,5.0,0.9931178082352295,1.0,0.9941473072997484,2.0,0.9930832599531992,2.0,0.9940328171377164
PIGN_Ser135Asn,5.0,0.9814564927884636,2.0,0.9914859097612252,1.0,0.9826216673149964,7.0,0.9916307762748308,2.0,0.9825617952730016
PIGN_Ala813Thr,5.0,0.9960683944645292,2.0,0.9929008571727052,1.0,0.9815919225464222,6.0,0.997642014970392,2.0,0.9772488480325872
PIGN_Asp124Asn,2.0,0.966312321647232,4.0,0.9742829852881144,3.0,0.9773214967816672,6.0,0.9779084145781484,4.0,0.9720621958347706
PIGN_Arg565Leu,4.0,0.9904375980544518,2.0,0.9935550343438436,1.0,0.9760863398229273,7.0,0.9944155596336484,2.0,0.9780836132347324
PIGN_Trp578Cys,2.0,0.9629265495811208,1.0,0.9830511534286244,3.0,0.9760366895392292,2.0,0.9820121419518216,4.0,0.9687932748450416
PIGN_Gly554Arg,4.0,0.900921757856384,5.0,0.9448421620642812,1.0,0.9731659527306562,5.0,0.932876725056598,2.0,0.9687981081702144
PIGN_Ser859Arg,4.0,0.9899227411168978,2.0,0.994208316209202,1.0,0.9727217931925338,7.0,0.993060394904425,2.0,0.9696870874448182
PIGN_Leu383Val,2.0,0.9365800261869126,5.0,0.9033260609831634,1.0,0.9716529619144296,4.0,0.9525638168759574,1.0,0.9669375868074924
PIGN_Asn446Ser,1.0,0.9744741238670184,1.0,0.9814645595935986,3.0,0.969839159554424,1.0,0.9885717657497718,4.0,0.9617794979980356
PIGN_Ala690Ser,3.0,0.9752949013641544,1.0,0.9855139043917754,4.0,0.96823683468357,4.0,0.9878543803275744,1.0,0.969893558296893
PIGN_Leu427Pro,2.0,0.964429813307605,1.0,0.9787915846009898,4.0,0.9661663834221466,4.0,0.9742183484506328,1.0,0.9650307718711292
PIGN_Ile455Val,5.0,0.9977208424416192,2.0,0.9968206700403884,1.0,0.9657024856900024,7.0,0.9984236085212292,2.0,0.9652825342458412
PIGN_Arg709Leu,3.0,0.9581113137673872,1.0,0.9734372761255796,3.0,0.9622505189049928,1.0,0.975828089938273,4.0,0.9554002158318315
PIGN_Phe707Leu,3.0,0.9733424324570968,1.0,0.981052755136125,4.0,0.9546495348021148,4.0,0.9854219785879936,1.0,0.9553310280781871
PIGN_Pro384Leu,2.0,0.9920924503401034,1.0,0.9835058310534656,3.0,0.954376684677058,3.0,0.9947668423078662,1.0,0.9444911229395556
PIGN_Phe767Leu,5.0,0.961635442426459,2.0,0.9800414580952383,1.0,0.9528881688785282,1.0,0.9797379913860323,2.0,0.9473908122447824
PIGN_Met590Leu,1.0,0.9730857328416492,1.0,0.9855228566192497,2.0,0.9514488184108753,5.0,0.9867510814665515,3.0,0.9470972400521216
PIGN_Phe598Ser,1.0,0.9797152384282568,1.0,0.9881257194032304,3.0,0.950152425069462,1.0,0.9921388730372152,1.0,0.9433232403683264
PIGN_Met901Val,4.0,0.9503175682066478,5.0,0.9746158104090829,1.0,0.9500552028438732,3.0,0.9721619753959224,2.0,0.9565228968502189
PIGN_His188Tyr,4.0,0.956040387323144,2.0,0.9839513049521766,1.0,0.949393499242006,7.0,0.9661628892842788,2.0,0.9652408304698546
PIGN_Lys834Arg,4.0,0.9620187647364354,2.0,0.9721082953642716,1.0,0.946930010951375,3.0,0.9715297853189404,2.0,0.9425969549262008
PIGN_Gly924Ser,1.0,0.9436517405425894,5.0,0.9459384257561312,2.0,0.9451518230453404,6.0,0.959702889193754,3.0,0.9248770330477218
PIGN_Arg565His,2.0,0.9643154988877642,1.0,0.9683495513813168,4.0,0.9384117978871596,5.0,0.9794153386059572,1.0,0.9189690848278635
PIGN_Arg95Gln,1.0,0.9746416275204852,4.0,0.9772779953105658,2.0,0.938355607689068,6.0,0.9888369815433844,3.0,0.918514435026852
PIGN_Gln748Glu,2.0,0.956526069710466,4.0,0.969104433962806,3.0,0.9377495126056036,1.0,0.9751480899507428,1.0,0.91394788561056
PIGN_Ala503Val,3.0,0.9736513139601772,1.0,0.9850091144330404,4.0,0.9344359168133936,2.0,0.987627094487156,1.0,0.9326783999308412
PIGN_Val242Leu,2.0,0.912804486890677,,,3.0,0.9336357884682704,1.0,0.9275416291711684,4.0,0.9072478832852772
PIGN_Val473Ala,1.0,0.9795301161320524,1.0,0.9867395349022114,3.0,0.9278399246168156,1.0,0.9910995389646275,1.0,0.9327849255237838
PIGN_Thr582Ala,3.0,0.9733581781041,1.0,0.9786745356217532,4.0,0.9264274343646084,3.0,0.9834198448717096,1.0,0.921987404013234
PIGN_Ser194Phe,5.0,0.96614569596085,3.0,0.97787839113567,1.0,0.92428475322738,1.0,0.9769261375222532,2.0,0.9191626953216564
PIGN_Val417Met,3.0,0.9779354098978053,1.0,0.987620319709229,4.0,0.9183604024477494,5.0,0.9896121079431436,1.0,0.9464700055610884
PIGN_Ser637Thr,3.0,0.9241102586694818,3.0,0.9313292650940216,4.0,0.913709066890955,5.0,0.9406861084280423,1.0,0.9195909981647792
PIGN_Leu841Pro,4.0,0.9171546601091618,2.0,0.9501565523240674,1.0,0.9074302516235484,3.0,0.9359343638062144,2.0,0.9025480909268258
PIGN_Ser856Leu,1.0,0.9171586667279809,,,2.0,0.9002526851786614,3.0,0.9217399438575689,,
PIGN_Val742Phe,3.0,0.970572524591973,1.0,0.980714644949648,,,2.0,0.987985133442352,1.0,0.9036897526291938
PIGN_Ala490Val,2.0,0.916806237062492,,,,,4.0,0.9371316529606668,,
PIGN_Ser26Cys,1.0,0.9549244864216456,3.0,0.973153860484234,,,1.0,0.9717302104444144,,
PIGN_Ser138Arg,2.0,0.9158660293814666,3.0,0.9201463814302224,,,3.0,0.9332954922341764,,
PIGN_Leu629Pro,1.0,0.9144601913973182,4.0,0.9135159763484358,,,1.0,0.9404380841411156,,
PIGN_Ile765Val,3.0,0.9662231387628338,3.0,0.9432922103522476,,,3.0,0.9688710894305788,,
PIGN_Val698Gly,1.0,0.949503964393608,4.0,0.9542439266762948,,,1.0,0.9665245047447454,,
PIGN_Ala550Thr,2.0,0.9289741353775354,,,,,4.0,0.9452458484681342,,
PIGN_Gly472Asp,1.0,0.9239553610904312,,,,,1.0,0.9413577700828172,,
PIGN_Val534Ile,1.0,0.9525815163067086,3.0,0.9450607826071118,,,1.0,0.9636613448296772,,
PIGN_Ser594Arg,1.0,0.9095438847508318,,,,,1.0,0.9235027190358182,,
PIGN_Gln530Arg,1.0,0.9152402057352608,,,,,6.0,0.943369523465241,,
PIGN_Met621Lys,3.0,0.9476905988925814,4.0,0.9371389881445424,,,2.0,0.9522902669275304,,
PIGN_Val477Glu,1.0,0.9238951408754444,3.0,0.9487074482064268,,,2.0,0.9445567717740428,,
PIGN_Val473Ile,2.0,0.9119647311022724,3.0,0.9065737873450104,,,5.0,0.944595615121254,,
PIGN_Phe825Leu,,,4.0,0.9230562651518492,,,6.0,0.930608097867636,,
PIGN_His188Asn,,,,,2.0,0.9921165222836053,,,0.0,0.9859048089051008
PIGN_Gly755Asp,,,,,2.0,0.9738224795802526,,,3.0,0.958298648783195
PIGN_Gly217Arg,,,,,1.0,0.9731893266877952,4.0,0.901999541320164,1.0,0.9710097430466038
PIGN_Asn770Ser,,,,,2.0,0.9592783711495472,,,0.0,0.9517964658851394
PIGN_Met843Thr,,,,,2.0,0.943107800046674,,,3.0,0.9132393212582371
PIGN_Pro335Leu,,,,,3.0,0.937010309517606,1.0,0.9170947524991592,,
PIGN_Asn246Tyr,,,,,2.0,0.9226820436214244,2.0,0.9008092056208842,,
PIGN_Asp252Tyr,,,,,3.0,0.916131848643568,,,,
PIGN_Ala521Val,,,,,2.0,0.9159398243345812,,,3.0,0.9065928324633312
PIGN_Met832Leu,,,,,2.0,0.9131040178621018,,,3.0,0.9068160323635344
PIGN_Leu680Val,,,,,2.0,0.912044622214362,,,,
PIGN_Asp531Glu,,,,,,,1.0,0.9107412733351418,,
PIGN_Asn313Thr,,,,,,,2.0,0.9133947013609902,,
PIGN_Glu122Ala,,,,,,,3.0,0.9048261803681444,,
PIGN_Arg221Leu,,,,,,,2.0,0.9017392349651556,,
PIGN_Ile686Val,,,,,,,1.0,0.9051052423164928,,
