allele_0,AUROC_GFP_Mean,Altered_95th_perc_both_batches_GFP,Altered_99th_perc_both_batches_GFP,AUROC_DNA_Mean,Altered_95th_perc_both_batches_DNA,AUROC_AGP_Mean,Altered_95th_perc_both_batches_AGP,AUROC_Morph_Mean,Altered_95th_perc_both_batches_Morph,AUROC_GFP_ADJ_Mean,Altered_95th_perc_both_batches_GFP_ADJ
AMPD2_Gln190Ter,0.9991560283097065,true,true,0.9803827893363886,true,0.9933853209584158,true,0.9935532248788946,true,0.9959758134132581,true
STUB1_Gln196Ter,0.9966616617931457,true,true,0.6305722275560045,false,0.6456384839211602,false,0.6621861971245786,false,0.9965932727693511,true
THRA_Ser45Ile,0.9966472811136916,true,true,0.9133249786104574,true,0.8634768408120564,false,0.93064377927855,false,0.9924613751811759,true
PIGN_Tyr249Cys,0.9941473072997484,true,true,0.9770885851080264,true,0.9931178082352297,true,0.9930832599531991,true,0.9940328171377165,true
PIGN_His188Asn,0.9921165222836053,true,true,0.6490394328079896,false,0.6692270964795277,false,0.6558033893246824,false,0.9859048089051009,true
FBXW11_Arg481Pro,0.9858711353254944,true,false,0.9711285573968675,true,0.9919940809236047,true,0.9924946516918052,true,0.9872896900064352,true
LHX4_Arg259Ter,0.9855263553969665,true,false,0.7555248708582514,false,0.6758868161697849,false,0.7932817742085049,false,0.9795717454230313,true
TCAP_Arg33Trp,0.9847126308068009,true,true,0.8944952072733,false,0.885773478786174,false,0.9099510188416151,false,0.9683151215555797,true
PIGN_Ser135Asn,0.9826216673149963,true,false,0.9814564927884637,true,0.9914859097612251,true,0.9916307762748308,true,0.9825617952730017,true
PIGN_Ala813Thr,0.9815919225464222,true,false,0.9960683944645292,true,0.9929008571727052,true,0.997642014970392,true,0.9772488480325872,true
PIGN_Asp124Asn,0.9773214967816671,true,false,0.966312321647232,true,0.9742829852881145,true,0.9779084145781485,true,0.9720621958347706,true
PIGN_Arg565Leu,0.9760863398229271,true,false,0.9904375980544518,true,0.9935550343438436,true,0.9944155596336484,true,0.9780836132347324,true
PIGN_Trp578Cys,0.9760366895392292,true,false,0.9629265495811209,true,0.9830511534286243,true,0.9820121419518217,true,0.9687932748450416,true
ECEL1_Arg544Cys,0.9758612957466198,true,false,0.9417595138110109,false,0.9692298686946452,true,0.9661029095572724,false,0.9748482836141117,true
PIGN_Gly755Asp,0.9738224795802526,false,false,0.8552246494839344,false,0.8896617532738602,false,0.8998818605412979,false,0.958298648783195,true
PIGN_Gly217Arg,0.9731893266877953,false,false,0.8917543033011714,false,0.765905603638404,false,0.9019995413201641,false,0.9710097430466038,true
PIGN_Gly554Arg,0.9731659527306562,true,false,0.9009217578563841,false,0.9448421620642811,false,0.9328767250565981,false,0.9687981081702145,true
PIGN_Ser859Arg,0.9727217931925338,true,false,0.9899227411168978,true,0.9942083162092019,true,0.993060394904425,true,0.9696870874448182,true
PIGN_Leu383Val,0.9716529619144297,false,false,0.9365800261869126,true,0.9033260609831634,false,0.9525638168759574,false,0.9669375868074925,true
PIGN_Asn446Ser,0.969839159554424,true,false,0.9744741238670183,true,0.9814645595935986,true,0.9885717657497718,true,0.9617794979980356,true
PIGN_Ala690Ser,0.9682368346835701,false,false,0.9752949013641545,true,0.9855139043917754,true,0.9878543803275743,true,0.969893558296893,true
ACTC1_Met315Lys,0.9669981962093939,true,false,0.6455232784936964,false,0.6698465554525316,false,0.6748030402731102,false,0.9523594669842401,true
PIGN_Leu427Pro,0.9661663834221466,false,false,0.964429813307605,true,0.9787915846009898,true,0.9742183484506328,true,0.9650307718711293,true
PIGN_Ile455Val,0.9657024856900025,true,false,0.9977208424416192,true,0.9968206700403883,true,0.9984236085212292,true,0.9652825342458411,true
PNKP_Gly375Trp,0.9640540074909107,true,false,0.6752970347563003,false,0.6934687796122092,false,0.7061126762307813,false,0.9628695677697572,true
PIGN_Arg709Leu,0.9622505189049928,true,false,0.9581113137673871,true,0.9734372761255797,true,0.975828089938273,true,0.9554002158318315,true
COQ8A_Tyr514Cys,0.9617492619314978,true,false,0.9321517445081693,false,0.9858729657585199,true,0.953914459991235,false,0.9515822411076781,true
PIGN_Asn770Ser,0.9592783711495471,false,false,0.8790573898779399,false,0.8547928953668644,false,0.8995071021947345,false,0.9517964658851394,true
PIGN_Phe707Leu,0.9546495348021147,false,false,0.9733424324570967,true,0.981052755136125,true,0.9854219785879935,true,0.9553310280781873,true
PIGN_Pro384Leu,0.954376684677058,false,false,0.9920924503401034,true,0.9835058310534655,true,0.9947668423078662,true,0.9444911229395556,true
CSNK2A1_Glu81Ala,0.9534969624191262,true,false,0.986067959232797,true,0.981833938105334,true,0.9909640442844347,true,0.9555996501610595,true
COQ8A_Arg299Trp,0.9531778240806712,false,false,0.7418743002794065,false,0.8224076086751708,false,0.7882020917588379,false,0.9186968486026347,true
PIGN_Phe767Leu,0.9528881688785282,true,false,0.961635442426459,true,0.9800414580952385,true,0.9797379913860323,true,0.9473908122447825,true
CSNK2A1_Arg312Gln,0.9520891886947652,true,false,0.9390442997016026,false,0.9793828110141447,true,0.9761714727889543,true,0.9847276996334867,true
PIGN_Met590Leu,0.9514488184108753,false,false,0.9730857328416493,true,0.9855228566192497,true,0.9867510814665517,true,0.9470972400521216,true
COQ8A_Arg187Cys,0.9511962302775223,false,false,0.5925736522158874,false,0.5885251029204963,false,0.5823546084038921,false,0.9467254569005258,true
PIGN_Phe598Ser,0.9501524250694621,false,false,0.9797152384282568,true,0.9881257194032305,true,0.9921388730372152,true,0.9433232403683263,true
PIGN_Met901Val,0.9500552028438731,false,false,0.9503175682066478,false,0.9746158104090829,true,0.9721619753959225,true,0.9565228968502189,true
PIGN_His188Tyr,0.9493934992420059,false,false,0.9560403873231439,false,0.9839513049521766,true,0.9661628892842788,false,0.9652408304698546,true
PIGN_Lys834Arg,0.946930010951375,false,false,0.9620187647364354,true,0.9721082953642715,true,0.9715297853189403,true,0.9425969549262008,true
PIGN_Gly924Ser,0.9451518230453404,true,false,0.9436517405425894,true,0.9459384257561311,false,0.9597028891937539,false,0.9248770330477218,true
CSNK2A1_Gln391Arg,0.9437656353960776,false,false,0.9597086758147062,true,0.9852096973802145,true,0.9825366307896042,true,0.9434007399552609,true
PIGN_Met843Thr,0.9431078000466739,false,false,0.8028894411417371,false,0.8284641897863094,false,0.856323180649907,false,0.9132393212582373,true
CALM3_Glu141Gly,0.9406901762155446,false,false,0.7605529885563647,false,0.7292817626593213,false,0.780145248968112,false,0.9128124050077437,true
COQ8A_Phe508Ser,0.9395003413469183,false,false,0.7488115258785056,false,0.8381683248461542,false,0.8124828864621823,false,0.9350300504489049,true
PIGN_Arg565His,0.9384117978871596,false,false,0.9643154988877642,true,0.9683495513813168,true,0.9794153386059572,true,0.9189690848278635,true
PIGN_Arg95Gln,0.938355607689068,false,false,0.9746416275204852,true,0.9772779953105658,true,0.9888369815433844,true,0.9185144350268519,true
PIGN_Gln748Glu,0.9377495126056035,false,false,0.956526069710466,true,0.9691044339628061,true,0.9751480899507428,true,0.9139478856105601,true
PIGN_Pro335Leu,0.9370103095176059,false,false,0.8943348671770122,false,0.8679218209816862,false,0.9170947524991593,false,0.8887304649322927,true
PIGN_Ala503Val,0.9344359168133936,false,false,0.9736513139601772,true,0.9850091144330404,true,0.987627094487156,true,0.9326783999308412,true
PIGN_Val242Leu,0.9336357884682704,false,false,0.912804486890677,false,0.8655922969620533,false,0.9275416291711684,false,0.9072478832852773,true
CALM2_Asp96Val,0.9331565992380141,false,false,0.9735201348951615,true,0.9841941065737864,true,0.9864212880516988,true,0.9935492699145362,true
COQ8A_Gly272Asp,0.9302417529614835,false,false,0.5941004952888732,false,0.7106789910399778,false,0.6534328764906149,false,0.923953429452125,true
PIGN_Val473Ala,0.9278399246168156,false,false,0.9795301161320523,true,0.9867395349022114,true,0.9910995389646275,true,0.9327849255237838,true
COQ8A_His85Gln,0.9270171877283195,false,false,0.6726324244377713,false,0.7174728880939951,false,0.7296529957477946,false,0.901573014131747,true
PIGN_Thr582Ala,0.9264274343646084,false,false,0.9733581781041001,true,0.9786745356217531,true,0.9834198448717097,true,0.9219874040132341,true
COQ8A_Gly129Arg,0.9243522974182534,false,false,0.5185858711304816,false,0.5957012144332939,false,0.5686074686954278,false,0.8785343857680026,true
PIGN_Ser194Phe,0.9242847532273801,false,false,0.9661456959608499,true,0.9778783911356699,true,0.9769261375222533,true,0.9191626953216565,true
PIGN_Asn246Tyr,0.9226820436214245,false,false,0.8542015370614713,false,0.8373175105212245,false,0.9008092056208842,false,0.8904580438339655,true
DPPA2_Cys146Tyr,0.9202681927856056,false,false,0.9278916508363658,false,0.9617474816135652,false,0.9522169018106476,false,0.9287524578945507,true
CALM2_Asp130Asn,0.9197952102563471,false,false,0.9190691111690161,false,0.9828750313958601,true,0.9667859831242739,false,0.9913409660540002,true
CALM2_Asp134His,0.9186947937751635,false,false,0.9579154747809562,true,0.9881540352479801,true,0.9859234664492081,true,0.8843011387612096,true
PIGN_Val417Met,0.9183604024477494,false,false,0.9779354098978051,true,0.987620319709229,true,0.9896121079431435,true,0.9464700055610885,true
TPK1_Phe132Ser,0.9169400061730277,false,false,0.9840598985252655,true,0.9946066598370826,true,0.9949784005329558,true,0.9151004575788098,true
COQ8A_Gly549Ser,0.9165362960875703,false,false,0.8223885241073685,false,0.8833251114098812,false,0.8810279518951873,false,0.9084363518476195,true
PIGN_Asp252Tyr,0.9161318486435681,false,false,0.8347892373278747,false,0.7421322980419602,false,0.8647937094663319,false,0.8685678608810803,true
COQ8A_Asp166Gly,0.9159842662430802,false,false,0.542453472491472,false,0.5616844622279564,false,0.5525280295346956,false,0.8946193631215182,true
PIGN_Ala521Val,0.9159398243345811,false,false,0.7275518379093977,false,0.7247926077866048,false,0.7890657795380294,false,0.9065928324633311,true
CALM2_Asp134Asn,0.9146803135805154,false,false,0.9354512945148798,false,0.9832961056445048,true,0.970138424861827,true,0.8982201763284922,true
PIGN_Ser637Thr,0.913709066890955,false,false,0.9241102586694818,false,0.9313292650940215,false,0.9406861084280423,false,0.9195909981647793,true
PIGN_Met832Leu,0.9131040178621018,false,false,0.8600941539584722,false,0.7989525534445195,false,0.8703386547100838,false,0.9068160323635345,true
PIGN_Leu680Val,0.9120446222143621,false,false,0.8599547162892038,false,0.877252713157509,false,0.8966509465922925,false,0.8892347904579663,true
COQ8A_Glu585Gln,0.9109837206204919,false,false,0.7915798883686991,false,0.8283825507249368,false,0.8101021484319936,false,0.8870400220460886,true
COQ8A_Asn465His,0.9102916991529297,false,false,0.5139068936923034,false,0.5917900056851253,false,0.5145803809450356,false,0.8886819899057891,true
COQ8A_Leu459Pro,0.90975066148425,false,false,0.6393288502687497,false,0.7095377009628197,false,0.6718311284971548,false,0.8834949550467812,true
PIGN_Leu841Pro,0.9074302516235485,false,false,0.9171546601091618,false,0.9501565523240674,false,0.9359343638062143,false,0.9025480909268258,true
PNKP_Cys409Arg,0.9071083090216875,false,false,0.9676533661156189,true,0.9512603031251236,true,0.9792611208332217,true,0.8184350043748732,true
CSNK2A1_Ala389Thr,0.9069752134704006,false,false,0.973203048238616,true,0.9851072275265865,true,0.9855267613548699,true,0.9781237900408088,true
THRA_Ile170Val,0.9034988147452983,false,false,0.7346815723161544,false,0.6974800203140898,false,0.747900642123185,false,0.8973919401579183,true
COQ8A_Gln343Arg,0.9030003704839683,false,false,0.7757208376407638,false,0.8437717143209496,false,0.839465216376829,false,0.8810320413252539,true
CSNK2A1_Gly177Ser,0.9012950768054095,false,false,0.9414412065196667,true,0.9707371314156537,true,0.973313540832907,true,0.951206887668683,true
PIGN_Ser856Leu,0.9002526851786614,false,false,0.9171586667279807,false,0.8550993110246969,false,0.9217399438575689,false,0.8795071997089463,true
KCNQ1_Val414Ile,0.8993581345048153,false,false,0.922488083181457,false,0.9439874495460042,false,0.9443855049087736,false,0.9241066587894922,true
ERGIC1_Gly261Asp,0.8991029332035083,false,false,0.7677394559055319,false,0.6785559603765358,false,0.784925350100037,false,0.8693764116738074,true
SLC19A3_Leu39Ser,0.8990171716714203,false,false,0.8291328430345903,false,0.9094239443781165,false,0.9148246482023863,false,0.8947513763927166,true
PIGN_Tyr769Cys,0.8982514262641126,false,false,0.8545341046125254,false,0.82317361290671,false,0.876607136467898,false,0.8906492877102206,true
PIGN_Val742Phe,0.8981174293064167,false,false,0.970572524591973,true,0.980714644949648,true,0.9879851334423521,true,0.9036897526291938,true
DHCR24_Trp97Ter,0.8955995345354738,false,false,0.8473796975487812,false,0.7962795155748011,false,0.8615083449313637,false,0.9034910698121194,true
PIGN_Thr917Met,0.8952063245664973,false,false,0.825929412914015,false,0.8575106336145784,false,0.8814667049281151,false,0.8892723539249834,true
PIGN_Ala490Val,0.8941738799933545,false,false,0.9168062370624921,false,0.8482463039429282,false,0.9371316529606667,false,0.8830418504779409,true
COQ8A_Ala338Val,0.8924136439792069,false,false,0.7677685515801742,false,0.8147481758137756,false,0.8384218725517012,false,0.8835533633391528,true
COQ8A_Gly272Val,0.8918881559372499,false,false,0.7571425225588851,false,0.8385603483557886,false,0.8311857547676349,false,0.8784525764750084,true
COQ8A_Arg538Gln,0.8918177894311279,false,false,0.8371656450175159,false,0.8640017265674574,false,0.858432308690853,false,0.8923933531165194,true
COQ8A_His80Tyr,0.8886501573452339,false,false,0.48324797924856266,false,0.5398863571318493,false,0.5298789176921479,false,0.8612143467641211,true
PIGN_Ser26Cys,0.8870967435495593,false,false,0.9549244864216457,true,0.9731538604842341,true,0.9717302104444143,false,0.880349655289648,true
PIGN_Asp531Glu,0.8861881157780124,false,false,0.8820066595319342,false,0.8794828669860527,false,0.9107412733351418,false,0.8762120197989106,true
COQ8A_Glu551Lys,0.8856441610090874,false,false,0.706588201028473,false,0.7049178708707324,false,0.7615759855207817,false,0.8969982801405123,true
TPK1_Leu40Pro,0.8805147568220811,false,false,0.6553330968842217,false,0.6683824670799559,false,0.7041339599401986,false,0.867646583674876,true
DPF2_Val317Gly,0.8790925347347107,false,false,0.7340093966502546,false,0.7740483429855312,false,0.7461972200754483,false,0.8658868551258327,true
COQ8A_Pro602Leu,0.8783777192753419,false,false,0.805482652108431,false,0.8664990254815841,false,0.848334184593084,false,0.8697664928597157,true
COQ8A_Arg626Cys,0.8769868345051887,false,false,0.8241418742813489,false,0.8065983060064035,false,0.7966482936637167,false,0.824108204177093,true
PIGN_Ser138Arg,0.8761220405944925,false,false,0.9158660293814666,false,0.9201463814302224,false,0.9332954922341765,false,0.8637303206776472,true
PIGN_Phe825Leu,0.8749540267750964,false,false,0.8758972054400047,false,0.9230562651518492,false,0.9306080978676361,false,0.8497114215445052,true
PIGN_Leu629Pro,0.872743135507525,false,false,0.9144601913973182,false,0.9135159763484358,false,0.9404380841411157,false,0.8367521602192214,true
PIGN_Ile765Val,0.8707055969514685,false,false,0.9662231387628338,true,0.9432922103522476,false,0.9688710894305788,false,0.8595657879113245,true
PNKP_Ala441Gly,0.8701835595076535,false,false,0.9423852333703175,true,0.9431240060865029,true,0.9622053430007947,false,0.8012674022053516,true
PIGN_Tyr132His,0.8672076276645075,false,false,0.8039316115579176,false,0.7624121327482082,false,0.8253223197167369,false,0.8534168043625673,true
PIGN_Ala56Val,0.8671985240811697,false,false,0.7412641567732736,false,0.8165018207866237,false,0.7818653908436448,false,0.8427736424742921,true
WT1_Ser15Thr,0.865467816559274,false,false,0.6439558568621546,false,0.5856006580297117,false,0.6490280224864672,false,0.8604409422557049,true
THRA_Ala263Val,0.8651464474839936,false,false,0.7907269422879075,false,0.8837307171186534,false,0.8591945852527259,false,0.9162508543640321,true
PIGN_Ala161Val,0.8643126359830964,false,false,0.8224866248073242,false,0.8853141049074944,false,0.8682900229204782,false,0.8731812405398756,true
PIGN_Ile744Val,0.8630492024151488,false,false,0.8731717764502521,false,0.8401588149629713,false,0.8916705116487191,false,0.8378544752624013,true
PIGN_Val698Gly,0.8609251415383801,false,false,0.9495039643936081,true,0.9542439266762948,false,0.9665245047447454,false,0.8493589441632183,true
COQ8A_Pro149Ser,0.8587007508168872,false,false,0.6622066076735799,false,0.7285505628155823,false,0.7227360607844191,false,0.8355538408071548,true
FARS2_Tyr324Cys,0.8556800504703312,false,false,0.9519742178064542,true,0.9401651944698801,false,0.9618867053314326,false,0.8529934642339061,true
PIGN_Asn313Thr,0.8524511828881909,false,false,0.87846609805902,false,0.8458094633862688,false,0.9133947013609902,false,0.8402326841486338,true
PIGN_Ala550Thr,0.8514307018544797,false,false,0.9289741353775354,true,0.8533044690198868,false,0.9452458484681342,false,0.8510731345875366,true
PIGN_Gly472Asp,0.8498168063753853,false,false,0.9239553610904313,false,0.8748111130903711,false,0.9413577700828171,false,0.8452346467264614,true
HSD17B4_Arg473Trp,0.8478454994867672,false,false,0.4945013645436096,false,0.5544201884921847,false,0.5188233224153282,false,0.8369574427541955,true
PIGN_Val534Ile,0.8475143399708172,false,false,0.9525815163067086,true,0.9450607826071118,true,0.9636613448296771,false,0.8591350220553122,true
PIGN_Ser594Arg,0.8468897225916825,false,false,0.9095438847508318,false,0.8493356349619297,false,0.9235027190358182,false,0.8198391553805547,true
TPK1_Pro7Ser,0.8467643563677085,false,false,0.7261254975324192,false,0.6926334344173053,false,0.7410634580914899,false,0.7938281491613578,true
PNKP_Val478Gly,0.8462612766872049,false,false,0.8478945175434522,false,0.7827137890609543,false,0.877506853000313,false,0.8015519670898112,true
PIGN_Gln530Arg,0.8444769830402797,false,false,0.9152402057352609,false,0.8781040256423152,false,0.943369523465241,false,0.8207412986452922,true
PIGN_Thr156Ala,0.8440383066611286,false,false,0.8021974790217477,false,0.7815066579134162,false,0.8193658103380015,false,0.8081191524018253,true
PIGN_Met621Lys,0.8438591795281548,false,false,0.9476905988925814,true,0.9371389881445424,false,0.9522902669275304,false,0.8168909049803494,true
TPK1_Asp222His,0.8435134493889165,false,false,0.6305123333414437,false,0.6225127293819392,false,0.6698150966418308,false,0.8189803404486009,true
PIGN_Gly104Arg,0.8417747805640043,false,false,0.7950758107311837,false,0.7269183401780533,false,0.8108705057555958,false,0.8218041635187732,true
KCNQ1_Arg270Trp,0.8412529655386405,false,false,0.8991885156900401,false,0.9299973991966408,false,0.9290100550184104,false,0.8634654680599991,true
PIGN_Ser893Arg,0.8390354242130721,false,false,0.8600859949261941,false,0.8530449178127213,false,0.8907560352102257,false,0.8153839090233059,true
PIGN_Val296Ile,0.8388180107950391,false,false,0.7799003844877801,false,0.7547412849550669,false,0.8220184782451425,false,0.8477913805276893,true
SYT2_Asp361His,0.838342736326039,false,false,0.8778673913828632,false,0.9251441463605565,false,0.9069288581030678,false,0.8092644168223453,true
CALM3_Asp132Glu,0.8376353195425585,false,false,0.9560603231193529,true,0.9717109437557713,true,0.9722339817475814,true,0.8409952775584073,true
PIGN_Val477Glu,0.8375978914650724,false,false,0.9238951408754443,false,0.9487074482064269,false,0.9445567717740428,false,0.8537891794218045,true
CSNK2A1_Arg47Gly,0.8358386705923604,false,false,0.7284949876305703,false,0.7674656333423447,false,0.7711122693683912,false,0.8345995148804528,true
WT1_Cys186Gly,0.8354695088868938,false,false,0.6932607639105788,false,0.6183455895926746,false,0.6777196409553804,false,0.8181956074385142,true
PIGN_Ser900Cys,0.8353295131230383,false,false,0.7011528760251882,false,0.8098748276871823,false,0.7297020570774111,false,0.8236295597026786,true
PIGN_Pro71Leu,0.8341777281908596,false,false,0.7732419808395505,false,0.7649942887886167,false,0.8092444969707342,false,0.8359313064835474,true
PIGN_Gly250Glu,0.8320516422626613,false,false,0.8059125140554451,false,0.7921019801198678,false,0.8684954715760196,false,0.8327411539974696,true
PIGN_Glu122Ala,0.828572729302705,false,false,0.8836996435555564,false,0.8039346949756057,false,0.9048261803681443,false,0.8099977904491006,true
WT1_Gly45Asp,0.8261453804246395,false,false,0.6492720872193574,false,0.5861718465478054,false,0.6383241060124613,false,0.7947755741937502,true
PIGN_Gly883Ser,0.8214640071854835,false,false,0.8612009776108427,false,0.8701728015244066,false,0.8922402890854206,false,0.8140378118372003,true
PNKP_Glu326Lys,0.820252890567133,false,false,0.5699260574127056,false,0.5717531720662503,false,0.595002303708465,false,0.8057192049942261,true
PIGN_Val154Ile,0.8184525440590658,false,false,0.7206646900488332,false,0.7907799666002968,false,0.7571645350494391,false,0.8172004321557111,true
PNKP_Gln50Glu,0.8147496737403888,false,false,0.8287429430949652,false,0.7859758891014903,false,0.8620487930665288,false,0.8283413376284361,true
PNKP_Pro20Ser,0.8107033197640372,false,false,0.7110709057218865,false,0.6552135162489374,false,0.7286565935697262,false,0.7956378313511675,true
PIGN_Glu61Lys,0.8098573663188284,false,false,0.8221798505173109,false,0.8063971184478035,false,0.8587194664166737,false,0.8016747294840323,true
PIGN_Ile85Val,0.8086548348895326,false,false,0.8320985598239699,false,0.8035602618210751,false,0.8511608171673501,false,0.8016492893932378,true
PIGN_Arg295Ile,0.8075554874634783,false,false,0.8499159439476164,false,0.800387369014546,false,0.8800031946979028,false,0.800876829097651,true
PIGN_Ala405Thr,0.807295241016509,false,false,0.8146713442967867,false,0.8648757334396164,false,0.8661103504659657,false,0.8206793589378855,true
PNKP_Val96Leu,0.8056748238336503,false,false,0.9682798247304045,true,0.9137578545320195,false,0.9756945354882327,true,0.803073317878011,true
PIGN_His188Pro,0.8025504233145523,false,false,0.6135927441967328,false,0.6483231520834429,false,0.6837135930322394,false,0.7898759186889472,true
PNKP_Leu176Phe,0.8001477724844623,false,false,0.8048289000814381,false,0.6288421988466923,false,0.829711349618605,false,0.7758294419050207,true
PIGN_Val473Ile,0.7994327732261566,false,false,0.9119647311022724,false,0.9065737873450105,false,0.944595615121254,false,0.7823651626404673,true
PIGN_Val510Ile,0.7933529280192794,false,false,0.8504353693458713,false,0.7865152249660508,false,0.8942742165716779,false,0.8018307306067081,true
PIGN_Lys162Glu,0.7924334652086525,false,false,0.7193658193041874,false,0.7559166015668183,false,0.7703113640895995,false,0.8098681178891662,true
MAP3K7_Gly110Val,0.7911953056258492,false,false,0.8042374068029383,false,0.7148973872315534,false,0.7940748434758684,false,0.7776828050869675,true
CSNK2A1_Gly48Asp,0.7829266572403646,false,false,0.7442135122668415,false,0.8094116072274705,false,0.8088511197680429,false,0.7843232732198303,true
THRA_Glu173Gly,0.7822408066219618,false,false,0.7348755739951678,false,0.7141429652650598,false,0.7576797010759004,false,0.7673056873786965,true
PIGN_Asn320Ser,0.7810836054147339,false,false,0.8269860020577235,false,0.7576689491386872,false,0.8549540197708303,false,0.8066294202006155,true
HEXB_Arg284Ter,0.7746351397289553,false,false,0.6326988656370256,false,0.6857802357183702,false,0.651944654542887,false,0.760235099041605,true
PIGN_Ser823Arg,0.7719413760934112,false,false,0.7426256947801033,false,0.7769143904465253,false,0.7821995890267202,false,0.7967747534012202,true
TUBB8_Asp88Asn,0.7664918846170683,false,false,0.672875189864058,false,0.6338812351538079,false,0.699855846316303,false,0.7640310261290308,true
PNKP_Tyr196Asn,0.7654209151763385,false,false,0.6806866133882017,false,0.6432792404605798,false,0.7225092125548213,false,0.7484381495007889,true
THRA_Thr273Asn,0.757999309101951,false,false,0.9246798978871549,false,0.8869370690026118,false,0.9355076635010389,false,0.7946290089681327,true
PNKP_Leu399Pro,0.7577978148680271,false,false,0.7172890347774405,false,0.6347465614722017,false,0.7321308332505295,false,0.7425332511736369,true
CALM3_Asp94Ala,0.7556642739092709,false,false,0.7669645887061232,false,0.8193661462439328,false,0.8209002881899491,false,0.7412793903178598,true
AP4M1_Pro46Ala,0.7540258298945617,false,false,0.6787116777019472,false,0.7161873154794152,false,0.7087603399865143,false,0.7386990370783192,true
CSNK2A1_Tyr50Ser,0.7520271656650257,false,false,0.7819586332503161,false,0.8348199053788532,false,0.8437053036703686,false,0.7684340078017657,true
PIGN_Val864Ile,0.7515218599556306,false,false,0.7740574432308602,false,0.7437680912426445,false,0.8088217831742154,false,0.7593643277989226,true
PIGN_Arg221Leu,0.7482191363999192,false,false,0.8788312671154811,false,0.7955780281042983,false,0.9017392349651556,false,0.7363959330445998,true
PIGN_Leu368Phe,0.7480081355283121,false,false,0.7434534267616782,false,0.7389928324434595,false,0.7855798183561393,false,0.745479540867539,true
PIGN_Ala304Val,0.7461343541567786,false,false,0.827233489132466,false,0.7490291704369978,false,0.8689814199817574,false,0.7482457427734043,true
TGFBR1_Asn102His,0.7423989444389602,false,false,0.8035843918107479,false,0.7654258548909532,false,0.8136148753442053,false,0.736039505407466,true
THRA_Gly291Ser,0.7359469938333896,false,false,0.8557110732236939,false,0.8320847385921035,false,0.8756016569392415,false,0.7966341764635,true
PIGN_Met328Ile,0.7356842430578044,false,false,0.8805420433961955,false,0.7021040529196325,false,0.8910721463045062,false,0.7412432243849467,true
EFEMP1_Gln211Lys,0.7303982910079833,false,false,0.5981108346631471,false,0.48570278843563397,false,0.5767312899502739,false,0.7118213977422971,true
SUCLA2_Gly326Val,0.7302818061093996,false,false,0.6807633458143347,false,0.7079864196539987,false,0.7063206298266886,false,0.7279174325982627,true
PNKP_Arg180Ser,0.7276115995296542,false,false,0.7796878312642492,false,0.7366063815225126,false,0.8315957581928002,false,0.716331195821567,true
WT1_Ser87Phe,0.7251527819501995,false,false,0.6970224244464032,false,0.7265241806631296,false,0.7268753070049139,false,0.65569931696441,true
KCNJ2_Asp17Asn,0.723465561071625,false,false,0.8672242413144688,false,0.8044583409542387,false,0.8768531492172373,false,0.7173957215122154,true
WT1_Ser111Phe,0.7175116981960861,false,false,0.6224366446593871,false,0.6258024338462173,false,0.6226211985816282,false,0.8360736633060195,true
PIGN_Glu240Val,0.715770076659197,false,false,0.8201521685262432,false,0.7810818068348309,false,0.8544481361653558,false,0.7288529812764046,true
PIGN_Ile804Met,0.7116377944623997,false,false,0.725830486299316,false,0.747402256645199,false,0.7789176506827558,false,0.7094200699956724,true
PIGN_Tyr438Cys,0.7092594727604657,false,false,0.8038679151676841,false,0.7281178014452294,false,0.8010498638742287,false,0.7106030466383251,true
PLD3_Arg488Cys,0.7078966798120603,false,false,0.7505296414648747,false,0.7627629177264419,false,0.8033873989429143,false,0.6910127793724252,true
PIGN_Val373Leu,0.7067113806655005,false,false,0.6789367478563003,false,0.6881525817219003,false,0.7195922400818797,false,0.7238282467835964,true
CSNK2A1_Arg80His,0.7037617185124906,false,false,0.579009362971262,false,0.6279174013955489,false,0.6456176280999104,false,0.6729139318782585,true
PIGN_Val879Ala,0.7007799035277037,false,false,0.5939515877271356,false,0.6534617732560238,false,0.6115044834749127,false,0.6953143368508079,false
PIGN_His466Tyr,0.6996763354675706,false,false,0.6036162189422117,false,0.7256657395646708,false,0.6502627989995453,false,0.7290405586745056,true
NANS_Ile212Thr,0.6966935864378472,false,false,0.8067766820616691,false,0.7718821949523117,false,0.8440208402646348,false,0.6383599546979122,true
PIGN_Ser535Pro,0.6943593952734732,false,false,0.7923100455112226,false,0.7727415519940197,false,0.8290302006993285,false,0.6972074114649103,true
PIGN_Thr281Ser,0.6905887349182378,false,false,0.7975453532001607,false,0.7206865252988328,false,0.812083228044518,false,0.6719105371182558,true
FARS2_Leu172Pro,0.6889755445272354,false,false,0.6426384500201536,false,0.5884981075728191,false,0.6675277054744464,false,0.6165592508232836,true
PIGN_Phe145Leu,0.6767225587307857,false,false,0.7705541798010801,false,0.7091799499287571,false,0.7838585184222364,false,0.6942567021404085,true
PIGN_Val791Phe,0.664636893785314,false,false,0.5945071750566733,false,0.6838237828560029,false,0.6272145698804625,false,0.6583059358136578,true
PIGN_Asn67Ser,0.6610122860921281,false,false,0.636518213567967,false,0.6581531046368856,false,0.6462517179364413,false,0.6590290728827592,true
TPK1_Ile75Asn,0.6591400382926477,false,false,0.666419082310102,false,0.7033384729223635,false,0.7476929444238053,false,0.6390964284067865,false
TPK1_Asn219Ser,0.6561570144266025,false,false,0.6243201373387142,false,0.5807989797841782,false,0.6484810756266428,false,0.6195064734621039,true
CALM2_Asp132Glu,0.6534897250093282,false,false,0.6328062877713285,false,0.579121329085913,false,0.6367475057599612,false,0.6665124082081212,true
WT1_Cys186Tyr,0.6532870907024297,false,false,0.5064753270195622,false,0.5258575468295039,false,0.5128710032092092,false,0.6137915514015864,true
WT1_Gln210His,0.6528651493470621,false,false,0.45395591250621026,false,0.4953051423160036,false,0.4502860607588792,false,0.619729471678695,true
CYB561_Ala230Val,0.6429737200394903,false,false,0.5509070096259491,false,0.5711029791972563,false,0.5889811730054672,false,0.6478845238560724,true
PIGN_Ile686Val,0.6428490054040861,false,false,0.8997989832871732,false,0.8593577406204558,false,0.9051052423164928,false,0.6337448138921076,true
PIGN_Tyr227His,0.6407975730038791,false,false,0.8017141279493192,false,0.6194593658961468,false,0.8388961405814717,false,0.6251072016785679,true
HMGCS2_Phe149Tyr,0.6238208491621877,false,false,0.6002432438001374,false,0.6376700419496968,false,0.6417486895654154,false,0.6305857473714291,true
CSNK2A1_Glu52Lys,0.6154297559709071,false,false,0.6885076429732424,false,0.6714791569732494,false,0.7227672464028925,false,0.6164953384304751,true
PIGN_Ile258Val,0.6121290136539433,false,false,0.6725749307015464,false,0.6576785102878037,false,0.7299551534457641,false,0.6463436041782082,true
CALM3_Asp130Gly,0.6104618418160992,false,false,0.5241245645385118,false,0.6039086622489535,false,0.5454271666379493,false,0.5796822386812281,true
TPK1_Leu142Phe,0.6073248231411437,false,false,0.5859932152881369,false,0.593264126620868,false,0.6253004203757433,false,0.586528792783185,true
CALM3_Asp130Glu,0.5871610324749399,false,false,0.5085361678017563,false,0.4866538669755396,false,0.5109978943814181,false,0.5727575715120615,true
TPK1_Arg33His,0.5816292817289175,false,false,0.6354783270811646,false,0.6034131396352114,false,0.6448856469465674,false,0.5518547794354367,false
LARGE_Pro212Arg,0.563697819482696,false,false,0.6394179369076277,false,0.6236859487565316,false,0.6561011274370884,false,0.5428071588112167,true
TPK1_Leu128Phe,0.5499471995170317,false,false,0.601664246246925,false,0.6048937064719941,false,0.652295347578918,false,0.5415519058663932,true
