allele_0,Altered_GFP_A_95_BioRep1,Altered_GFP_A_95_BioRep2,Altered_GFP_A_95_both_batches,Altered_GFP_A_99_BioRep1,Altered_GFP_A_99_BioRep2,Altered_GFP_A_99_both_batches,AUROC_BioRep1,AUROC_BioRep2,AUROC_Mean
PLP1_Trp128Arg,1,,true,0,,false,0.949374897131202,,0.949374897131202
MVK_Arg106His,0,0,false,0,0,false,0.6972477513799642,0.6261252705677279,0.6616865109738461
AGXT_Arg197Gln,0,0,false,0,0,false,0.6347312311056195,0.7054158938350116,0.6700735624703156
MVK_Ile268Val,0,0,false,0,0,false,0.7151261630500813,0.659262795805087,0.6871944794275842
NCF2_Asn448Asp,0,0,false,0,0,false,0.6911038099774802,0.47584533684200586,0.5834745734097431
ALAS2_Arg374Cys,0,,false,0,,false,0.7527751793565797,,0.7527751793565797
MYOZ2_Ile246Met,0,0,false,0,0,false,0.5665378620962177,0.5893010497811293,0.5779194559386736
GAMT_Asp219Asn,0,0,false,0,0,false,0.7018065328861129,0.46555483318187496,0.583680683033994
DIABLO_Ile59Val,0,,false,0,,false,0.7078187650833571,,0.7078187650833571
TTPA_Gly246Arg,1,,true,1,,true,0.9757184567771496,,0.9757184567771496
DES_Tyr331Asn,0,0,false,0,0,false,0.8635303532635477,0.8075199284525751,0.8355251408580614
PMP22_Leu80Pro,1,1,true,1,1,true,0.9983085222677304,0.9991679991679993,0.9987382607178648
PSAP_Met76Lys,0,0,false,0,0,false,0.51210105847701,0.49870735201471844,0.5054042052458643
PMP22_His51Arg,0,0,false,0,0,false,0.6240941681926867,0.4720815567874392,0.5480878624900629
MVK_Val250Ile,0,0,false,0,0,false,0.7137810239198095,0.6181154517326035,0.6659482378262065
PYGL_Asp629Tyr,0,0,false,0,0,false,0.6535958219042048,0.5000018401614147,0.5767988310328098
DES_Leu136Pro,0,0,false,0,0,false,0.9232882227917829,0.9040465435890215,0.9136673831904022
KRT8_Tyr54His,1,,true,1,,true,0.988914629211685,,0.988914629211685
SNIP1_Arg116Gln,0,0,false,0,0,false,0.6809036303131252,0.47662891829558496,0.5787662743043551
HPRT1_Gly70Glu,0,0,false,0,0,false,0.9183214900839065,0.9097899072159572,0.9140556986499319
DCX_Thr203Arg,0,0,false,0,0,false,0.9162286864737862,0.7975430189549352,0.8568858527143607
KCTD1_Ala30Glu,1,0,false,1,0,false,0.9793738722870278,0.6158362580177151,0.7976050651523714
SFTPC_Val39Leu,0,0,false,0,0,false,0.6607503804766708,0.5748635341762448,0.6178069573264577
DOLK_Tyr441Ser,0,0,false,0,0,false,0.4538111954749997,0.5985930735930736,0.5262021345340366
ALAS2_Asp153Val,0,,false,0,,false,0.5789263386071692,,0.5789263386071692
EIF2B4_Arg306Gly,0,0,false,0,0,false,0.5349500060402197,0.627033580205889,0.5809917931230544
TH_Gln381Lys,0,0,false,0,0,false,0.6269855375981251,0.7556536797515243,0.6913196086748248
DCX_Arg102Cys,1,1,true,0,0,false,0.9583467681758766,0.9543772988993577,0.9563620335376172
LIG4_Thr9Ile,0,,false,0,,false,0.930661094224924,,0.930661094224924
NMNAT1_Leu153Val,0,0,false,0,0,false,0.5882271230756283,0.4680569422099528,0.5281420326427906
KRT6A_Leu468Pro,0,0,false,0,0,false,0.9399472872153325,0.89816147235111,0.9190543797832212
AGXT_Arg111Gln,0,0,false,0,0,false,0.7008252374688908,0.7509441635201938,0.7258847004945423
PMP22_Arg157Trp,0,0,false,0,0,false,0.7891939633635041,0.5896907362545512,0.6894423498090276
PYGL_Lys681Thr,1,0,false,0,0,false,0.9608119975884721,0.7199599858387401,0.8403859917136061
KCTD1_His74Pro,1,0,false,0,0,false,0.9699158040806837,0.5948788662689344,0.782397335174809
SFTPC_Glu66Lys,0,0,false,0,0,false,0.9072921656922169,0.6289801883734633,0.7681361770328401
MIP_Val107Ile,0,0,false,0,0,false,0.6179198974037735,0.6019212701917128,0.6099205837977432
AGXT_Gly116Arg,1,1,true,0,0,false,0.9555840299707545,0.9313810558120079,0.9434825428913812
AGXT_Ala248Val,0,0,false,0,0,false,0.5695809992653085,0.549018594834832,0.5592997970500702
DES_Pro419Ser,0,,false,0,,false,0.7856527211607266,,0.7856527211607266
PLP1_Asp168His,0,1,false,0,0,false,0.9335088979508714,0.954037342933581,0.9437731204422262
KLHL3_Met78Val,0,0,false,0,0,false,0.6813146788350111,0.7353336635414348,0.7083241711882229
HPRT1_Leu41Pro,1,,true,1,,true,0.9932502321846128,,0.9932502321846128
KCTD1_Val248Ile,0,0,false,0,0,false,0.9361069027373375,0.5898136346666487,0.7629602687019932
POMT1_Ala200Pro,0,0,false,0,0,false,0.6849815555445461,0.815776301887413,0.7503789287159796
GCK_Gly44Asp,0,,false,0,,false,0.6987117447297083,,0.6987117447297083
HPRT1_Asp80Val,1,0,false,0,0,false,0.9447973266200099,0.8245964107047851,0.8846968686623975
KRT4_Glu449Lys,1,1,true,0,0,false,0.9583102608327281,0.9546558244115986,0.9564830426221633
RAD51D_Arg165Gln,0,,false,0,,false,0.5610185932762937,,0.5610185932762937
POMT1_Ala647Thr,0,0,false,0,0,false,0.5993120455035283,0.5750264367205896,0.587169241112059
HBD_Leu76Val,0,0,false,0,0,false,0.5606034282331502,0.48716244995314756,0.5238829390931489
FADD_Cys105Trp,1,1,true,0,0,false,0.9730590110984497,0.9618111774814693,0.9674350942899594
AGXT_Pro11His,0,0,false,0,0,false,0.6683142234800902,0.8275733211288366,0.7479437723044634
AGXT_Ala295Thr,0,0,false,0,0,false,0.6725753457272892,0.6168202349544021,0.6446977903408456
AGXT_Pro319Leu,0,,false,0,,false,0.6997655783696575,,0.6997655783696575
DES_Arg212Gln,0,,false,0,,false,0.7274619172838179,,0.7274619172838179
IER3IP1_Leu78Pro,0,0,false,0,0,false,0.8544898539758715,0.8389355245605246,0.846712689268198
DCX_Ala251Ser,0,0,false,0,0,false,0.8897613078693857,0.8395846471982861,0.8646729775338359
DES_Arg127Pro,1,1,true,0,0,false,0.9515361807454786,0.932607428803081,0.9420718047742798
DES_Ala237Thr,0,,false,0,,false,0.7177241105931023,,0.7177241105931023
DES_Val126Leu,1,1,true,0,0,false,0.953929156295191,0.9292437985361216,0.9415864774156564
GYG1_Ala16Thr,0,0,false,0,0,false,0.8205670665428115,0.5406217237433344,0.680594395143073
MVK_Pro167Leu,0,0,false,0,0,false,0.6615151243493688,0.6679784745439394,0.664746799446654
NCF2_Asp108Val,0,,false,0,,false,0.7636043918667869,,0.7636043918667869
KRT6A_Leu468Gln,0,,false,0,,false,0.927851282315568,,0.927851282315568
HBD_Arg105Ser,0,0,false,0,0,false,0.9046170146928224,0.5138542948745155,0.7092356547836689
POMT1_Asn144Asp,0,,false,0,,false,0.6816286379104176,,0.6816286379104176
MVK_Pro165Leu,0,0,false,0,0,false,0.7117096398179679,0.5312639332218675,0.6214867865199176
NMNAT1_Ser255Asn,0,0,false,0,0,false,0.6549979225554977,0.3787541743551653,0.5168760484553315
GCK_Met381Arg,0,,false,0,,false,0.7178810653042593,,0.7178810653042593
MVK_Arg388Gln,0,0,false,0,0,false,0.672112422279436,0.6234515675284217,0.6477819949039288
KRT6A_Ile462Asn,0,,false,0,,false,0.8785393590324683,,0.8785393590324683
KCTD1_His33Pro,1,0,false,0,0,false,0.9701861305540146,0.5618435629299585,0.7660148467419865
DCX_Arg89Gly,0,0,false,0,0,false,0.8043542325814801,0.7687955108819299,0.7865748717317049
PLP1_Thr43Ile,1,1,true,1,1,true,0.9938328480858276,0.9938356164383562,0.9938342322620919
PLP1_Cys193Tyr,1,,true,1,,true,0.9931750410581056,,0.9931750410581056
PYGL_Tyr821His,1,0,false,0,0,false,0.9418609077039095,0.6339096749811035,0.7878852913425065
GALE_Val94Met,0,,false,0,,false,0.7407863809557452,,0.7407863809557452
GLYCTK_His490Tyr,0,,false,0,,false,0.6824708542032298,,0.6824708542032298
THAP1_Lys89Arg,0,0,false,0,0,false,0.8613419881045242,0.4785451062624976,0.6699435471835109
AGXT_Gly41Arg,0,0,false,0,0,false,0.8645742245914648,0.8292590130348751,0.84691661881317
STAR_Arg188Cys,0,0,false,0,0,false,0.8927935951675623,0.6298853663045392,0.7613394807360507
PLP1_Ser135Phe,0,0,false,0,0,false,0.8906704252991757,0.8898030320103105,0.8902367286547431
COMP_Asp511Glu,0,,false,0,,false,0.8677730395769213,,0.8677730395769213
MVK_Thr209Ala,0,0,false,0,0,false,0.7720442502141291,0.6056230119953584,0.6888336311047438
ALAS2_Lys262Gln,0,,false,0,,false,0.6438056607180039,,0.6438056607180039
RP2_Arg282Trp,0,0,false,0,0,false,0.5541522168292657,0.5160843636361364,0.5351182902327011
AGXT_Ser218Leu,1,0,false,0,0,false,0.9508344240664494,0.9166354057967434,0.9337349149315963
FBP1_Met289Leu,0,0,false,0,0,false,0.6664782977809018,0.625204615061739,0.6458414564213204
FXN_Gly130Val,0,,false,0,,false,0.7761173490529283,,0.7761173490529283
KRT8_Gly55Ala,1,,true,1,,true,0.9911940798695984,,0.9911940798695984
DES_Gln131Lys,0,0,false,0,0,false,0.7254683679495141,0.5627713954649439,0.644119881707229
HPRT1_Gly58Arg,0,0,false,0,0,false,0.7606721561854852,0.4886033651553648,0.624637760670425
DES_Leu338Arg,0,0,false,0,0,false,0.7260748454074,0.7641573750650736,0.7451161102362368
AGXT_Ile340Met,0,0,false,0,0,false,0.7819224296672077,0.5875121349668387,0.6847172823170232
POMT1_Thr392Met,0,0,false,0,0,false,0.4348372013832741,0.5861576809784695,0.5104974411808718
GSS_Pro314Leu,0,0,false,0,0,false,0.7552643568368602,0.4943628971322733,0.6248136269845668
GYG1_Arg33Lys,0,0,false,0,0,false,0.6788185676131532,0.5806429173566612,0.6297307424849072
PLP1_Pro181Ser,0,0,false,0,0,false,0.8825549316447829,0.9116844550410595,0.8971196933429213
GCK_Gly385Arg,0,,false,0,,false,0.7780254375397064,,0.7780254375397064
KRT8_Arg454Cys,1,1,true,1,0,false,0.9922173580710166,0.974521866310812,0.9833696121909143
SFTPB_Ala280Thr,0,0,false,0,0,false,0.5767741579085632,0.5855463923552521,0.5811602751319076
AGXT_Phe152Ile,0,0,false,0,0,false,0.7287652621319692,0.6884188419015519,0.7085920520167606
DCX_Arg186His,0,0,false,0,0,false,0.7626124548603666,0.6516439909297052,0.7071282228950359
PYGL_Val456Met,0,0,false,0,0,false,0.7523442672594619,0.5535163300702589,0.6529302986648604
AGXT_Ile202Asn,1,0,false,0,0,false,0.9703764564757449,0.9056368698505795,0.9380066631631622
KRT2_Asn186Tyr,0,0,false,0,0,false,0.6735024102028537,0.5961537715118292,0.6348280908573415
MVK_Leu255Pro,1,1,true,0,0,false,0.9696645515193902,0.9356877402245246,0.9526761458719575
FA2H_Phe144Ser,0,0,false,0,0,false,0.7763798221065248,0.7036618510846296,0.7400208365955772
DES_Arg278Pro,0,,false,0,,false,0.857596286650871,,0.857596286650871
RP2_Arg118Leu,1,1,true,1,1,true,0.9996106727574752,0.9923681294163221,0.9959894010868986
AMPD2_Glu697Asp,0,,false,0,,false,0.7618713984444769,,0.7618713984444769
NCF2_Asp93Glu,0,,false,0,,false,0.5545864705747219,,0.5545864705747219
POLR1C_Arg279Gln,0,0,false,0,0,false,0.8012389254574367,0.7818099978834129,0.7915244616704248
KRT6A_Asn171Asp,0,,false,0,,false,0.9161919218439967,,0.9161919218439967
AGXT_Gly82Arg,0,0,false,0,0,false,0.8767070868936143,0.7733451639726348,0.8250261254331246
IL2RG_Trp237Arg,1,1,true,1,1,true,0.9784259949400715,0.9876684992811737,0.9830472471106226
AGXT_Pro11Leu,0,0,false,0,0,false,0.6931446457265927,0.5536823737137628,0.6234135097201778
SFTPC_Ile73Thr,1,,true,1,,true,0.9947733925166242,,0.9947733925166242
TH_Ala226Thr,0,,false,0,,false,0.644304339184504,,0.644304339184504
PRKAR1A_Arg74His,0,0,false,0,0,false,0.6183310169876919,0.5253303755947728,0.5718306962912323
DES_Gly20Arg,0,0,false,0,0,false,0.6532129675992728,0.41244467400180246,0.5328288208005376
AGXT_Asp201Asn,0,1,false,0,0,false,0.9174824970997909,0.9289845105937061,0.9232335038467485
DES_Pro433Thr,0,,false,0,,false,0.7823966967518381,,0.7823966967518381
DES_Met349Ile,0,,false,0,,false,0.6157519921766801,,0.6157519921766801
FTH1_Lys54Arg,0,0,false,0,0,false,0.8111448869661954,0.4231366065906883,0.6171407467784418
MVK_Asn205Asp,0,0,false,0,0,false,0.7014859844041408,0.5874542878618966,0.6444701361330187
PYGL_Asn339Ser,0,0,false,0,0,false,0.5974493173294197,0.518755171718436,0.5581022445239279
KRT6A_Leu170Phe,0,0,false,0,0,false,0.9294736966611766,0.8319959883765493,0.880734842518863
GATA2_Cys373Arg,0,0,false,0,0,false,0.9288743326266986,0.7974255682589017,0.8631499504428002
KCTD7_Asp115Tyr,0,0,false,0,0,false,0.9231112735284672,0.8849976982831276,0.9040544859057974
TH_Thr7Pro,0,,false,0,,false,0.5300460596600239,,0.5300460596600239
MVK_Cys101Tyr,0,0,false,0,0,false,0.6029137969626164,0.49251952922839,0.5477166630955032
TTPA_Ala120Thr,0,0,false,0,0,false,0.7303746141636442,0.5778028777775179,0.6540887459705811
GALE_Lys257Arg,0,0,false,0,0,false,0.6373293641067855,0.778991153904947,0.7081602590058662
DES_Leu274Pro,0,,false,0,,false,0.9282544869750156,,0.9282544869750156
AGXT_Gly161Ser,0,0,false,0,0,false,0.5414133271369868,0.7431444297864568,0.6422788784617217
AGXT_Met49Leu,0,0,false,0,0,false,0.6030015475527412,0.5471330489395524,0.5750672982461468
SFTPC_Leu194Pro,1,0,false,0,0,false,0.9594624010681183,0.9170449352823087,0.9382536681752135
NCF2_Gly44Arg,0,,false,0,,false,0.79856736318036,,0.79856736318036
SFTPC_Ala116Asp,0,0,false,0,0,false,0.927132047838168,0.8785109837318673,0.9028215157850177
MVK_Pro200Ser,0,0,false,0,0,false,0.6442183924739651,0.5843189940193039,0.6142686932466345
PLP1_Leu189Pro,1,,true,1,,true,0.9939594686431374,,0.9939594686431374
MVK_Asp386Asn,0,0,false,0,0,false,0.6239942469721025,0.5687834506783404,0.5963888488252214
TPK1_Asn50His,0,0,false,0,0,false,0.7776356448013054,0.4372673548694913,0.6074514998353984
THAP1_Val193Ile,0,,false,0,,false,0.8537742764624608,,0.8537742764624608
DCX_Pro191Arg,1,1,true,0,0,false,0.9676606183268988,0.9577287184910181,0.9626946684089585
HBD_Pro37His,0,0,false,0,0,false,0.5285664931012178,0.5451370664909255,0.5368517797960717
PLP1_Gly186Cys,1,1,true,0,0,false,0.9721371585841694,0.9780680899728519,0.9751026242785106
KCTD1_His33Gln,0,0,false,0,0,false,0.768547914289528,0.8729646475615551,0.8207562809255415
KRT6A_Glu472Lys,0,0,false,0,0,false,0.9317942148811014,0.8296269288031957,0.8807105718421485
DES_Ala213Val,0,0,false,0,0,false,0.7917937981137194,0.5173495047342161,0.6545716514239678
DES_Tyr122Asp,1,1,true,0,0,false,0.9586490115830925,0.924501776995383,0.9415753942892378
HPRT1_Ile132Met,0,0,false,0,0,false,0.7228659267944618,0.5286776602824161,0.625771793538439
KRT2_Glu488Lys,0,0,false,0,0,false,0.6539534923989893,0.6303802539695154,0.6421668731842523
TTPA_Arg192His,0,0,false,0,0,false,0.8563828865529496,0.687010950980805,0.7716969187668773
KCTD7_Arg94Trp,1,1,true,1,0,false,0.9811374989928067,0.9689043362215712,0.9750209176071889
DCX_Arg59His,0,,false,0,,false,0.928786906335122,,0.928786906335122
KRT6A_Gln166Pro,0,,false,0,,false,0.8703348870749181,,0.8703348870749181
HBD_His147Arg,0,0,false,0,0,false,0.5689677635496911,0.5371072230697517,0.5530374933097214
TH_Ile209Met,0,0,false,0,0,false,0.550940833227095,0.6295218967079432,0.590231364967519
PDGFRB_Pro660Thr,0,0,false,0,0,false,0.9168360473982552,0.875738035113035,0.8962870412556452
TH_Val136Met,0,0,false,0,0,false,0.5546079184362669,0.5302152004499565,0.5424115594431117
NCF2_Ala140Asp,0,,false,0,,false,0.81077157471713,,0.81077157471713
NEXN_Arg171Cys,0,0,false,0,0,false,0.629429549524309,0.6282526407526409,0.6288410951384749
PNPO_Arg95Cys,1,1,true,0,0,false,0.9646269826050429,0.9319736826499624,0.9483003326275026
KLHL3_Cys164Phe,0,0,false,0,0,false,0.8771961149323543,0.8502436530184375,0.8637198839753959
MVK_Val5Ala,0,0,false,0,0,false,0.5772063163605095,0.53848923559179,0.5578477759761498
PYGL_Asp634His,0,,false,0,,false,0.938246408416389,,0.938246408416389
AGXT_Asp129His,0,0,false,0,0,false,0.5972711299338682,0.7237161719564243,0.6604936509451462
TH_Asp267His,0,0,false,0,0,false,0.6984456980960282,0.7627529913382627,0.7305993447171455
HPRT1_Asp194Asn,0,0,false,0,0,false,0.770119963078947,0.5241938361809033,0.6471568996299252
PYGL_Asn632Ile,1,,true,0,,false,0.9558538395520453,,0.9558538395520453
GATA2_Pro41Ala,0,0,false,0,0,false,0.6384290360612732,0.4493574504048587,0.543893243233066
NMNAT1_Arg207Trp,0,0,false,0,0,false,0.5877140333591748,0.5738051366369242,0.5807595849980496
KRT2_Gly219Asp,0,0,false,0,0,false,0.526881979754533,0.529899055531255,0.528390517642894
MIP_Val67Ile,0,0,false,0,0,false,0.6466603892637729,0.4971500246280423,0.5719052069459076
DES_Arg227Cys,0,,false,0,,false,0.8422397176651721,,0.8422397176651721
RP2_Arg118His,0,0,false,0,0,false,0.5637344723034103,0.5290332622184403,0.5463838672609254
DES_Arg350Pro,0,,false,0,,false,0.8780626420978892,,0.8780626420978892
DES_His243Tyr,0,,false,0,,false,0.7801327018763994,,0.7801327018763994
RAB33B_Lys46Gln,1,1,true,1,0,false,0.9895703423899479,0.9654141636338952,0.9774922530119216
POLR1C_Arg279Trp,0,0,false,0,0,false,0.8230659497112052,0.9065330995482576,0.8647995246297313
MVK_His20Gln,0,0,false,0,0,false,0.5972184333885722,0.5331272876599051,0.5651728605242387
NMNAT1_Asn273Asp,0,0,false,0,0,false,0.5539985174667457,0.48809313102059865,0.5210458242436722
PLP1_Ile152Thr,1,1,true,0,0,false,0.9530139881748793,0.9791546903155474,0.9660843392452133
NCF2_Val297Ala,0,0,false,0,0,false,0.7087684711565785,0.5963336734032646,0.6525510722799215
AGXT_Gly41Glu,0,0,false,0,0,false,0.8938365931080309,0.8238937560293936,0.8588651745687123
HPRT1_Asp177Tyr,0,1,false,0,0,false,0.9406910570893039,0.9626251929115002,0.951658125000402
AGXT_Lys12Arg,0,0,false,0,0,false,0.6324681451717646,0.5497567238540115,0.5911124345128881
KRT2_Thr479Pro,0,0,false,0,0,false,0.7615457259728884,0.7405923298756323,0.7510690279242603
MVK_His20Pro,0,0,false,0,0,false,0.6402165899367169,0.6959348950089691,0.668075742472843
MVK_Ile119Met,0,0,false,0,0,false,0.6179451301600434,0.6423321411898093,0.6301386356749263
PYGL_Thr59Met,0,0,false,0,0,false,0.4874436553150816,0.5785393109306153,0.5329914831228484
KCTD7_Arg184Cys,0,0,false,0,0,false,0.8876621067786266,0.5823439751853696,0.7350030409819981
DES_Ala135Val,0,0,false,0,0,false,0.7498559418211345,0.5762110965147018,0.6630335191679182
AIPL1_Met79Thr,1,,true,1,,true,0.9942942768897131,,0.9942942768897131
GCK_Ala387Glu,0,,false,0,,false,0.6855482342072974,,0.6855482342072974
NCF2_Asn419Ile,0,0,false,0,0,false,0.5381636916313144,0.569253182395475,0.5537084370133947
AGXT_Asn22Ser,0,0,false,0,0,false,0.8664659762129172,0.5502332364470388,0.708349606329978
GALE_Leu313Met,0,0,false,0,0,false,0.9393320702055642,0.6796343243510732,0.8094831972783187
FA2H_Arg62Cys,0,0,false,0,0,false,0.8187984870722735,0.7715274380791624,0.795162962575718
MVK_Val80Ile,0,0,false,0,0,false,0.6125818599727577,0.45891562238930655,0.5357487411810321
HPRT1_Gly71Arg,0,0,false,0,0,false,0.597252828665203,0.45655668134734406,0.5269047550062735
NFU1_Gly208Cys,0,0,false,0,0,false,0.6379937999550929,0.4396719872507438,0.5388328936029183
COMP_Thr585Arg,0,,false,0,,false,0.8370773756777453,,0.8370773756777453
STAR_Val187Met,0,0,false,0,0,false,0.9082238645870413,0.7378117806106936,0.8230178225988675
AIPL1_Arg302Leu,0,,false,0,,false,0.9230933742444287,,0.9230933742444287
KRT6A_Thr552Ser,0,0,false,0,0,false,0.5689122844597614,0.5769643919299092,0.5729383381948353
MVK_Pro288Leu,0,,false,0,,false,0.7108463289961839,,0.7108463289961839
BCL10_Leu8Leu,0,,false,0,,false,0.6913430062554153,,0.6913430062554153
KRT8_Gly53Val,1,1,true,1,0,false,0.9919145658263305,0.9510399887281997,0.9714772772772651
GCM2_Arg47Leu,0,,false,0,,false,0.9061092724889461,,0.9061092724889461
TH_Pro2Leu,0,0,false,0,0,false,0.6609516268545725,0.680775452149958,0.6708635395022653
NEXN_Tyr544Cys,0,0,false,0,0,false,0.7812849669501496,0.6530796861240273,0.7171823265370885
AGXT_Ser221Pro,0,0,false,0,0,false,0.9349881927424514,0.8148248553538876,0.8749065240481695
GSS_Arg283Cys,0,0,false,0,0,false,0.9184818512436745,0.7610881925714583,0.8397850219075664
SFTPC_Val48Met,0,0,false,0,0,false,0.6297481613962397,0.6479801887903908,0.6388641750933153
HPRT1_Ala161Ser,0,0,false,0,0,false,0.8671624312064177,0.5674808243035399,0.7173216277549788
TH_Arg306His,0,0,false,0,0,false,0.7276007568320093,0.7748885278503025,0.7512446423411558
GCK_Met251Thr,0,,false,0,,false,0.767317335425266,,0.767317335425266
PYGL_Ser675Thr,0,0,false,0,0,false,0.566114652125777,0.5281517968592798,0.5471332244925284
SUCLA2_Pro230Ser,0,0,false,0,0,false,0.6714069821020284,0.5365684283333547,0.6039877052176916
TH_Val468Met,0,0,false,0,0,false,0.739326238909555,0.572608078983853,0.655967158946704
SNIP1_Ala174Val,0,0,false,0,0,false,0.4987070973457082,0.4588044001087479,0.47875574872722804
COMP_Cys348Arg,1,,true,0,,false,0.9420488948364445,,0.9420488948364445
SFTPC_Leu188Gln,1,1,true,0,0,false,0.9657227906862079,0.9716504329004328,0.9686866117933204
KLHL3_Glu85Ala,0,0,false,0,0,false,0.7477035349717529,0.7947596999723218,0.7712316174720373
UBQLN2_Pro497Ser,0,0,false,0,0,false,0.6961055722047491,0.7006077707611851,0.6983566714829671
FGD4_Arg194His,0,0,false,0,0,false,0.5508516668146812,0.6165075264484827,0.583679596631582
MYOZ2_Gln10Pro,0,0,false,0,0,false,0.4902923361995551,0.5427239139545424,0.5165081250770488
GRN_Ser120Tyr,0,0,false,0,0,false,0.7594293403434494,0.6111679343861933,0.6852986373648213
AGXT_Ala280Val,0,,false,0,,false,0.7770118065987511,,0.7770118065987511
KCTD7_Asn273Ile,1,1,true,1,0,false,0.9810400798133042,0.9505383388551676,0.965789209334236
PMP22_Arg157Gly,0,0,false,0,0,false,0.7569197882208155,0.6248677248677249,0.6908937565442702
POMT1_Ser515Arg,0,0,false,0,0,false,0.5305187198971634,0.5992144683960542,0.5648665941466088
KLHL3_Ala77Glu,0,0,false,0,0,false,0.7108597263751883,0.6570586227233431,0.6839591745492657
HPRT1_Asp194Glu,0,0,false,0,0,false,0.8194034793425481,0.601783128425283,0.7105933038839156
GALE_Arg239Trp,0,0,false,0,0,false,0.8082219281424791,0.6814837066829083,0.7448528174126936
GRN_Ala324Thr,0,,false,0,,false,0.7715436131341529,,0.7715436131341529
GCK_Gly175Arg,0,,false,0,,false,0.7969098500189864,,0.7969098500189864
IRAK4_Ala428Thr,0,0,false,0,0,false,0.6494128272866679,0.5758157367430061,0.612614282014837
KRT6A_Ser176Pro,0,0,false,0,0,false,0.9306769552261589,0.8555347103175821,0.8931058327718705
HPRT1_His204Asp,1,1,true,1,0,false,0.992109219062584,0.9858931194012697,0.9890011692319268
THAP1_Gly9Cys,0,0,false,0,0,false,0.8092434673093288,0.6101859079380783,0.7097146876237035
DES_Ala397Thr,0,,false,0,,false,0.7419346011590864,,0.7419346011590864
AGXT_Ile279Thr,,0,false,,0,false,,0.7501264846244932,0.7501264846244932
MVK_Val278Met,0,0,false,0,0,false,0.5799929380836125,0.5974465251659961,0.5887197316248043
PMP22_Ala135Thr,0,0,false,0,0,false,0.5871932527412431,0.4715776936125881,0.5293854731769156
TH_Arg133His,0,0,false,0,0,false,0.5200413630135948,0.5676423836580087,0.5438418733358017
MYOZ2_Ser48Pro,0,0,false,0,0,false,0.6429992928913155,0.5728809936371678,0.6079401432642417
KRT6A_Ile178Asn,1,1,true,0,0,false,0.9584037880993591,0.9240950423563503,0.9412494152278548
PYGL_Pro382Leu,0,,false,0,,false,0.8734680969107348,,0.8734680969107348
TH_Ile219Thr,0,0,false,0,0,false,0.7304525218213841,0.7549202661192735,0.7426863939703288
HPRT1_Pro176Leu,0,0,false,0,0,false,0.7513558770565483,0.6662966207871462,0.7088262489218473
DES_Asp312Ala,0,0,false,0,0,false,0.6564149235370959,0.483265306122449,0.5698401148297725
PYGL_Glu673Lys,0,0,false,0,0,false,0.7208388263154527,0.5308047663827842,0.6258217963491184
TH_Thr283Met,0,,false,0,,false,0.6711182023369117,,0.6711182023369117
DCX_Ala71Ser,0,0,false,0,0,false,0.8514585358591226,0.78958294555055,0.8205207407048363
GMPPB_Pro32Leu,1,0,false,0,0,false,0.9517937898655136,0.6918975447388171,0.8218456673021654
DCX_Arg78His,0,0,false,0,0,false,0.841354348341143,0.7940388411078066,0.8176965947244748
AGXT_Arg118Cys,0,0,false,0,0,false,0.8244144318555495,0.6831034590068048,0.7537589454311772
IL2RG_Arg285Gln,0,0,false,0,0,false,0.5707991925027827,0.6139547023647078,0.5923769474337452
DES_Thr453Ile,0,,false,0,,false,0.7952321367158661,,0.7952321367158661
AGXT_Ala186Val,0,0,false,0,0,false,0.7378962261925892,0.6527938711698119,0.6953450486812005
HBD_Asp100Asn,0,,false,0,,false,0.883643086808558,,0.883643086808558
HPRT1_Met143Lys,0,0,false,0,0,false,0.9334516514505417,0.7747201899747277,0.8540859207126347
DES_Gln389Pro,0,0,false,0,0,false,0.8721916213713385,0.7897731867883022,0.8309824040798204
FXN_Trp173Gly,0,,false,0,,false,0.9144995326367875,,0.9144995326367875
AGXT_Ser187Phe,0,0,false,0,0,false,0.9360557013629196,0.8441889328561171,0.8901223171095183
AGXT_Ala248Ser,0,,false,0,,false,0.6950009884948606,,0.6950009884948606
DES_Glu413Lys,0,,false,0,,false,0.9386005944107679,,0.9386005944107679
GAMT_Ala196Val,0,0,false,0,0,false,0.57616301247117,0.5206789109111134,0.5484209616911417
FA2H_Arg143Cys,0,0,false,0,0,false,0.783253669169814,0.573575667488711,0.6784146683292624
PLP1_Gly74Arg,1,,true,1,,true,0.9904893084175893,,0.9904893084175893
AGXT_Gly161Arg,1,,true,0,,false,0.9475831121922453,,0.9475831121922453
THAP1_Lys24Glu,0,0,false,0,0,false,0.7477024629044283,0.7659973218238021,0.7568498923641152
HBD_Asn58Lys,0,0,false,0,0,false,0.6275638196930678,0.5384526796416128,0.5830082496673403
DES_Gly84Ser,0,,false,0,,false,0.6266822877070556,,0.6266822877070556
GRN_Cys105Arg,0,0,false,0,0,false,0.9140108499979887,0.8134332809052374,0.863722065451613
DCX_Lys50Asn,0,0,false,0,0,false,0.8736032668155099,0.8828571875639963,0.8782302271897531
STAR_Arg182Leu,0,0,false,0,0,false,0.7718906614346693,0.5290386528168285,0.6504646571257489
AGXT_Arg301Cys,0,0,false,0,0,false,0.6102203952958264,0.5325560258609463,0.5713882105783863
FBP1_Asn273Ser,0,0,false,0,0,false,0.8215215380658554,0.647770573298067,0.7346460556819612
AIPL1_Thr114Ile,0,0,false,0,0,false,0.5091540056794863,0.6192819247819248,0.5642179652307056
HPRT1_Ser104Arg,0,0,false,0,0,false,0.4931031616226508,0.589911477303781,0.5415073194632158
ALAS2_Ser531Gly,0,,false,0,,false,0.5687092520167276,,0.5687092520167276
COMP_Asp319Val,1,,true,0,,false,0.9581169797694566,,0.9581169797694566
COMP_Asn555Lys,0,,false,0,,false,0.7641892422928823,,0.7641892422928823
SH3BP2_Pro418His,0,,false,0,,false,0.651082137672176,,0.651082137672176
DCX_Arg196Cys,0,0,false,0,0,false,0.9179266830940623,0.8541569827419652,0.8860418329180137
GMPPB_Pro22Ser,0,,false,0,,false,0.9184595122280891,,0.9184595122280891
SMAD1_Val3Ala,1,,true,1,,true,0.9755860637685828,,0.9755860637685828
AGXT_Met195Leu,0,,false,0,,false,0.5956049728854992,,0.5956049728854992
SH3BP2_Pro418Leu,0,,false,0,,false,0.5797454855480204,,0.5797454855480204
DES_Arg222His,0,,false,0,,false,0.7205103069924402,,0.7205103069924402
TH_Glu27Asp,0,0,false,0,0,false,0.5540841770049042,0.6789977287766202,0.6165409528907622
IL2RG_Ser108Pro,1,1,true,1,0,false,0.9763197033377864,0.9836170275685738,0.9799683654531801
ALAS2_Asp122Asn,0,,false,0,,false,0.7394995671681279,,0.7394995671681279
PNPO_Arg116Gln,1,1,true,0,0,false,0.9749360337829558,0.9527631172193866,0.9638495755011711
DES_Ser46Tyr,0,,false,0,,false,0.7495013184640831,,0.7495013184640831
ALAS2_Cys358Tyr,0,,false,0,,false,0.7505935095498925,,0.7505935095498925
PLP1_Thr121Ile,0,0,false,0,0,false,0.8202357090954453,0.6595714037049334,0.7399035564001893
GLYCTK_Phe493Cys,0,,false,0,,false,0.7456151345353715,,0.7456151345353715
HPRT1_Arg45Lys,1,,true,1,,true,0.9976399667979559,,0.9976399667979559
HBD_Asn13Lys,1,0,false,0,0,false,0.9690080152357192,0.5899511888755128,0.7794796020556161
AGXT_Arg381Lys,0,0,false,0,0,false,0.6530067963794536,0.7032364925836855,0.6781216444815695
SH3BP2_Arg415Gln,0,,false,0,,false,0.5499691586612451,,0.5499691586612451
TAT_Pro220Ser,1,0,false,0,0,false,0.9651386262167587,0.9129513791052253,0.939045002660992
UBQLN2_Pro509Ser,0,0,false,0,0,false,0.5177222957575931,0.5533427088784232,0.5355325023180082
PYGL_Leu739Met,0,0,false,0,0,false,0.8148682500871444,0.5246964933900822,0.6697823717386133
KRT6A_Asn171Thr,0,0,false,0,0,false,0.8620182026440407,0.7553616212152797,0.8086899119296602
KRT6A_Val523Phe,0,0,false,0,0,false,0.65682898832041,0.6071404340181299,0.63198471116927
HPRT1_Asp201Gly,1,0,false,0,0,false,0.9497288085092255,0.9172161558655447,0.9334724821873851
PLP1_Thr147Pro,1,1,true,1,1,true,0.9927222479911246,0.995501591096998,0.9941119195440613
KRT8_Gly434Ser,1,1,true,1,0,false,0.9899140851657577,0.9668137297485124,0.9783639074571351
THAP1_His23Pro,0,0,false,0,0,false,0.9245782442521574,0.8418341904316659,0.8832062173419116
TH_Arg89Arg,0,0,false,0,0,false,0.593160523901257,0.6209644456073028,0.6070624847542798
PNPO_Arg95His,1,1,true,1,0,false,0.9833832646737177,0.9444817159991289,0.9639324903364233
GRN_Thr182Met,0,0,false,0,0,false,0.7545978040788118,0.5922746234094425,0.6734362137441272
AGXT_Glu274Asp,0,,false,0,,false,0.8955186057990523,,0.8955186057990523
DES_His441Leu,0,,false,0,,false,0.6375126338901166,,0.6375126338901166
STAR_Arg182His,0,0,false,0,0,false,0.6271854429366629,0.5798609077814034,0.6035231753590331
SDC3_Val136Ile,0,0,false,0,0,false,0.9249644036344222,0.7259017549276857,0.825433079281054
GALE_Asp103Gly,0,0,false,0,0,false,0.6151613111716414,0.6007500423365808,0.6079556767541111
DIABLO_Gly224Arg,0,,false,0,,false,0.5894700674609077,,0.5894700674609077
GCM2_Gly63Ser,0,0,false,0,0,false,0.7472749393378596,0.6065162907268171,0.6768956150323384
GCK_Arg303Trp,0,,false,0,,false,0.7382048564021156,,0.7382048564021156
ALAS2_Phe128Leu,0,,false,0,,false,0.7308742785860708,,0.7308742785860708
DCX_Met1Thr,0,0,false,0,0,false,0.6312458727094492,0.4914825003427945,0.5613641865261219
GCK_Val253Ala,0,,false,0,,false,0.721063316075116,,0.721063316075116
KRT2_Glu476Val,0,,false,0,,false,0.8001368363437329,,0.8001368363437329
UBQLN2_Pro525Ser,0,0,false,0,0,false,0.5167249701024912,0.5777809343434344,0.5472529522229628
DES_Ser298Leu,0,,false,0,,false,0.6071734310235591,,0.6071734310235591
HPRT1_Phe74Leu,1,,true,1,,true,0.990487195234219,,0.990487195234219
GCM2_Gly203Ser,0,0,false,0,0,false,0.6290810981592524,0.5358659396159396,0.582473518887596
DES_Gly44Ser,0,,false,0,,false,0.7650295049434354,,0.7650295049434354
COMP_Asp271His,0,,false,0,,false,0.9201663212549847,,0.9201663212549847
ALAS2_Gly254Ser,0,,false,0,,false,0.8019622386542888,,0.8019622386542888
DES_Ser424Phe,0,,false,0,,false,0.7225955640613706,,0.7225955640613706
GSS_Arg125Cys,0,0,false,0,0,false,0.9142496401829635,0.46575191818404493,0.6900007791835042
DCX_Lys174Glu,0,0,false,0,0,false,0.9213524442200833,0.6534575074231233,0.7874049758216033
ZMYND10_Arg243Cys,0,,false,0,,false,0.8408213904676595,,0.8408213904676595
PRKAR1A_Arg335Pro,,0,false,,0,false,,0.8171603247553105,0.8171603247553105
DES_Val56Leu,0,,false,0,,false,0.7032636006789444,,0.7032636006789444
DES_Thr445Ala,0,,false,0,,false,0.7076987728207118,,0.7076987728207118
PMP22_Leu16Pro,1,1,true,1,0,false,0.9861637305500122,0.9579310474471766,0.9720473889985943
FBP1_Arg218Lys,,0,false,,0,false,,0.6582985462512867,0.6582985462512867
AGXT_Ala85Asp,0,,false,0,,false,0.8516125112717765,,0.8516125112717765
COMP_Asp605Asn,0,,false,0,,false,0.7302172851222097,,0.7302172851222097
TH_Leu205Pro,0,0,false,0,0,false,0.682791303875079,0.5843543279699194,0.6335728159224991
SMN2_Gly287Arg,1,,true,0,,false,0.9527870481817851,,0.9527870481817851
KCTD1_Gly62Asp,,0,false,,0,false,,0.553445953569607,0.553445953569607
SFTPC_Arg167Gln,,0,false,,0,false,,0.6137585812356979,0.6137585812356979
KRT6A_Asn171Ser,0,,false,0,,false,0.8462286228972382,,0.8462286228972382
TH_Gln39Glu,,0,false,,0,false,,0.6110883951963412,0.6110883951963412
TTPA_Glu141Lys,1,,true,0,,false,0.9586810164185826,,0.9586810164185826
ALAS2_Ala135Thr,0,,false,0,,false,0.688074949733648,,0.688074949733648
SH3BP2_Pro418Arg,0,,false,0,,false,0.6717959489205341,,0.6717959489205341
DCX_Thr203Ala,0,,false,0,,false,0.9258028107025715,,0.9258028107025715
DES_Arg37Trp,0,,false,0,,false,0.7831765662804209,,0.7831765662804209
ALAS2_Tyr549Phe,0,,false,0,,false,0.5194570771002901,,0.5194570771002901
HPRT1_Gly140Asp,0,0,false,0,0,false,0.7527597739104597,0.48250678742944964,0.6176332806699547
AGXT_Pro10Ala,0,0,false,0,0,false,0.8367102738319204,0.8441719687566338,0.8404411212942771
MVK_Leu41Pro,1,,true,1,,true,0.9827520198055912,,0.9827520198055912
PLP1_Val184Phe,0,1,false,0,0,false,0.8978585087684117,0.9490672575715653,0.9234628831699885
COMP_Thr529Ile,0,,false,0,,false,0.60195623348218,,0.60195623348218
GCK_Arg377His,0,,false,0,,false,0.6988753271931241,,0.6988753271931241
FBP1_Asn213Lys,0,0,false,0,0,false,0.6819463790948553,0.5910717708624428,0.6365090749786491
DES_Ala357Pro,0,,false,0,,false,0.8425061623638989,,0.8425061623638989
PYGL_Thr586Met,,0,false,,0,false,,0.6984230055658628,0.6984230055658628
COMP_Thr585Met,0,,false,0,,false,0.8536884288859181,,0.8536884288859181
FXN_Met1Ile,1,,true,1,,true,0.9897485534617888,,0.9897485534617888
GCK_Gly299Arg,0,,false,0,,false,0.815936978631803,,0.815936978631803
KRT8_Ile63Val,1,,true,1,,true,0.9910082297582298,,0.9910082297582298
