allele_0,Altered_DNA_95_BioRep2,Altered_DNA_95_BioRep1,Altered_DNA_95_both_batches,Altered_DNA_99_BioRep2,Altered_DNA_99_BioRep1,Altered_DNA_99_both_batches,AUROC_BioRep2,AUROC_BioRep1,AUROC_Mean
FBP1_Arg218Lys,0,0,false,0,0,false,0.5914773129398849,0.8896454025179736,0.7405613577289293
EMD_Asp72Val,,0,false,,0,false,,0.52962705029116,0.52962705029116
SNIP1_Arg116Gln,0,0,false,0,0,false,0.6272854347237156,0.7806907190600852,0.7039880768919005
PYGL_Ser675Thr,0,0,false,0,0,false,0.6474394582786545,0.6061216948564826,0.6267805765675685
HPRT1_Gly71Arg,0,0,false,0,0,false,0.5859607586417739,0.6798502496125963,0.6329055041271852
GCK_Gly44Asp,,0,false,,0,false,,0.7398210415748435,0.7398210415748435
FADD_Cys105Trp,0,0,false,0,0,false,0.44485656515565564,0.6708823952393903,0.557869480197523
NCF2_Arg188Lys,0,0,false,0,0,false,0.6444947618344625,0.7315472011704663,0.6880209815024645
HPRT1_Phe74Leu,0,0,false,0,0,false,0.7411525660665812,0.7589210757244998,0.7500368208955406
SMN2_Gly287Arg,0,0,false,0,0,false,0.7367200363096396,0.5273304608061926,0.6320252485579161
DCX_Thr203Arg,0,1,false,0,0,false,0.6819894263798467,0.9405870741998311,0.8112882502898389
SFTPC_Ile73Thr,0,1,false,0,0,false,0.7204588072639088,0.9303533426031394,0.8254060749335241
KRT6A_Ile178Asn,0,0,false,0,0,false,0.681152212615732,0.5788067889939019,0.629979500804817
KRT6A_Ile462Asn,0,0,false,0,0,false,0.7104932403213774,0.6681735388847596,0.6893333896030684
STAR_Arg182His,0,0,false,0,0,false,0.6607745536862684,0.675028777785993,0.6679016657361307
SFTPC_Val48Met,0,0,false,0,0,false,0.5603780303303277,0.6619137812146427,0.6111459057724853
AGXT_Ala248Val,0,0,false,0,0,false,0.600151124259882,0.6746407085691566,0.6373959164145193
AGXT_Asn22Ser,0,0,false,0,0,false,0.5932986141621464,0.7522537629911366,0.6727761885766415
HPRT1_Met143Lys,0,0,false,0,0,false,0.5200475426173629,0.504926611180665,0.512487076899014
EIF2B4_Arg306Gly,0,0,false,0,0,false,0.5754816608044695,0.44747587026810975,0.5114787655362896
IER3IP1_Leu78Pro,0,0,false,0,0,false,0.5262745478394076,0.782076248893271,0.6541753983663393
NCF2_Ala140Asp,0,0,false,0,0,false,0.5018208109362743,0.3901094785599394,0.44596514474810683
DCX_Arg196Cys,0,0,false,0,0,false,0.6639982115752698,0.8940624851669529,0.7790303483711114
FXN_Gly130Val,0,0,false,0,0,false,0.5388613313519496,0.3814363454712151,0.46014883841158233
PYGL_Tyr821His,0,0,false,0,0,false,0.4159715167225248,0.8679445189074716,0.6419580178149982
KRT6A_Glu472Lys,0,0,false,0,0,false,0.6651914110674356,0.5560245594649761,0.6106079852662059
DES_Val56Leu,0,0,false,0,0,false,0.5618823699095645,0.6033527402921874,0.582617555100876
GCM2_Gly63Ser,0,0,false,0,0,false,0.44466207515305833,0.7132099387957451,0.5789360069744017
MIP_Val107Ile,0,0,false,0,0,false,0.6881163486626388,0.7042162685208707,0.6961663085917548
HPRT1_Gly58Arg,0,0,false,0,0,false,0.6959323905316248,0.8597861873482899,0.7778592889399574
WRAP53_Arg68Gly,0,,false,0,,false,0.5769379175971303,,0.5769379175971303
MVK_His20Pro,0,0,false,0,0,false,0.6995795668873289,0.6611662539349779,0.6803729104111533
RAB33B_Lys46Gln,0,0,false,0,0,false,0.5013915422622148,0.5939787509880358,0.5476851466251254
GALE_Lys257Arg,0,0,false,0,0,false,0.6495877859193601,0.5313059643737368,0.5904468751465484
THAP1_Lys24Glu,0,0,false,0,0,false,0.5963564506362187,0.5483795098125784,0.5723679802243986
MVK_Val5Ala,0,0,false,0,0,false,0.5734352353433277,0.6511122764312782,0.612273755887303
IL2RG_Ser108Pro,0,0,false,0,0,false,0.37862364025548323,0.61106538715011,0.49484451370279664
PMP22_Arg157Gly,0,0,false,0,0,false,0.6513721967297516,0.48747808808476006,0.5694251424072558
RP2_Arg118His,0,0,false,0,0,false,0.7961163353877264,0.6099180482944375,0.7030171918410819
BCL10_Leu8Leu,0,0,false,0,0,false,0.435121107266436,0.7090897389138962,0.5721054230901661
KRT6A_Asn171Asp,0,0,false,0,0,false,0.7698883280285861,0.6999096028569607,0.7348989654427733
DCX_Thr203Ala,0,0,false,0,0,false,0.8529329795495328,0.8303719862070507,0.8416524828782918
MVK_Val278Met,0,0,false,0,0,false,0.5417236211212347,0.5879165302971792,0.564820075709207
HPRT1_Arg45Lys,0,0,false,0,0,false,0.5789685610275241,0.8728892866328251,0.7259289238301746
PNPO_Arg95His,0,0,false,0,0,false,0.4594561625957385,0.557649655772003,0.5085529091838707
ALAS2_Arg374Cys,,0,false,,0,false,,0.7508540909022792,0.7508540909022792
PYGL_Pro382Leu,0,0,false,0,0,false,0.7803333333333333,0.7335557841980225,0.7569445587656779
MVK_His20Gln,0,0,false,0,0,false,0.6694995497727215,0.5742523925779275,0.6218759711753246
PMP22_Leu16Pro,0,0,false,0,0,false,0.4386670856316421,0.5863915410350476,0.5125293133333448
DCX_Lys50Asn,0,0,false,0,0,false,0.6800258833827993,0.5967935816215586,0.6384097325021789
TTPA_Ala120Thr,0,0,false,0,0,false,0.5171707376225791,0.5838107491473898,0.5504907433849845
DES_Pro433Thr,0,1,false,0,1,false,0.583394429574778,0.9691227965078139,0.776258613041296
SUCLA2_Pro230Ser,0,0,false,0,0,false,0.5771320493386759,0.5628678327137018,0.5699999410261889
THAP1_Lys89Arg,0,0,false,0,0,false,0.4769165277218181,0.7895706767868976,0.6332436022543578
TTPA_Glu141Lys,1,0,false,0,0,false,0.8949501205567331,0.7087055048012817,0.8018278126790074
HBD_Val99Met,,1,true,,0,false,,0.9614929765097163,0.9614929765097163
HBD_Asp100Asn,0,1,false,0,0,false,0.5561000260824205,0.9486644851428876,0.752382255612654
THAP1_Val193Ile,0,0,false,0,0,false,0.6423013988470231,0.7116987457054149,0.6770000722762191
NMNAT1_Asn273Asp,0,0,false,0,0,false,0.7089055863148478,0.6058185361300612,0.6573620612224544
KCTD7_Arg94Trp,0,0,false,0,0,false,0.39253597282190433,0.5467389529262823,0.4696374628740933
POMT1_Trp560Cys,0,0,false,0,0,false,0.6023066845695043,0.6349427491355808,0.6186247168525425
AGXT_Ser218Leu,0,0,false,0,0,false,0.6866319129934779,0.8441016892660064,0.7653668011297421
GRN_Cys105Arg,0,0,false,0,0,false,0.5172998983856041,0.8030028961142237,0.6601513972499139
KRT8_Arg454Cys,0,1,false,0,0,false,0.556226563329595,0.939726689088429,0.747976626209012
FGD4_Arg194His,0,0,false,0,0,false,0.6138865263906712,0.44240074432780035,0.5281436353592358
DES_Leu274Pro,0,0,false,0,0,false,0.6262242821258543,0.866835170790592,0.7465297264582231
TH_Gln39Glu,0,0,false,0,0,false,0.7465941244894031,0.7758292008820319,0.7612116626857175
KLHL3_Cys164Phe,0,1,false,0,0,false,0.6699525834944471,0.9572690915143351,0.8136108375043911
GCK_Arg377His,,0,false,,0,false,,0.5383564112322337,0.5383564112322337
KCTD7_Asn273Ile,0,0,false,0,0,false,0.49075288573763165,0.524232366636993,0.5074926261873123
KRT6A_Thr552Ser,0,0,false,0,0,false,0.8323981491160196,0.7747540723506151,0.8035761107333174
MVK_Thr209Ala,0,0,false,0,0,false,0.7412115990591971,0.8575908059506627,0.79940120250493
HPRT1_His204Asp,0,1,false,0,0,false,0.6570001291214137,0.9454374854343722,0.801218807277893
SFTPC_Leu188Gln,0,0,false,0,0,false,0.5714823422794181,0.898131067248279,0.7348067047638485
AGXT_Ala186Val,0,0,false,0,0,false,0.8782099831629943,0.8370630236994263,0.8576365034312103
KRT2_Asn186Tyr,0,0,false,0,0,false,0.6193192483547376,0.43504880790088396,0.5271840281278108
HPRT1_Asp80Val,0,0,false,0,0,false,0.7368827415467529,0.6930730214603167,0.7149778815035348
MIP_Val67Ile,0,0,false,0,0,false,0.508261352046174,0.7138755327733943,0.6110684424097841
KRT8_Gly53Val,0,0,false,0,0,false,0.5893275476255154,0.7332133022367615,0.6612704249311385
AGXT_Arg197Gln,0,0,false,0,0,false,0.6278451590097909,0.6720228420665817,0.6499340005381863
HBD_His147Arg,0,0,false,0,0,false,0.7065361896102251,0.6399752107748728,0.673255700192549
PLP1_Gly74Arg,,0,false,,0,false,,0.9178840548138321,0.9178840548138321
DES_Val394Met,0,,false,0,,false,0.6724213834712174,,0.6724213834712174
PYGL_Leu739Met,0,0,false,0,0,false,0.5991089046886149,0.4740984580829615,0.5366036813857882
NCF2_Asp108Val,0,0,false,0,0,false,0.5607783302835758,0.5240355976420308,0.5424069639628033
PMP22_Arg157Trp,0,0,false,0,0,false,0.5345255617389216,0.7239129461095203,0.629219253924221
PSAP_Met76Lys,0,0,false,0,0,false,0.4628274095396436,0.48922132757594133,0.47602436855779245
ZMYND10_Arg243Cys,,1,true,,0,false,,0.9448073940749584,0.9448073940749584
TH_Ile209Met,0,0,false,0,0,false,0.7615867481871991,0.41049212814393354,0.5860394381655663
SERPINF1_Thr72Met,0,,false,0,,false,0.62545760291296,,0.62545760291296
FA2H_Arg62Cys,0,0,false,0,0,false,0.5557525530525136,0.5005797767433289,0.5281661648979212
NCF2_Asp93Glu,0,0,false,0,0,false,0.5206880306074743,0.6845578429650552,0.6026229367862648
KCTD1_His33Pro,0,0,false,0,0,false,0.5087406074370548,0.8824740214535228,0.6956073144452888
HPRT1_Asp201Gly,0,0,false,0,0,false,0.5733209040548309,0.8322888736008871,0.7028048888278591
AGXT_Pro11Leu,0,0,false,0,0,false,0.5196734006371448,0.39303020765968866,0.45635180414841675
PYGL_Asp629Tyr,0,0,false,0,0,false,0.4729834002475511,0.7072469150407259,0.5901151576441385
FBP1_Asn213Lys,0,0,false,0,0,false,0.6239773555287271,0.5172961330244151,0.5706367442765712
ALAS2_Ser531Gly,,0,false,,0,false,,0.843826876412652,0.843826876412652
AGXT_Lys12Arg,0,0,false,0,0,false,0.5374943104798064,0.8182407814259004,0.6778675459528534
AGXT_Ile202Asn,0,0,false,0,0,false,0.6145829901251978,0.658521548357166,0.6365522692411819
PDGFRB_Pro660Thr,0,0,false,0,0,false,0.6442713784523051,0.8080938984014379,0.7261826384268715
DCX_Arg89Gly,0,0,false,0,0,false,0.7931283396224875,0.8576099242324927,0.8253691319274901
TPK1_Asn50His,0,0,false,0,0,false,0.5026684158043931,0.7446354021217853,0.6236519089630892
FA2H_Phe144Ser,0,0,false,0,0,false,0.6139928924006594,0.7865462282257948,0.7002695603132271
MVK_Arg106His,0,0,false,0,0,false,0.645925043486422,0.6263087788072488,0.6361169111468354
NMNAT1_Leu153Val,0,0,false,0,0,false,0.4430551533447528,0.6423515960820825,0.5427033747134177
TH_Gln381Lys,0,0,false,0,0,false,0.8750178784653483,0.8253483435141431,0.8501831109897457
DES_Ala397Thr,0,1,false,0,0,false,0.7448364795813802,0.9230225023168359,0.8339294909491081
DES_Gln389Pro,0,0,false,0,0,false,0.7042027298342914,0.8906530087631089,0.7974278692987002
GALE_Arg239Trp,0,0,false,0,0,false,0.6368764990740242,0.6767921128470377,0.6568343059605309
HPRT1_Ile132Met,0,0,false,0,0,false,0.727442632786941,0.5916622763272582,0.6595524545570997
HPRT1_Gly140Asp,0,0,false,0,0,false,0.51072697212879,0.560153742174032,0.535440357151411
COMP_Asp319Val,0,0,false,0,0,false,0.31668734491315137,0.8077497156588661,0.5622185302860088
POMT1_Thr392Met,0,0,false,0,0,false,0.3557436274255586,0.5340748968505475,0.44490926213805304
KRT8_Ile63Val,0,0,false,0,0,false,0.7027947520445967,0.6989158493519867,0.7008553006982917
SFTPC_Val39Leu,0,0,false,0,0,false,0.44329477737445605,0.6989512233589977,0.5711230003667269
MVK_Ile268Val,0,0,false,0,0,false,0.5137443036384522,0.5479139884784684,0.5308291460584603
AMPD2_Glu697Asp,0,0,false,0,0,false,0.3974782142885591,0.482679129908819,0.44007867209868906
AGXT_Gly82Arg,0,0,false,0,0,false,0.5439676484653592,0.5261507410399341,0.5350591947526466
POLR1C_Arg279Trp,0,0,false,0,0,false,0.8626622981208293,0.6174763060914907,0.74006930210616
DES_Arg212Gln,0,1,false,0,0,false,0.6997519833281441,0.9381951017035021,0.8189735425158231
DES_Ser424Phe,0,1,false,0,0,false,0.5728707097445862,0.936261707238719,0.7545662084916527
FBP1_Asn273Ser,0,0,false,0,0,false,0.6278330035587372,0.9171444681046776,0.7724887358317074
AGXT_Ala280Val,0,0,false,0,0,false,0.6468230899767371,0.7169460524079037,0.6818845711923204
COMP_Thr585Arg,,0,false,,0,false,,0.9072072238066773,0.9072072238066773
DES_His243Tyr,0,1,false,0,1,false,0.6444911465155342,0.9753230326221398,0.809907089568837
MVK_Arg388Gln,0,0,false,0,0,false,0.5139159424451768,0.5106236916684209,0.5122698170567989
MYOZ2_Gln10Pro,0,0,false,0,0,false,0.4997456990083385,0.46262188480817723,0.4811837919082579
AGXT_Ile340Met,0,0,false,0,0,false,0.4893716054264589,0.49518644098537923,0.4922790232059191
HBD_Arg105Ser,0,1,false,0,0,false,0.5683177574775072,0.9517994714053825,0.7600586144414448
PYGL_Asn632Ile,0,0,false,0,0,false,0.648666152474976,0.5913038645247254,0.6199850084998507
HBD_Gly26Asp,0,1,false,0,1,false,0.4374292348284737,0.9883216893769377,0.7128754621027057
FXN_Met1Ile,0,0,false,0,0,false,0.8302305629214753,0.7463551394130267,0.788292851167251
SNIP1_Ala174Val,0,0,false,0,0,false,0.5840729954002265,0.5565645658754219,0.5703187806378243
GRN_Ala324Thr,0,0,false,0,0,false,0.8706573784417183,0.7904304295774816,0.8305439040095999
SFTPC_Leu194Pro,0,0,false,0,0,false,0.6403573165772679,0.8109492931100915,0.7256533048436797
MVK_Asp386Asn,0,0,false,0,0,false,0.5766586172494178,0.5887598501027105,0.5827092336760642
EMD_Pro183Thr,,0,false,,0,false,,0.728379685309364,0.728379685309364
NMNAT1_Arg237Leu,0,0,false,0,0,false,0.5158750015657644,0.7094312174710035,0.6126531095183839
AIPL1_Thr114Ile,0,0,false,0,0,false,0.4892869339982598,0.5739502546446622,0.531618594321461
MVK_Leu41Pro,0,0,false,0,0,false,0.6890380163018298,0.7762471933846163,0.7326426048432231
SIX1_Val106Gly,0,0,false,0,0,false,0.5611630509886323,0.574414727046306,0.5677888890174692
GMPPB_Pro32Leu,0,1,false,0,1,false,0.7261874804056948,0.9686849757356573,0.847436228070676
PLP1_Gly186Cys,0,0,false,0,0,false,0.6865106043126508,0.8025215265236827,0.7445160654181667
GCM2_Gly203Ser,0,0,false,0,0,false,0.4591324937227634,0.4590644082250623,0.45909845097391283
STAR_Arg182Leu,0,0,false,0,0,false,0.7318352652817848,0.7451266239255405,0.7384809446036626
SH3BP2_Pro418Leu,0,0,false,0,0,false,0.7860065740556696,0.6002305872912803,0.693118580673475
KRT6A_Ser176Pro,0,0,false,0,0,false,0.6865066955633237,0.6078358011314009,0.6471712483473623
COMP_His441Arg,,0,false,,0,false,,0.8728169338325277,0.8728169338325277
GSS_Arg283Cys,0,0,false,0,0,false,0.4402100085123271,0.42740737421343356,0.43380869136288036
DCX_Pro191Arg,0,0,false,0,0,false,0.48983967600712147,0.6506181264764623,0.5702289012417919
POMT1_Ala200Pro,0,0,false,0,0,false,0.4695458343363665,0.536847317073263,0.5031965757048148
COMP_Asp511Glu,0,0,false,0,0,false,0.683266275436045,0.7024969971529569,0.692881636294501
DCX_Arg102Cys,0,0,false,0,0,false,0.7962354167949468,0.8318424150251288,0.8140389159100379
STAR_Val187Met,0,0,false,0,0,false,0.7843823099116944,0.7121538239815475,0.748268066946621
SH3BP2_Pro418Arg,0,0,false,0,0,false,0.5211234839696798,0.7841628010902345,0.6526431425299571
KRT6A_Leu468Pro,0,0,false,0,0,false,0.5541715392921649,0.6026590044776616,0.5784152718849133
TH_Glu27Asp,0,0,false,0,0,false,0.8605229352407985,0.7584616687338364,0.8094923019873175
HPRT1_Asp177Tyr,0,0,false,0,0,false,0.50080332632249,0.7174676241593201,0.609135475240905
DES_Met349Ile,0,0,false,0,0,false,0.6260174500091328,0.8290293891041178,0.7275234195566254
DES_Arg222His,0,0,false,0,0,false,0.5113352133306325,0.823534872680977,0.6674350430058047
DES_Arg127Pro,0,0,false,0,0,false,0.6345425311975901,0.9111994535115604,0.7728709923545752
MVK_Asn205Asp,0,0,false,0,0,false,0.6887680993817149,0.7632428893345734,0.7260054943581442
TH_Ile219Thr,0,0,false,0,0,false,0.7358127228200381,0.534674578630414,0.635243650725226
KRT2_Glu488Lys,0,0,false,0,0,false,0.5552635378025786,0.5111098384653094,0.533186688133944
EMD_Met1Val,0,0,false,0,0,false,0.7012698412698413,0.5807112860063564,0.6409905636380988
DES_Ala357Pro,0,0,false,0,0,false,0.6618571007035459,0.8925403165273047,0.7771987086154253
GRN_Ser120Tyr,0,0,false,0,0,false,0.6211132246462923,0.8472867428945879,0.73419998377044
GALE_Asp103Gly,0,0,false,0,0,false,0.49964989187298686,0.6742476325098778,0.5869487621914323
NMNAT1_Arg207Trp,0,0,false,0,0,false,0.6816837370850884,0.8247030423104369,0.7531933896977627
ALAS2_Cys358Tyr,,0,false,,0,false,,0.7900129973550191,0.7900129973550191
GYG1_Arg33Lys,0,0,false,0,0,false,0.6168218349388586,0.39558263581215425,0.5062022353755065
MVK_Leu255Pro,0,0,false,0,0,false,0.6770393744901395,0.5541926187084816,0.6156159965993105
SFTPB_Ala280Thr,0,0,false,0,0,false,0.6614788317877563,0.5817984241581369,0.6216386279729467
AGXT_Gly116Arg,0,0,false,0,0,false,0.4863237549465089,0.6135101354646064,0.5499169452055577
MYOZ2_Ile246Met,0,0,false,0,0,false,0.4421127575825515,0.5038271148314617,0.47296993620700656
GAMT_Ala196Val,0,0,false,0,0,false,0.502637605161479,0.6059269495344504,0.5542822773479648
MVK_Pro288Leu,,0,false,,0,false,,0.7231157276113922,0.7231157276113922
GLYCTK_Phe493Cys,,0,false,,0,false,,0.3944070760398874,0.3944070760398874
PLP1_Thr43Ile,0,0,false,0,0,false,0.6308536314113882,0.6413979071019038,0.636125769256646
GSS_Pro314Leu,0,0,false,0,0,false,0.5155386127411221,0.7148674364235185,0.6152030245823203
HBD_Leu76Val,0,0,false,0,0,false,0.47630619883864145,0.7192732852338283,0.5977897420362348
FA2H_Arg143Cys,0,0,false,0,0,false,0.5813106796116505,0.666160092659416,0.6237353861355333
PYGL_Asp634His,0,0,false,0,0,false,0.7268344155844155,0.8455047250058494,0.7861695702951325
FBP1_Phe194Ser,0,0,false,0,0,false,0.6710605140991448,0.8154805094137946,0.7432705117564697
AGXT_Met195Leu,0,0,false,0,0,false,0.8797170123606987,0.6133618987850918,0.7465394555728952
GSS_Arg125Cys,0,1,false,0,1,false,0.6971030163257788,0.9783638537160544,0.8377334350209166
DES_Ser298Leu,0,1,false,0,0,false,0.7537515850632533,0.9634121664194798,0.8585818757413666
HPRT1_Ala161Ser,0,0,false,0,0,false,0.46028472322060465,0.6723232850905938,0.5663040041555992
MVK_Ile119Met,0,0,false,0,0,false,0.826896718194961,0.7944763315361554,0.8106865248655581
DCX_Ala251Ser,0,0,false,0,0,false,0.7173271502368722,0.8341564788325156,0.7757418145346939
AGXT_Asp129His,0,0,false,0,0,false,0.49588355623972596,0.5525236711730641,0.524203613706395
KCTD1_His33Gln,0,0,false,0,0,false,0.6064973415802044,0.709154763344225,0.6578260524622147
KLHL3_Met78Val,0,0,false,0,0,false,0.6584341584625011,0.7848494941743219,0.7216418263184115
DES_Tyr331Asn,0,0,false,0,0,false,0.5817866266381037,0.6459856059697869,0.6138861163039453
DES_Gly20Arg,0,0,false,0,0,false,0.5354637041075692,0.5051666216554596,0.5203151628815144
DCX_Ala71Ser,0,0,false,0,0,false,0.6729619662362729,0.8341955158109081,0.7535787410235906
MVK_Pro165Leu,0,0,false,0,0,false,0.5807056643412912,0.7691084604198858,0.6749070623805885
GLYCTK_Thr394Ile,0,0,false,0,0,false,0.6232596232596233,0.43233841018227237,0.5277990167209479
RP2_Arg118Leu,0,0,false,0,0,false,0.6732694319879001,0.7904303442847922,0.7318498881363462
NEXN_Tyr544Cys,0,0,false,0,0,false,0.5247054362856645,0.5851625116717445,0.5549339739787045
AGXT_Gly161Ser,0,0,false,0,0,false,0.7014990770354397,0.4712600684351766,0.5863795727353082
KRT2_Gly219Asp,0,0,false,0,0,false,0.6580273401237569,0.585874846247579,0.621951093185668
UBQLN2_Pro525Ser,0,0,false,0,0,false,0.6841404020364362,0.3967764039266507,0.5404584029815435
DCX_Arg186His,0,0,false,0,0,false,0.6831160052624946,0.7948075854044973,0.7389617953334959
AIPL1_Arg302Leu,0,0,false,0,0,false,0.6576309433342413,0.5849980500679468,0.6213144967010941
POMT1_Ala647Thr,0,0,false,0,0,false,0.6588959630190203,0.7101662014054154,0.6845310822122179
COMP_Asp605Asn,0,0,false,0,0,false,0.6168351591406799,0.8897486925201312,0.7532919258304056
GATA2_Pro41Ala,0,0,false,0,0,false,0.41851554116007156,0.6800654370886097,0.5492904891243406
DES_Thr453Ile,0,1,false,0,0,false,0.5558409318354841,0.9369355775908043,0.7463882547131442
AGXT_Ser221Pro,0,0,false,0,0,false,0.5252481890587058,0.5968959240761667,0.5610720565674363
KRT6A_Gln166Pro,0,0,false,0,0,false,0.6175334384020825,0.5525674952619173,0.5850504668319999
HPRT1_Gly70Glu,0,0,false,0,0,false,0.6404804027407642,0.6736478474208476,0.6570641250808059
AGXT_Ile279Thr,0,,false,0,,false,0.6541370723748785,,0.6541370723748785
RNF135_Arg286His,,0,false,,0,false,,0.6151923502625514,0.6151923502625514
TAT_Pro220Ser,0,0,false,0,0,false,0.4905196289460003,0.6870763377876172,0.5887979833668088
GATA2_Cys373Arg,0,0,false,0,0,false,0.724744410586775,0.8774596185888758,0.8011020145878254
DCX_Lys174Glu,0,1,false,0,0,false,0.7641776767441387,0.9552897270279386,0.8597337018860387
NFU1_Gly208Cys,0,0,false,0,0,false,0.35460275794575224,0.5613891774814205,0.45799596771358636
TH_Leu205Pro,0,0,false,0,0,false,0.6275089577508285,0.6342567479093422,0.6308828528300854
AGXT_Ala85Asp,,0,false,,0,false,,0.7284617449494966,0.7284617449494966
KLHL3_Glu85Ala,0,0,false,0,0,false,0.7096098142869167,0.8848374655000947,0.7972236398935058
DES_His441Leu,0,0,false,0,0,false,0.6395061847778433,0.9106361966953495,0.7750711907365964
RP2_Leu253Arg,0,0,false,0,0,false,0.8067003401398002,0.6362388619669548,0.7214696010533774
FBP1_Gly260Arg,0,,false,0,,false,0.47980047989861896,,0.47980047989861896
TH_Arg306His,0,0,false,0,0,false,0.6306286079437767,0.4723094314500472,0.551469019696912
DES_Arg355Pro,0,0,false,0,0,false,0.5331961858082592,0.6573305845512719,0.5952633851797655
AGXT_Arg118Cys,0,0,false,0,0,false,0.5431307200763155,0.6236941607254662,0.5834124404008909
EIF2B4_Ala228Val,0,0,false,0,0,false,0.6742560566135261,0.8334762118451564,0.7538661342293412
TAT_Leu273Pro,0,0,false,0,0,false,0.5851463631320605,0.5462542047549725,0.5657002839435166
TH_Val136Met,0,0,false,0,0,false,0.49564276358000764,0.7546769941175615,0.6251598788487845
FXN_Trp173Gly,0,0,false,0,0,false,0.7808871880028638,0.43331224146634284,0.6070997147346033
DES_Arg350Pro,0,0,false,0,0,false,0.4403717222233749,0.6589125385675001,0.5496421303954375
KCTD1_Ala30Glu,0,1,false,0,0,false,0.5364720325730549,0.9270602115672969,0.7317661220701759
KLHL3_Ala77Glu,0,0,false,0,0,false,0.6580107487674093,0.7944968817389261,0.7262538152531677
KCTD1_Gly62Asp,0,0,false,0,0,false,0.5311144837025267,0.7741732055151699,0.6526438446088483
HBD_Asn58Lys,0,0,false,0,0,false,0.6205895903718438,0.7374943563327483,0.6790419733522961
GYG1_Ala16Thr,0,0,false,0,0,false,0.43901881215121674,0.8236402925494888,0.6313295523503528
DES_Tyr122Asp,0,0,false,0,0,false,0.5379125780553077,0.6686842210492592,0.6032983995522834
PYGL_Glu673Lys,0,0,false,0,0,false,0.5270696806930123,0.5600798731337937,0.543574776913403
RP2_Cys86Tyr,0,0,false,0,0,false,0.7060980548433301,0.6858372385758136,0.6959676467095719
KCTD7_Asp115Tyr,0,0,false,0,0,false,0.5911020559580167,0.6572232610862748,0.6241626585221458
SFTPC_Arg167Gln,0,,false,0,,false,0.5661708925807468,,0.5661708925807468
HBD_Pro37His,0,0,false,0,0,false,0.629782563334921,0.6615171899580895,0.6456498766465053
DES_Gly44Ser,0,0,false,0,0,false,0.4951691333536552,0.8955337872606004,0.6953514603071278
IRAK4_Ala428Thr,0,0,false,0,0,false,0.6536565470900753,0.40265601772994775,0.5281562824100114
DES_Gly84Ser,0,0,false,0,0,false,0.49674391703661397,0.8577052306027495,0.6772245738196817
DES_Thr445Ala,0,1,false,0,0,false,0.5658533044260962,0.9393737564135604,0.7526135304198283
POMT1_Ser515Arg,0,0,false,0,0,false,0.4986685785733795,0.552593919667814,0.5256312491205968
GMPPB_Pro22Ser,0,1,false,0,0,false,0.6543110394842868,0.9412260833446111,0.797768561414449
AGXT_Gly161Arg,0,0,false,0,0,false,0.7906782411978515,0.7817388007817454,0.7862085209897984
MVK_Pro167Leu,0,0,false,0,0,false,0.5938531791159621,0.5581862891395414,0.5760197341277518
KCTD1_Val248Ile,0,1,false,0,0,false,0.46555437541709555,0.9397365257149358,0.7026454505660157
GCK_Ala387Glu,,0,false,,0,false,,0.5268761987015905,0.5268761987015905
COMP_Thr529Ile,1,0,false,0,0,false,0.9511812861753424,0.9182750296404247,0.9347281579078836
AGXT_Pro10Ala,0,0,false,0,0,false,0.6274851650555466,0.6863514653929564,0.6569183152242515
TH_Arg133His,0,0,false,0,0,false,0.7176623742876882,0.642572362149024,0.6801173682183561
DCX_Arg59His,0,0,false,0,0,false,0.319788759022559,0.664946271738065,0.492367515380312
DES_Asp312Ala,0,0,false,0,0,false,0.5106639694383484,0.7698390706500123,0.6402515200441803
KRT6A_Asn171Thr,0,0,false,0,0,false,0.6992890886704749,0.47148442687501935,0.5853867577727472
PMP22_Leu80Pro,0,0,false,0,0,false,0.628701511903666,0.6247526853807709,0.6267270986422184
AGXT_Gly41Glu,0,0,false,0,0,false,0.6677933692653526,0.5601336775923382,0.6139635234288454
FBP1_Met289Leu,0,0,false,0,0,false,0.7717525688738847,0.8682398707737955,0.8199962198238401
SDC3_Val136Ile,0,0,false,0,0,false,0.7651325086846609,0.8055977578840681,0.7853651332843645
KCTD7_Arg184Cys,0,0,false,0,0,false,0.5811751666141876,0.8048930383844937,0.6930341024993406
KRT6A_Val523Phe,0,0,false,0,0,false,0.8742655269062455,0.8850517757383647,0.879658651322305
MYOZ2_Ser48Pro,0,0,false,0,0,false,0.5020515134553306,0.6508128170784414,0.576432165266886
TTPA_Gly246Arg,0,0,false,0,0,false,0.6728823981874062,0.6419808296685807,0.6574316139279934
NMNAT1_Ser255Asn,0,0,false,0,0,false,0.3892582325167027,0.7655444893961298,0.5774013609564163
KRT6A_Leu170Phe,0,0,false,0,0,false,0.7597835486518455,0.4317140396703055,0.5957487941610755
COMP_Cys348Arg,,0,false,,0,false,,0.8659660638436705,0.8659660638436705
DOLK_Tyr441Ser,0,0,false,0,0,false,0.5094265280863175,0.5268979123306933,0.5181622202085054
NCF2_Val297Ala,0,0,false,0,0,false,0.5247047241107056,0.6223255763385831,0.5735151502246443
DES_Arg37Trp,0,1,false,0,1,false,0.6702224795311288,0.983627239263005,0.8269248593970668
SMAD1_Val3Ala,0,0,false,0,0,false,0.6291628601826819,0.7600700214340552,0.6946164408083686
AGXT_Phe152Ile,0,0,false,0,0,false,0.304749988106844,0.5135269100620411,0.4091384490844425
SFTPC_Ala116Asp,0,0,false,0,0,false,0.6767169718824548,0.8502250566412402,0.7634710142618475
DES_Ala135Val,0,1,false,0,0,false,0.47062882820550894,0.9412948744359702,0.7059618513207395
DCX_Arg78His,0,0,false,0,0,false,0.5210560359867876,0.5797211646041218,0.5503886002954548
PMP22_Cys109Arg,0,0,false,0,0,false,0.579929256350825,0.6792386728117367,0.6295839645812809
MVK_Val250Ile,0,0,false,0,0,false,0.7581087630168676,0.7391082629150073,0.7486085129659374
TH_Thr283Met,,0,false,,0,false,,0.5421250455190927,0.5421250455190927
TTPA_Arg192His,0,0,false,0,0,false,0.579579550602719,0.5134111021454797,0.5464953263740994
AGXT_Ala248Ser,,0,false,,0,false,,0.734939306905812,0.734939306905812
HPRT1_Pro176Leu,0,0,false,0,0,false,0.7660378300954502,0.5622893515024104,0.6641635907989303
AGXT_Pro11His,0,0,false,0,0,false,0.6491722275368214,0.7012233999430686,0.675197813739945
TH_Arg89Arg,0,0,false,0,0,false,0.819211655986016,0.7316759762830685,0.7754438161345423
ALAS2_Asp153Val,,0,false,,0,false,,0.6602685104766398,0.6602685104766398
HPRT1_Leu41Pro,0,0,false,0,0,false,0.466497080793133,0.6802378747428127,0.5733674777679729
PLP1_Thr121Ile,0,0,false,0,0,false,0.38839282845669487,0.9106858397391806,0.6495393340979377
DES_Ala237Thr,0,0,false,0,0,false,0.5983811099355579,0.8816054347612399,0.7399932723483988
DES_Ala213Val,0,0,false,0,0,false,0.47521312048786507,0.9005273362417028,0.687870228364784
DES_Ser46Tyr,0,0,false,0,0,false,0.4975917360415778,0.8939180290231142,0.6957548825323461
DES_Ala337Pro,0,0,false,0,0,false,0.705052179651969,0.8169909770747769,0.7610215783633729
TAT_Arg119Trp,0,0,false,0,0,false,0.5476432535555161,0.4810321667316003,0.5143377101435582
NCF2_Asn448Asp,0,0,false,0,0,false,0.5848945014568814,0.482123567576418,0.5335090345166497
PLP1_Ile152Thr,0,0,false,0,0,false,0.3995262761039898,0.5989443380423478,0.49923530707316877
PYGL_Val456Met,0,0,false,0,0,false,0.3563858308057622,0.7372700887379282,0.5468279597718452
PYGL_Thr59Met,0,0,false,0,0,false,0.614719063236505,0.5379988675851203,0.5763589654108127
GALE_Val94Met,,0,false,,0,false,,0.5877778128515738,0.5877778128515738
TH_Ala226Thr,1,0,false,0,0,false,0.8877387304223404,0.6710284423832668,0.7793835864028036
EMD_Pro183His,0,,false,0,,false,0.6298850574712643,,0.6298850574712643
AGXT_Arg301Cys,0,0,false,0,0,false,0.4423378445875754,0.5386745724308409,0.4905062085092082
PRKAR1A_Arg74His,0,0,false,0,0,false,0.5728169271721909,0.5646536339335813,0.568735280552886
KRT6A_Asn171Ser,0,0,false,0,0,false,0.7573304558700649,0.6820641179843159,0.7196972869271904
DES_Val126Leu,0,0,false,0,0,false,0.4396879671327379,0.7925128505621191,0.6161004088474284
MVK_Pro200Ser,0,0,false,0,0,false,0.6055935611237367,0.7496626485783542,0.6776281048510455
AGXT_Arg381Lys,0,0,false,0,0,false,0.5676309223937435,0.4937522010404219,0.5306915617170826
UBQLN2_Pro509Ser,0,0,false,0,0,false,0.6074534036134939,0.533996091665711,0.5707247476396025
AGXT_Met49Leu,0,0,false,0,0,false,0.5306601198512374,0.7513229828854776,0.6409915513683575
HBD_Asn13Lys,0,1,false,0,1,false,0.743753102761555,0.9777321869548465,0.8607426448582007
PNPO_Arg116Gln,0,0,false,0,0,false,0.34641606632415417,0.6258544133276364,0.48613523982589524
KRT6A_Leu468Gln,1,0,false,0,0,false,0.9174718145375422,0.6921891163456895,0.8048304654416158
FTH1_Lys54Arg,0,1,false,0,0,false,0.5690594492383911,0.9353978141964263,0.7522286317174087
AGXT_Gly41Arg,0,0,false,0,0,false,0.5135259908671146,0.5109842472933173,0.5122551190802159
POLR1C_Arg279Gln,0,0,false,0,0,false,0.4308172917814875,0.5256414474269694,0.47822936960422846
PMP22_Ala135Thr,0,0,false,0,0,false,0.353499349872575,0.5535425249856438,0.45352093742910937
ALAS2_Asp122Asn,,0,false,,0,false,,0.8133344947333968,0.8133344947333968
DES_Glu413Lys,0,0,false,0,0,false,0.7919727686407569,0.8784222895551774,0.8351975290979672
ALAS2_Tyr549Phe,,0,false,,0,false,,0.7428940913460522,0.7428940913460522
KRT8_Gly434Ser,0,0,false,0,0,false,0.6088232728322958,0.7441209364252767,0.6764721046287863
THAP1_His23Pro,0,0,false,0,0,false,0.6116577466412035,0.6349844091897795,0.6233210779154915
THAP1_Gly9Cys,0,0,false,0,0,false,0.4689356836177526,0.5419582742908344,0.5054469789542935
DES_Asn342Asp,0,0,false,0,0,false,0.6265206748659915,0.8105594438219227,0.718540059343957
ALAS2_Phe128Leu,,0,false,,0,false,,0.8458382220073243,0.8458382220073243
DES_Gln131Lys,0,0,false,0,0,false,0.48603785513258413,0.8842908051726526,0.6851643301526184
DES_Leu338Arg,0,0,false,0,0,false,0.6037918540355441,0.8855194719940878,0.744655663014816
NCF2_Asn419Ile,0,0,false,0,0,false,0.61202669381503,0.5901204220040772,0.6010735579095536
GCK_Met251Thr,,0,false,,0,false,,0.5226232819248995,0.5226232819248995
GALE_Leu313Met,0,1,false,0,0,false,0.7292290911591901,0.9667396350058433,0.8479843630825167
KRT4_Glu449Lys,0,0,false,0,0,false,0.40154443429540443,0.8931459889614379,0.6473452116284212
TH_Asp267His,0,0,false,0,0,false,0.819600167967479,0.662049996161047,0.740825082064263
AGXT_Arg111Gln,0,0,false,0,0,false,0.5927219407482875,0.7170852625666132,0.6549036016574503
GCK_Gly385Arg,,0,false,,0,false,,0.6066614808802309,0.6066614808802309
IL2RG_Arg285Gln,0,0,false,0,0,false,0.6417698613246634,0.4378214700289272,0.5397956656767953
KRT2_Glu476Val,,0,false,,0,false,,0.4507051811404875,0.4507051811404875
RAD51D_Arg165Gln,,0,false,,0,false,,0.7337317510345502,0.7337317510345502
DIABLO_Ser126Leu,,0,false,,0,false,,0.597191641555817,0.597191641555817
IL2RG_Trp237Arg,0,0,false,0,0,false,0.5261125924282697,0.5828375765377037,0.5544750844829867
AGXT_Glu274Asp,,0,false,,0,false,,0.7497209153084113,0.7497209153084113
HPRT1_Ser104Arg,0,0,false,0,0,false,0.4243270675554601,0.4330371913746248,0.42868212946504247
ALAS2_Gly254Ser,,0,false,,0,false,,0.7908838943475538,0.7908838943475538
SIX1_Tyr129Cys,0,0,false,0,0,false,0.6438958524714339,0.5235890010657813,0.5837424267686075
GCM2_Arg47Leu,,1,true,,1,true,,0.971837549873071,0.971837549873071
HPRT1_Asp194Asn,0,0,false,0,0,false,0.7432662539483009,0.7325830876576735,0.7379246708029872
PLP1_Val184Phe,0,0,false,0,0,false,0.32163425526411876,0.6529884923197463,0.48731137379193257
PYGL_Lys681Thr,0,0,false,0,0,false,0.6057375449640003,0.8335402240600083,0.7196388845120043
PNPO_Arg95Cys,0,0,false,0,0,false,0.5093803366993396,0.5883076002616219,0.5488439684804807
DCX_Met1Thr,0,0,false,0,0,false,0.7786558591949209,0.8890743191982123,0.8338650891965667
GAMT_Asp219Asn,0,0,false,0,0,false,0.4414904181608406,0.6984845702784607,0.5699874942196507
PMP22_His51Arg,0,0,false,0,0,false,0.692894407848208,0.5631195904440787,0.6280069991461433
GLYCTK_His490Tyr,,0,false,,0,false,,0.4389907272258282,0.4389907272258282
PLP1_Ser135Phe,0,0,false,0,0,false,0.7346111981113799,0.6647248875645659,0.6996680428379729
UBQLN2_Pro497Ser,0,0,false,0,0,false,0.6775527707763229,0.6991029126960185,0.6883278417361707
POMT1_Asn144Asp,,0,false,,0,false,,0.6604145208521949,0.6604145208521949
TH_Pro2Leu,0,0,false,0,0,false,0.8605586750838649,0.8238056246696492,0.842182149876757
COMP_Asp271His,1,1,true,0,0,false,0.8850448211231953,0.9468827952808174,0.9159638082020063
SH3BP2_Arg415Gln,0,0,false,0,0,false,0.6399772707912244,0.7093303630856924,0.6746538169384584
TH_Pro121Leu,0,0,false,0,0,false,0.7843073972773341,0.7011296874779732,0.7427185423776537
GRN_Thr182Met,0,0,false,0,0,false,0.6431347011750768,0.7513358905087659,0.6972352958419213
TH_Thr7Pro,0,0,false,0,0,false,0.39551467854510425,0.6827079623315089,0.5391113204383066
MVK_Cys101Tyr,0,0,false,0,0,false,0.5771446137596286,0.3726848688229068,0.47491474129126765
RP2_Arg282Trp,0,0,false,0,0,false,0.6905227908101796,0.5391848415176257,0.6148538161639027
DES_Leu136Pro,0,0,false,0,0,false,0.41284699925133267,0.8914021361166065,0.6521245676839695
ALAS2_Ala135Thr,,0,false,,0,false,,0.6327120567294908,0.6327120567294908
COMP_Asn555Lys,0,1,false,0,0,false,0.8435269149141424,0.9442739773056955,0.8939004461099189
AGXT_Asp201Asn,0,0,false,0,0,false,0.6430549299619525,0.5185804223778336,0.5808176761698931
DES_Arg227Cys,0,1,false,0,1,false,0.8011066793692225,0.9745344008521968,0.8878205401107097
DES_Arg278Pro,0,1,false,0,1,false,0.6074594697965858,0.9675732085689903,0.7875163391827881
DES_Pro419Ser,0,1,false,0,0,false,0.7620994821244306,0.9555218035286371,0.8588106428265339
EMD_Ser54Phe,,0,false,,0,false,,0.7067434392497074,0.7067434392497074
AGXT_Ala295Thr,0,0,false,0,0,false,0.3650945327883983,0.4894088284460625,0.4272516806172304
PLP1_Thr147Pro,0,0,false,0,0,false,0.5499462273410093,0.5733745119112796,0.5616603696261444
COMP_Thr585Met,0,1,false,0,0,false,0.6784037558685446,0.9643593630392435,0.821381559453894
SFTPC_Glu66Lys,0,0,false,0,0,false,0.5793534183787787,0.8986837635088569,0.7390185909438178
AIPL1_Met79Thr,0,0,false,0,0,false,0.7731435782991285,0.7579676601996725,0.7655556192494005
COMP_Ala171Thr,1,1,true,0,1,false,0.9004820412770009,0.9757544977063326,0.9381182694916668
MVK_Val80Ile,0,0,false,0,0,false,0.7164403441510278,0.6330191346102534,0.6747297393806406
HPRT1_Asp194Glu,0,0,false,0,0,false,0.5743198614247418,0.6173998151658819,0.5958598382953119
MVK_Ser329Asn,0,,false,0,,false,0.7767062749266112,,0.7767062749266112
NEXN_Arg171Cys,0,0,false,0,0,false,0.5781712681449435,0.5839370355005566,0.5810541518227501
TH_Val468Met,0,0,false,0,0,false,0.5605592386030143,0.756336282260205,0.6584477604316097
STAR_Arg188Cys,0,0,false,0,0,false,0.8172342372825774,0.8721918166674811,0.8447130269750293
PRKAR1A_Arg335Pro,0,,false,0,,false,0.5935060764711276,,0.5935060764711276
SH3BP2_Pro418His,0,0,false,0,0,false,0.4243683203749717,0.8265879842291249,0.6254781523020483
PYGL_Asn339Ser,0,0,false,0,0,false,0.4274583860706023,0.3937104428291704,0.41058441444988636
PYGL_Thr586Met,0,,false,0,,false,0.47992327653697947,,0.47992327653697947
FBP1_Gly164Ser,0,,false,0,,false,0.7435561599694331,,0.7435561599694331
AGXT_Ser187Phe,0,0,false,0,0,false,0.6451247011118988,0.7340745316687715,0.6895996163903351
GCK_Gly299Arg,,0,false,,0,false,,0.4821710580550665,0.4821710580550665
AGXT_Pro319Leu,,0,false,,0,false,,0.6147603725012546,0.6147603725012546
GCK_Gly175Arg,,0,false,,0,false,,0.678314481407365,0.678314481407365
GCK_Arg303Trp,,0,false,,0,false,,0.684876593251413,0.684876593251413
DIABLO_Ile59Val,,0,false,,0,false,,0.8206901102356428,0.8206901102356428
KRT2_Thr479Pro,0,0,false,0,0,false,0.5679306264859109,0.47071279949818806,0.5193217129920494
DCX_Ser129Leu,1,0,false,0,0,false,0.8888888888888888,0.7815564446935916,0.8352226667912402
PLP1_Leu189Pro,,0,false,,0,false,,0.5866503419062948,0.5866503419062948
LIG4_Thr9Ile,0,0,false,0,0,false,0.7160794676157262,0.6404567520282606,0.6782681098219934
FBP1_Pro284Arg,0,,false,0,,false,0.6241180705614058,,0.6241180705614058
PLP1_Cys193Tyr,,0,false,,0,false,,0.6981434660732551,0.6981434660732551
GCK_Met381Arg,,0,false,,0,false,,0.6642762827619989,0.6642762827619989
KCTD1_His74Pro,0,1,false,0,0,false,0.5846829055043786,0.9394312755514336,0.762057090527906
PLP1_Pro181Ser,0,0,false,0,0,false,0.6300099041565121,0.7149747319733811,0.6724923180649467
DIABLO_Gly224Arg,,0,false,,0,false,,0.6600785122102365,0.6600785122102365
ALAS2_Lys262Gln,,0,false,,0,false,,0.8039676982985396,0.8039676982985396
NCF2_Gly44Arg,0,0,false,0,0,false,0.48255106584400764,0.5096854472273409,0.49611825653567426
KRT8_Tyr54His,0,0,false,0,0,false,0.6226747434785631,0.729319534263956,0.6759971388712596
KRT8_Gly55Ala,,1,true,,0,false,,0.9427870315724137,0.9427870315724137
PLP1_Asp168His,0,0,false,0,0,false,0.40881168247431043,0.4654607466881291,0.43713621458121976
GCK_Val253Ala,,0,false,,0,false,,0.8177172828237074,0.8177172828237074
DES_Leu345Pro,0,1,false,0,0,false,0.5623158828348572,0.9399676314565919,0.7511417571457246
PLP1_Trp128Arg,0,1,false,0,0,false,0.7173291283092594,0.9383552897731323,0.8278422090411959
EMD_Ala56Thr,,0,false,,0,false,,0.6980724503191875,0.6980724503191875
