allele_0,AUROC_Mean_GFP_Adj
PSEN1_Met146Val,0.9812770339986259
CCM2_Gly214Cys,0.8777870567903898
BRCA1_Phe591Leu,0.8678385669059496
RP2_Arg282Trp,0.5299412455564867
RET_Arg330Gln,0.9455508684895212
RET_Val262Ala,0.9063653967575817
SDHD_Ser68Gly,0.7959571449493463
DES_Leu274Pro,0.9297767546637019
GCK_Val253Ala,0.704445129481577
GFAP_Arg79Cys,0.9728475799576657
GBA_GLY234GLU,0.8300879841652535
BRIP1_Ser520Thr,0.6497926233019613
DES_Ser298Leu,0.5978177856449386
CCM2_Pro165Thr,0.8198729835400351
SFTPC_Ala116Asp,0.9029089671156787
KRT6A_Leu468Gln,0.9299407933336505
SMARCB1_Pro48Leu,0.9974199877176648
BRCA1_Ala102Gly,0.9514554509338322
ZC4H2_Ala200Thr,0.8948515541979525
CCM2_Ser83Phe,0.8514930416474846
FH_Arg233Cys,0.8085003418032113
GBA_Asp492Asn,0.9127479715756774
PDE4C_Thr561Met,0.8764721950125584
BAP1_Thr93Ala,0.7495571749850558
NMNAT1_Arg207Trp,0.5812247178142212
CCM2_Tyr144Cys,0.8268418534623758
MIP_Val107Ile,0.6078879362896339
MAP2K2_Glu207Lys,0.9863819313960001
FARS2_Ala166Thr,0.6566205999575478
FA2H_Arg143Cys,0.6786599308424313
CCM2_Glu66Lys,0.926047924515991
BAP1_Cys91Gly,0.8069237067181325
GCK_Ala387Glu,0.6844723700182678
TH_Ile219Thr,0.7461199866127619
MVK_Pro200Ser,0.6102786640955202
HPRT1_Asp194Glu,0.7094563642821956
F9_Ser411Ile,0.5980297484531024
DCX_Thr203Ala,0.9247293176920167
CCM2_Ala179Thr,0.8457158096041675
CCM2_Val53Ile,0.976062089902537
FBP1_Arg218Lys,0.6677679187079156
CCM2_Ala149Thr,0.769956194108039
SMAD3_Asn197Ile,0.881047345987058
BAG3_Pro380Ser,0.9143072802031638
PSEN1_Leu286Val,0.8646261239634894
FARS2_Thr246Met,0.7687256034390677
GBA_ILE158THR,0.8794739733168708
LITAF_Ile92Val,0.9834251055971641
BRCA1_Thr37Lys,0.882534569551164
AGXT_Gly161Arg,0.944158226660295
F9_His282Arg,0.8044292292520032
F9_Glu27Lys,0.629368949761197
PSEN1_Met139Val,0.9578052804252144
FARS2_Asp142Tyr,0.6834700354774297
CCM2_Gly24Asp,0.8529591787675239
CCM2_Ser183Leu,0.9405761238596813
GRN_Thr182Met,0.6781270007009191
GBA_SER235PRO,0.7328557419585919
AGXT_Glu274Asp,0.897882257980672
PSEN1_Arg278Ile,0.9510355415091001
TPM1_Glu23Gln,0.680728871335408
GFAP_Leu352Pro,0.9785446245858382
GFAP_Glu371Gly,0.97637933997995
HPRT1_Ala161Ser,0.7194999681579888
USP10_Thr509Arg,0.9397504759263445
DES_Arg37Trp,0.7923305324820735
KRT2_Asn186Tyr,0.6383810131786813
GFAP_Leu90Pro,0.9686990164035343
GBA_TYR283TER,0.9741447091953367
BRAF_Gln257Arg,0.7758059843276459
SMAD3_Met212Ile,0.7918953527841804
GCM2_Gly203Ser,0.5751743088454302
TGIF1_Ser291Phe,0.9622517914184581
TPM1_Ile172Thr,0.7483233575980863
DES_Ala397Thr,0.7417399896980105
GBA_Gln32Arg,0.860388056047376
MAP2K3_Ile169Thr,0.903355006810796
PSEN1_Gly378Glu,0.9299787889704152
CCM2_Cys211Ser,0.895830166001699
GSS_Pro314Leu,0.621127617175508
LITAF_Pro51Ser,0.8635100472805115
KRAS_Thr58Ile,0.7202412388281707
TPM1_Ala277Val,0.7127307107852976
F9_Asp110Asn,0.7191012074117343
HPRT1_Gly58Arg,0.6274305605327156
PYGL_Asp629Tyr,0.5831814975697913
AGXT_Gly41Glu,0.8597008654854918
NR0B1_Asn440Ile,0.9981917735808208
GBA_ARG83CYS,0.8451852672105171
GBA_Ser146Leu,0.9412035950025965
KRAS_Ile36Met,0.9714863305864863
PDE4C_Thr330Met,0.9180229113559808
KRT6A_Leu170Phe,0.8760109737608149
PHYH_Gln176Lys,0.6371950244016251
POLR1C_Arg279Trp,0.86750741845561
F9_Asp410His,0.662834967043647
F9_Asp110Gly,0.8517851309779199
PTPN18_Tyr281Asn,0.9839855758526804
USP21_Gly321Asp,0.5937296773592142
CCM2_Ser15Leu,0.8502836532866507
CCM2_Lys30Glu,0.840671204088657
GBA_Val437Phe,0.9527499825069917
ADIPOR2_Ser381Asn,0.9600684824455805
GBA_Trp351Cys,0.9872581950706951
RAD51D_Ile251Val,0.9643240914139491
GFAP_Asp417Ala,0.6938674092367514
NEXN_Arg171Cys,0.6287182880306437
DES_Pro433Thr,0.783824289787452
DCX_Ala71Ser,0.8242467326640889
PTPRR_Val387Met,0.9932146171694355
KRT2_Gly219Asp,0.5338515145918575
GFAP_Ala364Pro,0.8628623894056788
CCM2_Thr406Met,0.927493373788447
GATA2_Cys373Arg,0.8621044857783113
MYOZ2_Ser48Pro,0.6076427672863549
GBA_Asp354His,0.965781668788269
UBQLN2_Pro525Ser,0.5436136012001846
PTPRS_Cys27Tyr,0.9961388949764682
GBA_Gly416Ser,0.9518158856639518
COMP_Thr529Ile,0.6091387275138909
FBP1_Met289Leu,0.6476360262814798
GBA_Pro454Arg,0.8173422687395423
CCM2_Ala205Ser,0.8400918403672626
CCM2_Ala405Ser,0.937309204991549
CCM2_Gly407Asp,0.9024670541302795
ZC4H2_Arg213Trp,0.8234771953359927
SMAD3_Ile170Val,0.6736830383133795
AGXT_Gly116Arg,0.9441068215826806
FOXP3_Leu242Pro,0.9312419827594243
MYOZ2_Ile246Met,0.5825286191433265
CCM2_Glu108Gly,0.9219665108989814
SFTPC_Val48Met,0.6329340829569099
CCM2_Ser166Ile,0.8192711657252505
F9_Pro197Ser,0.6431260080789342
SFTPA2_Phe198Ser,0.9664555433333799
GBA_Asn409Ser,0.8570861680729531
PPP1R3C_Asn248Ser,0.9720691844295418
GBA_Asn227Lys,0.8332247173195868
FA2H_Phe144Ser,0.7361041718528814
CCM2_His151Tyr,0.9130634065492286
GFAP_Lys279Glu,0.9686317062759038
CCM2_Glu417Gly,0.8124698331312403
BRCA1_His299Tyr,0.9330417174722652
GBA_Ile299Thr,0.8248602443557969
G6PD_Gly378Ser,0.6974078787648407
GYG1_Arg33Lys,0.6306773648794252
CCM2_Tyr118Phe,0.7736630244672017
MYOZ2_Gln10Pro,0.5172638033748175
FBXL4_Val140Ala,0.9708852239289938
GBA_Met400Ile,0.8169397529720225
DCX_Thr203Arg,0.8562949887989924
GBA_Thr306Ile,0.9706213502258605
COMP_Thr585Arg,0.8411385765729193
F9_Arg379Gln,0.7104116396739082
BFSP2_Arg339His,0.9876571926067779
DES_Gln389Pro,0.8324465857777292
GBA_Trp330Gly,0.9582076456920467
F9_Ala233Thr,0.7698804661425895
BAP1_Pro12Thr,0.6927208848076855
GBA_Asp448His,0.9864617855393232
DIABLO_Gly224Arg,0.5865034128878003
CCM2_Gly188Glu,0.8235728133617026
KLHL3_Ala77Glu,0.6814180891903885
DES_Gly44Ser,0.7611897050187955
GBA_VAL334ILE,0.9012627207009603
RPS19_Val15Phe,0.9544723605588143
BAG3_Arg477His,0.7257928283066071
AGXT_Pro11His,0.7461596732306319
DCX_Ala251Ser,0.8599500405728825
MAP2K2_Gly263Arg,0.7198549325215092
RAD51D_Ile17Val,0.9522551438043971
RAF1_Leu603Pro,0.9508888224328453
PSEN1_Leu271Val,0.9903718031377605
KCTD1_His33Gln,0.8229918802278696
TPM1_Leu185Arg,0.6506964654769232
IL2RG_Trp237Arg,0.9835412584234974
DES_Ser424Phe,0.7228586652805817
GBA_ARG8THR,0.7922589212461988
BRIP1_Leu195Pro,0.667498204153262
SH3BP2_Pro418Arg,0.6742591427210436
CCM2_Glu223Val,0.8674490605597145
GAMT_Asp219Asn,0.5859852140009599
TMEM43_Tyr371His,0.6549543511395477
HPRT1_Met143Lys,0.8531009642730375
GCK_Gly299Arg,0.813750706588077
TPM1_Val95Ala,0.6269946047756316
LITAF_Val81Met,0.8359663680385325
CCM2_Leu212Pro,0.9438691287206605
MAP2K2_Val64Phe,0.7748976824433773
RAD51D_Phe305Leu,0.9531917466008513
BRCA1_His239Arg,0.9279006546549444
F9_Glu54Val,0.9510295900324245
F9_Cys170Tyr,0.9371785466418693
LITAF_Leu122Val,0.9604126404486635
GFAP_Asn77Ser,0.9790527573921228
CCM2_Glu366Gln,0.8710865638214691
CCM2_Met1Val,0.9987795775297907
FH_Arg233Leu,0.731663745396195
CCM2_Ala205Asp,0.8411611292924781
IMPDH1_Val317Ile,0.9130583803569737
CCM2_Gly379Ser,0.9602779599927167
KRT6A_Ile178Asn,0.9401467787980792
KRAS_Tyr71His,0.9401254578754579
PYGL_Asn632Ile,0.9577009143330143
F9_Pro175Ser,0.7248596862200921
CCM2_Ala98Pro,0.7936555124525876
GBA_ARG502CYS,0.8382030922960335
MVK_Ile119Met,0.63705088605716
BRAF_Leu245Phe,0.7647594627216237
HPRT1_Asp201Gly,0.9329512007659
PSEN1_Thr116Asn,0.910095646481126
LRP2BP_Arg143Lys,0.9608773337627101
PYGL_Leu739Met,0.6642724305395302
SDHD_His50Asp,0.8626219129691154
SH3BP2_Arg415Gln,0.5482456079287563
GFAP_Leu235Pro,0.9800729603384952
GBA_Glu427Lys,0.9121373629513142
GBA_VAL391LEU,0.953121766884177
CCM2_Pro77Ser,0.8226035723789307
SDHD_Gly138Val,0.8432568936645122
SMAD3_Leu308Phe,0.8834877475978234
GBA_VAL437PHE,0.8211885666415281
BRCA1_Met671Lys,0.9211135725782986
BRAF_Gly469Glu,0.8936547292971418
HPRT1_Ser104Arg,0.5549538451696554
SMAD3_Trp232Cys,0.9607167176356454
GBA_Gly74Ala,0.9129510515919448
RP2_Arg118His,0.5401492581034864
NR0B1_Val126Met,0.9095307804693191
CCM2_Leu195Pro,0.8639234995425401
FTH1_Lys54Arg,0.6240023495575556
CCM2_Leu195Arg,0.9238929745086089
IMPDH1_Arg273Pro,0.7742996573663008
PTPN18_Arg216His,0.9481170876858731
MVK_Asp386Asn,0.5949309068046593
GBA_Ile407Thr,0.8708528887212996
F9_Glu73Lys,0.6279701394862816
CCM2_Ser426Leu,0.875373432908148
IL2RG_Arg285Gln,0.5896289866640849
IL36RN_Leu27Pro,0.9901824597211549
G6PD_Arg365His,0.5771261349737524
F9_Ile256Thr,0.874341924695362
F9_Gly442Arg,0.5957520881978726
PRPS1_His193Gln,0.9232218277428983
CCM2_Asp126Glu,0.8240658719903258
SDHD_Asp92Gly,0.8368896949604825
THAP1_Gly9Cys,0.7067417165679301
TREH_Thr389Ala,0.812968376258506
CCM2_Tyr261Asp,0.86696487711392
SMAD3_Pro263Ala,0.7431189484957405
CSNK1D_Thr44Ala,0.7348090908832133
SMAD3_Arg287Trp,0.8312087737034166
STAR_Arg188Cys,0.7555416562056347
AGXT_Arg381Lys,0.6847666265644532
GRN_Ser120Tyr,0.6875096356866767
GALE_Lys257Arg,0.7086600076459899
DES_Arg227Cys,0.8438945515402635
SFTPC_Leu194Pro,0.9374456378469425
SMAD3_Arg385Thr,0.7701304712488203
LMNA_Arg41His,0.9526731408039548
SDHD_His50Arg,0.7711304838275177
FARS2_Asn280Ser,0.7281842624653017
PARK7_Ala179Thr,0.9578683541330608
GFAP_Glu371Val,0.9429802709372446
PDE4C_Arg113Gln,0.967507388396686
SOS2_Pro1318Ser,0.8995632213715812
TTPA_Ala120Thr,0.6478800788088891
GBA_ARG17GLY,0.6647125891082039
HPRT1_Leu41Pro,0.9942071918915725
LITAF_Pro39Ser,0.894983066424422
PDIA5_Phe215Ser,0.7351483552026193
GBA_HIS529ARG,0.9223007530589971
BAP1_Thr423Lys,0.6742086545984741
ARFGAP3_Ser231Gly,0.9341508365747623
GBA_SER403THR,0.8249502004304461
GBA_His350Arg,0.9235098037002187
AGXT_Gly161Ser,0.6432594969310617
PDE4C_Leu409Arg,0.9264932842724716
RNF14_Asn447Ser,0.945814973647412
LITAF_Pro135Arg,0.9623864134694385
GCK_Met381Arg,0.7116441252229391
AGXT_Ile279Thr,0.7598211971884332
AGXT_Gly41Arg,0.8472902950356925
RAF1_Ser427Gly,0.735024765486932
BRCA1_Glu116Lys,0.9272308371853473
BRCA1_Cys44Tyr,0.8317869014802717
GBA_ARG301CYS,0.6910418504323443
F9_His303Tyr,0.6183145774555205
GBA_Ser384Phe,0.8588637335397421
PYGL_Thr59Met,0.5319414881498357
F9_Arg294Gln,0.9598958459825732
GBA_Leu213Phe,0.8873573162442299
SMAD3_Ser355Leu,0.7671806279340402
SMAD3_Cys109Tyr,0.9808403753994561
MVK_Val5Ala,0.5674535578127595
CCM2_Ile432Phe,0.908537636394788
DES_Thr453Ile,0.8145685690183236
CSNK1G2_Gly109Ser,0.8366282261708446
CCBE1_Gly136Arg,0.8792389566839907
SLC36A3_Met268Thr,0.7919465421997951
PPP1CB_Asp252Tyr,0.9303571428571429
GBA_Arg392Trp,0.7820152484670739
F9_Val374Phe,0.8955663320818052
LMNA_Leu162Pro,0.9194557470198891
BRCA1_Ser186Tyr,0.9793242757230931
PLP1_Thr121Ile,0.7433764158682492
BRCA1_Phe558Ser,0.9071927357839435
AGXT_Ala186Val,0.6902924287396837
ZC4H2_Ala162Thr,0.8463344728099849
ALAS2_Ser531Gly,0.5757377566857831
RET_Pro64Leu,0.9064712658410299
KRT8_Gly55Ala,0.9903868940351603
RET_Thr278Asn,0.8474214462992873
GBA_Arg170Cys,0.8271839866049977
CCM2_Arg52Cys,0.7744369826060424
CTCF_Asp46Asn,0.6323346001066212
GBA_Met162Thr,0.8434322311600043
BRCA1_Arg391Met,0.9830016738840657
GBA_Ser395Phe,0.9498063233262892
CDKN1A_Arg84Gln,0.8977915935399661
HBD_Pro37His,0.5359986080865833
RAD51D_Glu233Gly,0.9396073952271837
F9_Arg191Cys,0.8683690072099588
GRN_Ala324Thr,0.7718422706946051
GBA_LEU393VAL,0.8033373126124448
GFAP_Tyr366Cys,0.9688058210931756
AGXT_Gly82Arg,0.82741187032392
RAD51D_Val66Leu,0.7262876823309983
PSEN1_Pro88Leu,0.9492646446389339
FH_Ser419Pro,0.8926607311351948
RAF1_Asp486Asn,0.904039271324349
TPM1_Glu40Lys,0.6210085716527967
COMP_Thr585Met,0.8520868800044171
DES_Arg127Pro,0.9431162998404287
GFAP_Glu207Lys,0.8425118365088595
CCM2_Ser398Tyr,0.9428103038218605
AIPL1_Arg302Leu,0.9202886982534534
PYGL_Thr586Met,0.8091155781172993
GBA_TYR251HIS,0.9276841319756949
SMAD3_Leu274Pro,0.98361989615661
FH_Ser334Arg,0.8805254457094263
MAP2K2_Lys61Asn,0.8482984700767858
BAP1_Glu31Lys,0.533707752304706
RAD51D_Val28Leu,0.9473587766482168
KRAS_Gly13Asp,0.7284185509863844
TTPA_Glu141Lys,0.9576373246830402
CTCF_Ala697Thr,0.5668405889769181
BRCA1_Cys39Arg,0.8942182444784195
CCM2_Asp227Asn,0.8414477065631759
RABGEF1_Glu231Lys,0.7844406300771191
PTPRR_Ala367Glu,0.997124529174208
F9_Cys28Arg,0.9681463599557179
BRCA1_Glu631Lys,0.8115617739389402
BRCA1_Ser611Arg,0.9133408756743286
TPM1_Lys248Glu,0.7687877645157308
CCM2_Arg412Trp,0.9098980300556065
MVK_Thr209Ala,0.6910577973712986
CCM2_Asn94Ser,0.8783722434033564
STAR_Arg182His,0.6107729907827211
SMAD3_Gln316Pro,0.8641855571890913
F9_Phe395Ile,0.8682659613540689
PSEN1_Glu280Gly,0.8938274559987818
CCM2_Gln313Arg,0.8296551924589316
GBA_SER77ARG,0.937827888423875
CCM2_Tyr221Asp,0.7982309031802446
KCTD1_Ala30Glu,0.797507489453829
NCF2_Gly44Arg,0.7957410933460343
HPRT1_Asp80Val,0.8841741889620303
F9_Ser220Thr,0.6838268336794451
GBA_Pro430Leu,0.9490932815634592
BRCA1_Thr587Arg,0.8597576660649082
HBD_Asp100Asn,0.8858989936333915
POLR1C_Arg279Gln,0.7913445911437266
CCM2_Glu54Lys,0.8298144133982803
FANCC_Asp195Val,0.9308450957522658
CCM2_Ser248Gly,0.8263954967268177
CCM2_Arg389Trp,0.9103596733027132
TMEM43_Arg220Cys,0.5396784589538834
GBA_Ser281Asn,0.7550587588247148
SMAD3_Arg385Gly,0.8605335006771992
GBA_Arg296Gln,0.7769140495841618
TPM1_Ala166Thr,0.6441930370125023
PLP1_Gly74Arg,0.9912119934490311
CCM2_Glu128Lys,0.8040775182107598
PTPRS_Ile43Asn,0.9980051892232327
PNPO_Arg95Cys,0.9474330756979266
TPM1_Lys15Asn,0.7385657798536309
FARS2_Arg419Cys,0.6925494681455187
AGXT_Ile202Asn,0.9387851644917207
KRAS_Gly12Val,0.9273358460580526
DES_Leu136Pro,0.9171290666532858
MVK_His20Gln,0.5629326773050617
CCM2_Pro55Ala,0.893502303299404
GCM2_Arg47Leu,0.7294764548773709
GALE_Arg239Trp,0.7442184620263853
FGD4_Arg194His,0.5910286638655065
FANCC_Leu496Arg,0.9039436696730931
CALM3_Gly135Asp,0.9625398107855416
PLP1_Leu189Pro,0.995327244927153
SMAD3_Pro124Leu,0.9876985589126004
APOA1_Arg197Cys,0.917209678483862
SMAD3_Ser423Arg,0.7111987801226629
CTH_Thr67Ile,0.8199402953249553
DES_Gln131Lys,0.6518403495735182
DES_Arg350Pro,0.8808384666851236
SMAD3_Asn59Asp,0.8424906442893195
RAF1_Leu613Val,0.7644049129624494
PSEN1_Gly206Ala,0.9744235076165648
ZC4H2_Arg211Trp,0.9377504352109636
BFSP2_Arg287Trp,0.9819631970219638
GBA_PRO12SER,0.7249799993539509
FOXP3_Gln70His,0.8959846281928525
DES_Val126Leu,0.9420826743227355
GBA_Asp448Val,0.9554876988770933
DES_Ala213Val,0.6547004558617147
GBA_Ser463Thr,0.7167189001294401
ARFGAP3_Met431Thr,0.8428219970088832
RET_Arg313Gln,0.7593089425681723
GFAP_Arg88Cys,0.9792742243253717
RAD51D_Arg165Gln,0.9509395783276282
SLC36A3_Lys167Glu,0.7307817750171586
CCM2_Thr241Ile,0.8510698443203479
GBA_ILE200ASN,0.8483386050146526
PPP1R3C_His129Gln,0.986193116863589
BST1_Arg160Gln,0.9619607586867338
POMT1_Ser515Arg,0.5731946599985929
SDHD_His102Leu,0.9564903958266662
PYGL_Ser675Thr,0.5517940727398394
FARS2_Asp325Tyr,0.6888580800078485
KRT8_Gly53Val,0.9715446222607045
HPRT1_Gly71Arg,0.520095074785265
CCM2_Ala179Ser,0.8115444385737491
CCM2_His247Asp,0.8227506154706976
FARS2_His135Asp,0.6355904988959011
TPM1_Asp230Asn,0.6907651849536028
LITAF_Gly112Ser,0.9047630496174655
ZMYND10_Arg243Cys,0.836785615016509
MVK_Val278Met,0.5857382422671031
RAD51D_Ala231Ser,0.950215928197596
LITAF_Gly130Ser,0.9948043122749455
KRT83_Glu407Lys,0.5245523124208107
PTPRR_Val386Ile,0.9637788733697303
HGD_Ala48Ser,0.8292745681466239
SFTPA2_Gln223Lys,0.9048172111057882
FARS2_Leu371Phe,0.6943327705178723
GATA2_Pro41Ala,0.5524465331642161
UBQLN2_Pro509Ser,0.5367908958017397
GBA_Tyr244His,0.861595518159389
F9_Thr194Ala,0.6545071930127428
DES_His243Tyr,0.777634985055298
GBA_Ala485Thr,0.8860963030732234
CCM2_Pro281Ser,0.7692458342096731
HPRT1_Ile132Met,0.6324115395997646
TH_Pro2Leu,0.6676539721292684
RABGEF1_Pro369Leu,0.887402357911637
DCX_Arg89Gly,0.7795963280565974
RAF1_Asp381Asn,0.6382303034704093
DES_Pro419Ser,0.7921609140838659
PMP22_Leu16Pro,0.9736469731100593
MVK_Arg388Gln,0.6515496823381708
F9_Cys396Ser,0.8952529914396707
KRT6A_Asn171Thr,0.8102308739882098
POMT1_Asn144Asp,0.6865270886669192
CTCF_Arg342Cys,0.714477096792865
SHOC2_Gln269Arg,0.6841488306481447
PMP22_Arg157Gly,0.6801978907402908
MIP_Val67Ile,0.5702641588806916
POMT1_Ala200Pro,0.7544264347751409
CCM2_Asp411Asn,0.7309075736529156
RAD51D_Cys9Ser,0.9076324791040467
CCM2_Ile331Phe,0.9562278785011192
CCM2_Asp110Asn,0.885567474859463
GFAP_Met73Arg,0.9644767139347314
ZC4H2_Ala157Thr,0.9396742595098364
PLP1_Ile152Thr,0.9666714785980655
SMAD3_Trp94Leu,0.9812658079864067
CCM2_Glu201Asp,0.7908317291174718
GBA_ARG170LEU,0.7974044232290418
CCM2_Thr86Ser,0.8487208011311616
GFAP_Pro47Leu,0.6261080928830562
TEAD2_Pro213Ser,0.9497898748507276
RAD51D_Val132Ile,0.9613399603938423
SDHD_Leu139Arg,0.8019977435899406
GBA_Ile20Val,0.7465714673056423
CCM2_Asp376His,0.9594222069624907
CTCF_Tyr226Cys,0.7801691980048993
BRCA1_Gly666Val,0.8507520048398015
TPM1_Ile92Thr,0.53602655118471
GBA_GLY416SER,0.9783479552021568
GBA_Gly289Ala,0.8386453639401341
DES_Ala135Val,0.6644344779182236
TH_Ile209Met,0.5782239082182401
TH_Leu205Pro,0.6410389907010261
TMEM43_Ala366Thr,0.621478299177586
LMNA_Arg377Leu,0.9993110029697748
DIABLO_Ile59Val,0.7091778668022993
COMP_Asp511Glu,0.8724166993763097
FARS2_Gly309Ser,0.8429912164332447
PSEN1_Ala79Val,0.9963942864727571
BRCA1_Pro533Leu,0.8923382699122617
MAP2K2_Tyr134His,0.9695226955505194
GBA_GLU365LYS,0.8226650085664995
F9_Cys335Trp,0.962531754552911
YES1_Tyr199Phe,0.8067602859199623
KCTD7_Asn273Ile,0.9675193090209087
PARK7_Arg98Gln,0.8602728514172084
APOA1_Ala199Pro,0.8759972299188451
GFAP_Leu357Pro,0.9978070967893584
CCM2_Thr106Ile,0.8824189540317156
AGXT_Arg118Cys,0.7586835795136612
PSEN1_Cys410Tyr,0.8423475641298521
TPM1_Glu54Lys,0.6685207004303952
CTCF_Pro643Ser,0.5455753292273283
DES_Ala357Pro,0.8375490083493823
HPRT1_Gly70Glu,0.9144724110446238
RABGEF1_Glu191Lys,0.8843640572422928
APOA1_Arg34Leu,0.7390270788154907
CCM2_Thr44Ile,0.8713786362470697
FBP1_Asn273Ser,0.7359126295009797
PNPO_Arg116Gln,0.9647755821912619
PSEN1_Ser170Phe,0.8115247910274517
TPM1_Arg160His,0.6741084329427476
BRCA1_His41Arg,0.801553828099344
GBA_Ala308Thr,0.6746461096904115
SOS2_Val869Ile,0.992444208049766
F9_Pro333Leu,0.9749317878659766
ZC4H2_Leu66His,0.9834276720477176
CCM2_Ile136Val,0.7994207905212878
SMAD3_Tyr364Cys,0.7898210307300623
CCM2_Val120Ile,0.9471151237765572
PLP1_Thr43Ile,0.9939754172112776
ZC4H2_Arg18Lys,0.9675319752749925
AGXT_Met49Leu,0.5826938530373451
IRAK4_Ala428Thr,0.6068616870249779
BRCA1_Met1Ile,0.9821884239745677
BRAF_Leu485Phe,0.6213802835792788
CTCF_Arg342Gly,0.8981292507803298
SDHD_Ala90Val,0.7195509072704908
GCK_Arg377His,0.7131852754686632
BRCA1_Arg595Gln,0.840005815701565
ADIPOR1_Tyr353Cys,0.861253554362672
SDHD_Ile31Val,0.8191569473951141
CCM2_Asp442Asn,0.881883197388258
BRIP1_Arg848His,0.7276084271902732
SEC31A_Leu365Phe,0.9294675589510006
STAR_Val187Met,0.8230314009529264
TGIF1_Arg219His,0.9958655429623171
KRT2_Thr479Pro,0.7522701556870275
CCM2_Val190Met,0.9498509403490476
BAP1_Arg718Gln,0.6542233760448498
RHO_Cys110Tyr,0.9988849065655585
CCM2_Asp410Val,0.798317570752223
CCM2_Gly418Glu,0.8961638653248216
CCM2_Thr296Ala,0.9041551452372212
AGXT_Ala295Thr,0.6409278423791043
KRT8_Gly434Ser,0.9792904900133377
BRAF_Gln262Lys,0.6486655363592662
AP2S1_Arg15Cys,0.938573869200454
BRAF_Lys499Asn,0.649100018714823
CCM2_Pro102Leu,0.816580510908866
RAD51D_Thr328Ile,0.9665538308177837
CCM2_Asp411Glu,0.7769700915711599
THAP1_Lys89Arg,0.671939577322838
SMAD3_Met255Arg,0.9486558375430992
CTCF_Tyr407Cys,0.6476757566608529
F9_Asn166Tyr,0.9485757068660821
CCM2_Thr44Ser,0.8902740919535979
SLC36A3_Leu454Ile,0.9215276577087457
F9_Arg3His,0.5734396822321899
CCM2_His137Gln,0.8639618721239666
TPM1_Glu180Val,0.7829527685660311
RAD51D_Gly289Ser,0.9152488593765762
MAP2K3_Ala91Val,0.9135712983689728
RHO_Pro267Thr,0.9870687961453297
KRAS_Asp153Val,0.8046922099589244
PLP1_Gly186Cys,0.977212137729089
CCM2_Ser143Phe,0.8261115667117719
WRAP53_Arg68Gly,0.6812934362934362
KRT6A_Asn171Ser,0.8457294681133503
GBA_Cys381Gly,0.9052796067147615
AIPL1_Thr114Ile,0.5505697219382576
TGIF1_Thr280Ala,0.9733253855873366
LITAF_Arg160His,0.9813983276008507
SLC36A3_Gly83Glu,0.9024847117310743
PHYH_Arg275Trp,0.8619985614465024
PSEN1_Glu120Asp,0.7661624115775324
NT5C3A_Asp132Val,0.9816034938631222
GFAP_Glu205Lys,0.7863196331100142
MAP2K2_Pro128Leu,0.909439389280234
CCM2_Gly436Ser,0.845918328477336
DES_Arg212Gln,0.7323624686979282
GBA_ARG78CYS,0.8721272106365674
GBA_ALA59THR,0.8720852506487373
GBA_Asn314Ser,0.6853499499563356
BRCA1_Arg71Gly,0.8505654508998153
CCM2_Asp61Asn,0.8739872352159386
KLHL3_Cys164Phe,0.8602550040049779
GBA_Leu15Ser,0.6753555037535057
GBA_Leu307Phe,0.8190591284602258
GFAP_Arg376Trp,0.8999970544131011
BRCA1_Leu460Pro,0.90626856238796
GBA_Arg78His,0.8110085858683391
NT5C3A_Gly202Arg,0.9767859917588901
COQ8A_Gly272Asp,0.9532675493663534
MVK_Leu255Pro,0.9529848510295024
DCX_Arg102Cys,0.9560249108328553
SHOC2_Asn527Ser,0.7537168732058919
PSEN1_Arg269His,0.9977946910014881
RAF1_Phe22Leu,0.6502018150300705
KRT6A_Ile462Asn,0.8751193788601332
CCM2_Gln441Arg,0.7717519440230687
DES_Met349Ile,0.621382938387561
CCM2_Leu298Met,0.8347126366969905
CCM2_Ala293Thr,0.8783774113351999
LITAF_Trp116Gly,0.9790015640926438
SHOC2_Ile112Thr,0.6390955879603312
GALE_Asp103Gly,0.5945728239348829
FOXP3_Gly52Val,0.7323586569598948
SOD1_Lys145Thr,0.9893541248316922
BAP1_Cys91Ser,0.6208337488862616
BRAF_Thr241Arg,0.756414504924302
NR0B1_Tyr380Asp,0.9938999605600614
PPP1CB_Ala56Pro,0.9872516254267538
DES_Asp312Ala,0.5735282018698605
PYGL_Asn339Ser,0.5599882901101767
RAD51D_Arg55Trp,0.7273523797316686
BAG3_Arg258Trp,0.6498431450621406
BRIP1_Val76Ile,0.6732161184317613
GBA_TRP432TER,0.9345205347760681
KCTD7_Arg112His,0.9799853740091666
F9_His282Tyr,0.6812306489150357
RAF1_Thr491Arg,0.7059085587096399
GBA_SER439ASN,0.8955572810015251
CALM3_Asp94Ala,0.9822761290317918
FARS2_Ser57Cys,0.5968794430794011
GBA_SER5ASN,0.9726405962159448
PTPN18_Leu208Phe,0.9600384070271614
F9_Asn306Ser,0.966768447835924
PDGFRB_Pro660Thr,0.894439954892174
NMNAT1_Asn273Asp,0.5325723127874302
CCM2_Arg390Gln,0.8799225815992009
F9_Val257Ile,0.6303631650188595
SFTPC_Glu66Lys,0.7739326897424332
NCF2_Asp93Glu,0.550803594279617
TPM1_NA,0.8284391572363683
BRCA1_Leu660Pro,0.6515543428939277
GRN_Cys105Arg,0.8652229025082988
TGIF1_Arg219Cys,0.9829386123805707
SLC36A3_Ala114Asp,0.7677325082313862
GBA_Phe450Ile,0.8789146250082003
GBA_CYS11SER,0.9199076082335196
CCM2_Glu290Lys,0.8076534748553925
GBA_VAL230GLY,0.8544656817037308
CCM2_Val255Leu,0.7852451381407131
PSEN1_Ile143Thr,0.869839475240703
BCL10_Leu8Leu,0.5309345262241604
NR0B1_Trp105Cys,0.7139668565168751
CDKN1A_Ser31Arg,0.8189685716831836
SFTPB_Ala280Thr,0.5847591550147596
KCTD1_His33Pro,0.7599128353399209
KRAS_Pro34Leu,0.7888480325315528
PMP22_Arg157Trp,0.6881311417173019
F9_Glu73Val,0.7003096880005419
LMNA_Arg349Leu,0.9027401762715509
RAD51D_Met308Val,0.9815016920295068
SFTPC_Arg167Gln,0.7349625235796258
COQ8A_His80Tyr,0.9583490042971408
SEC23A_Glu572Ala,0.9585458716373592
CCM2_Arg346Cys,0.8489202534082021
F9_Cys178Phe,0.9164390358981778
F9_Arg191His,0.7279414562691379
PSEN1_His163Tyr,0.9890217867568427
GSS_Arg125Cys,0.639774804254942
G6PD_Ile48Thr,0.9098306292899474
AGXT_Arg111Gln,0.7281127979137166
KRT2_Glu488Lys,0.6451190514316817
GBA_ARG170CYS,0.8135582392248704
KRT6A_Ser176Pro,0.897486830851233
CCM2_Ala123Val,0.830017078555109
F9_Ile136Thr,0.6593772567021357
DCX_Arg78His,0.8123076509008212
ZC4H2_Lys217Arg,0.9514135297723203
RPS19_Arg101His,0.9105102227088001
NFU1_Gly208Cys,0.5414456690489292
CCM2_Ser164Phe,0.8497328373021071
BRCA1_Asn132Lys,0.9301599263953864
F9_Val195Gly,0.6647657646782186
CCM2_Arg40Cys,0.8504247046559548
COMP_Asp605Asn,0.7352350714169643
GBA_Leu483Pro,0.81053793435676
GBA_ALA348VAL,0.8839902294517408
KCTD1_Gly62Asp,0.548441101369094
FXN_Trp173Gly,0.9173717511952806
KRT6A_Asn171Asp,0.9175224601997108
SDHD_Gly106Val,0.7515991076939397
SDHD_Tyr114Cys,0.7847146453794207
SMAD3_Arg279Lys,0.801129621773305
SEC31A_Glu482Asp,0.898695814585672
SDC3_Val136Ile,0.8250896422108975
ARFGAP3_Val320Leu,0.9263365772456977
FA2H_Arg62Cys,0.7914061821658425
GBA_ARG159TRP,0.8216025147209276
GMPPB_Pro32Leu,0.8242416914561249
F9_Ile443Thr,0.7825973256232883
HBD_Asn58Lys,0.5863168936586711
SLC36A3_Arg231His,0.7325508832834825
PNPO_Arg95His,0.9631993380514126
GBA_GLN32HIS,0.8043914100317486
PLP1_Pro181Ser,0.8952822251923171
F9_Cys407Arg,0.8343693911471923
RAF1_Cys95Trp,0.7604118130964712
TH_Thr7Pro,0.5524371098035646
ALAS2_Phe128Leu,0.726370082395672
KCTD7_Ala237Gly,0.8943341342143554
GMPPB_Pro22Ser,0.9226627478822004
GFAP_Asp295Asn,0.9946892472934696
NCF2_Asn448Asp,0.5922324689767888
GBA_Pro305Ala,0.8992467110574539
BAP1_Arg59Pro,0.8567097227510427
GBA_LEU144ARG,0.8688187246618525
GLYCTK_Phe493Cys,0.7572739380992124
LITAF_Asn30Tyr,0.8799423869024949
GBA_Glu427Ter,0.8694499656667279
GFAP_Met74Thr,0.9267416067739401
SMAD3_Thr261Ile,0.9045272602791573
CCM2_Arg423Pro,0.9753967606452678
CCM2_Arg346His,0.8541959260947826
GBA_Pro440Leu,0.9028379303280913
TPK1_Asn50His,0.6189870769410526
PLP1_Asp168His,0.9430604220908781
SLC36A3_Pro123Ser,0.8198071565365216
RP2_Arg118Leu,0.9958005487089483
RET_Arg67His,0.7891460761437705
CCM2_Ser84Asn,0.9028101170886271
TGIF1_Tyr59Ter,0.9022658665539888
CCM2_Gly162Glu,0.7734511434656421
HBD_Leu76Val,0.5239533212463394
PSEN1_Gly217Arg,0.9877780018833855
CCM2_Asp431Asn,0.9038812258520368
PPP2R2B_Val305Met,0.9690402578967316
SFTPC_Ile73Thr,0.9941863522047634
PMP22_Ala135Thr,0.5315683017370145
MVK_Val80Ile,0.5270478620486385
GBA_Trp223Cys,0.8454948850099777
TH_Arg306His,0.751393451544192
RAD51D_Ser46Cys,0.6528412112959622
TPM1_Ala22Thr,0.9187499659206713
RAB33B_Lys46Gln,0.977329292404477
PSEN1_Leu381Val,0.8751564563660597
F9_Arg75Gln,0.5466016766099383
SMAD3_Ile87Thr,0.7558252665693445
GBA_LYS480ASN,0.8910021925999707
MVK_Pro167Leu,0.6585168899665985
DES_Tyr122Asp,0.9409016432090331
SDHD_Ala90Glu,0.7489625113517158
EIF2B4_Arg306Gly,0.5831326576960429
FADD_Cys105Trp,0.968980532446841
CLDN19_Gln57Glu,0.9979238141227951
F9_Gly357Arg,0.5874002493482018
TH_Gln381Lys,0.6821413920398929
CCM2_Asp440Asn,0.8312040952451938
PYGL_Pro382Leu,0.8706673426439593
PPP1CB_Glu183Ala,0.9811198837733281
AMPD2_Glu697Asp,0.7751659120953655
CCM2_Gly103Arg,0.9423382443039979
PRKAR1A_Arg335Pro,0.8137530601397233
F9_Ile7Phe,0.6390915414380408
GBA_Ser35Leu,0.686452644338007
SDHD_Val111Ile,0.7881852887743381
CCM2_Ser60Arg,0.8675842241139262
FANCC_Leu554Pro,0.9512685810523905
TEAD2_Gly226Ala,0.9871065559035825
CCM2_Gln72Arg,0.8246554605676042
CCM2_Ile197Leu,0.7650904477371252
PSEN1_Leu174Met,0.9626190609594446
KRT8_Ile63Val,0.9910704623204623
CCM2_Asp301Gly,0.9556012644012728
PTPRR_Val439Ile,0.9102065453791293
CCM2_Thr267Asn,0.7894362958774915
FH_Pro174Arg,0.9047278413974456
MVK_His20Pro,0.6721223916061551
SHOC2_Glu13Ala,0.7486368259952056
CCM2_Pro77Gln,0.812050516231825
RAF1_Asn71Ser,0.5913548013716704
CUL3_Lys459Arg,0.675095434939157
MAP2K3_Met90Ile,0.943518836400411
CCM2_Arg423Cys,0.8214397549386495
PSEN1_Met146Leu,0.7737429056851524
AGXT_Ser221Pro,0.8774049635541552
TMEM43_NA,0.6611969068694448
RHO_Asp190Gly,0.9990821568362624
DES_Ser46Tyr,0.7506594579333914
TH_Glu27Asp,0.610700728557639
NT5C3A_Gly275Arg,0.9610650517899794
F9_Cys335Tyr,0.9687113640387066
CCM2_Ser245Cys,0.8253069773903292
DCX_Lys50Asn,0.8817071870217956
CCM2_His364Tyr,0.8297839049733513
GBA_LYS13ARG,0.782704518373488
PYGL_Tyr821His,0.7852166022476437
AGXT_Asp201Asn,0.9649854280056066
VPS26A_Asn19His,0.9931392561200246
LITAF_Val144Met,0.9455339182116386
KCNK18_Val125Ile,0.9713465085232862
GBA_ALA348GLY,0.6901790758534398
GBA_Gly241Arg,0.9490033130277089
FARS2_Gly3Val,0.6873430314154596
SMAD3_Val410Phe,0.9692010603075895
SMAD3_Glu239Lys,0.97674819314467
GBA_Ala495Pro,0.8791371197455311
AGXT_Ala248Ser,0.7048582228969926
SMAD3_Arg373Cys,0.997208180866548
SHOC2_Ser4Arg,0.806420167283639
RET_Leu56Met,0.7629912590200378
RAF1_Gly361Ala,0.9718796360781816
BRCA1_Gly602Ala,0.9401575830952247
RNF14_Leu316Arg,0.9799112769119582
GAMT_Ala196Val,0.5433125852130365
TPM1_Ala63Val,0.7253845338095033
KCNK18_Arg10Gly,0.6754668919788309
SMN2_Gly287Arg,0.9522473999447684
AGXT_Ile340Met,0.6812294884231521
BRCA1_Met1Thr,0.9682707466634268
GCK_Gly44Asp,0.7078977723086861
FOXP3_Ile363Val,0.8818254579866409
SHOC2_Thr321Ala,0.7908123177265816
HBD_His147Arg,0.5593282434011109
AP2S1_Arg15His,0.9658522899750793
RAD51D_Asn138His,0.9685641036783597
CCM2_Arg423His,0.8136241276164046
GBA_Leu483Arg,0.8960903006761132
CCM2_Thr74Met,0.8283431600659187
KRAS_Gly60Arg,0.9096389565030212
MSRB3_Cys82Gly,0.9780825907127098
LITAF_Pro135Thr,0.9544639328065924
MAP2K2_Arg112Leu,0.8970615944898954
KRT6A_Glu472Lys,0.8812239359945829
CSNK1G3_Thr133Ile,0.8611835401640822
GBA_SER4PRO,0.9568713994623986
KRT2_Glu476Val,0.798111658456486
HBD_Arg105Ser,0.704290240777993
KCTD7_Trp235Ser,0.957128933808304
GBA_Gln182His,0.9338455791377609
COMP_Cys348Arg,0.9406885659465155
BRCA1_Met548Ile,0.929053888920853
SHOC2_Ser57Phe,0.674976628712594
GFAP_Arg239Leu,0.966135052714602
GBA_Phe255Val,0.764535067699108
CCM2_Glu433Lys,0.786848349233758
CCM2_Cys170Tyr,0.8321614540965083
AGXT_Ala248Val,0.5687632119856771
BFSP2_Ala407Asp,0.9162140769642838
F9_Ile316Thr,0.9701372260604583
CCM2_Ile130Val,0.8353732188458929
THAP1_Val193Ile,0.8548964270605102
CCM2_Arg412Gln,0.8257930199654103
CCM2_His137Arg,0.7302751853147872
GBA_TYR50HIS,0.9178293622725289
SMAD3_Glu284Gln,0.6518878658476841
CCM2_Ala205Thr,0.8026989323332927
USP10_Thr513Arg,0.8705854465272398
GBA_Arg392Gly,0.948694770906897
AGXT_Ala85Asp,0.8516790592399146
FARS2_Tyr144Cys,0.6325649515750891
GALE_Leu313Met,0.8138784150841505
TGIF1_Pro292Leu,0.9580968305230004
DES_Val56Leu,0.7043277078534648
TPM1_Met8Arg,0.6439611521178455
IL36RN_Thr123Arg,0.8535429494250232
PLP1_Val184Phe,0.9221033076656016
PSEN1_Leu392Val,0.9705812411746313
KRAS_Gly60Ser,0.7094782721507429
OSBPL6_Arg53Gln,0.980372558112431
PRKAR1A_Arg74His,0.5822819721765193
TH_Arg89Arg,0.6040761329881703
HPRT1_Asp177Tyr,0.9523916269255729
GBA_Asp492His,0.9769518751681225
F9_Lys39Arg,0.5079999782020741
GBA_SER19ASN,0.7661537567373937
GBA_LYS385ARG,0.6623231003272818
AIPL1_Met79Thr,0.9956935306210564
IER3IP1_Leu78Pro,0.8485275912554002
GBA_Ser35Pro,0.8316091282821068
APOA1_Val180Glu,0.838348440864368
KLHL3_Glu85Ala,0.7698424713829021
MAP2K3_Ala84Thr,0.7274702960601714
CDKN1A_Arg67Leu,0.8183477311020989
TH_Val136Met,0.5397904574318401
CCM2_Arg40His,0.8073040892749033
TEAD2_Ala267Val,0.9149696152599636
CTCF_Arg283His,0.9908746888302757
F9_Cys124Tyr,0.9545040328830421
ALAS2_Arg374Cys,0.7579937038848148
PSEN1_Gly206Val,0.9964042015044186
DES_Glu413Lys,0.9365768007622759
F9_Arg226Gln,0.741208218848193
NT5C3A_Cys108Arg,0.9800493083483615
ALAS2_Asp153Val,0.5822272078841568
PSEN1_Glu280Ala,0.6073706182259697
POMT1_Ala647Thr,0.5790680097895873
SUCLA2_Pro230Ser,0.6078849565490565
BRAF_Gly464Val,0.7672186317834712
DCX_Met1Thr,0.5767431757246679
BRIP1_Gln255His,0.7605571394048165
RAF1_Pro225Ser,0.8516562513259722
TAT_Pro220Ser,0.9368540472367664
BRCA1_Lys502Glu,0.840884752051128
BAP1_Asn290Ser,0.6048766212846245
MVK_Arg106His,0.6616833770366879
DES_Gly84Ser,0.6317752457682821
KRT6A_Leu468Pro,0.9185640016939804
FARS2_Ile388Ser,0.8030784895949141
GBA_Asp438Asn,0.836683422867299
FH_Gln376Pro,0.951006753880852
LIG4_Thr9Ile,0.9281914893617021
BRCA1_Pro510Ser,0.9229528811211535
GBA_VAL54LEU,0.907069647238645
BRCA1_Asp67Tyr,0.9461560214349707
SMAD3_Arg323His,0.7317921064578752
GBA_Lys118Asn,0.8793637968970401
GBA_Leu410Val,0.9293325656790423
GYG1_Ala16Thr,0.6811001430265617
CCM2_Asn327Ser,0.9289152096335493
BRCA1_Cys64Tyr,0.9241478999330643
TPM1_Ala239Thr,0.7356492566203882
GBA_ARG368HIS,0.7663706194203321
RET_Gly321Arg,0.7901688262765079
KRAS_Lys5Asn,0.785453353462347
GBA_GLY154ARG,0.8475106151401873
CCM2_Pro102Ser,0.8439867622367441
CCM2_Pro165Ala,0.8978174236511716
SHOC2_Thr205Ala,0.7099646650830636
BRCA1_Cys61Gly,0.9016271386351649
UBA52_Asn129Asp,0.9578682896859685
TH_Asp267His,0.7386588886616967
APOA1_Ala188Ser,0.8376556482081651
CCM2_Leu212Val,0.8152070501949908
FXN_Gly130Val,0.7617741044722288
ZC4H2_Val63Leu,0.8175481002713028
NMNAT1_Leu153Val,0.534681830940809
SOD1_Ala5Val,0.9802009216638498
TH_Ala226Thr,0.6497505581397234
KCTD7_Arg99Ter,0.9429152517558406
BAG3_Leu462Pro,0.8153756503107807
NCF2_Asn419Ile,0.5641426380703256
CTCF_His455Gln,0.7970462238297459
HPRT1_Asp194Asn,0.654261052053509
PNKP_Glu326Lys,0.8171558669250292
CCM2_Ala237Val,0.7623704656132702
SMAD3_Asp258His,0.8111042998052145
TTPA_Arg192His,0.7758437497638209
DES_Arg278Pro,0.8548290001115026
KLHL3_Met78Val,0.7116686407667436
PLP1_Thr147Pro,0.9936152870776822
SLC36A3_Pro185Ser,0.8672467942666724
MAP2K2_Phe57Leu,0.9118759031844332
RAD51D_Glu307Lys,0.9459911927187455
CCM2_Ala232Val,0.8371524226676306
GBA_Val414Leu,0.9446417086903356
BRIP1_His587Arg,0.6790361552920001
AGXT_Pro319Leu,0.6926921764654791
ALAS2_Gly254Ser,0.7973688159758057
UGP2_Gln76Ter,0.954121441861751
DES_Tyr331Asn,0.8263438235724822
BRCA1_Thr581Ala,0.853191220836309
SNIP1_Ala174Val,0.48630251238340017
ZC4H2_Arg198Gln,0.9062184815039973
PYGL_Asp634His,0.9384666352492924
BRAF_Asp565Glu,0.6102360015253971
AGXT_Ser218Leu,0.9351417497792514
CCM2_Thr395Ile,0.9361285041185659
FH_Arg160Gly,0.9977211534203941
DES_Thr445Ala,0.7147659864791539
KRT6A_Val523Phe,0.6303355437090638
BAP1_Ser596Gly,0.5364657273039037
BRCA1_Thr616Ala,0.9786942231708409
NR0B1_Arg425Ile,0.9992054852971914
PPP1CB_Arg220Cys,0.8907527002037989
BAP1_Leu49Pro,0.7054360184355447
CCM2_Gly188Trp,0.8860441429401635
CCM2_Ser416Ala,0.7833219592432501
PPP2R2B_Ala494Val,0.9230607501048438
RET_Thr338Ile,0.7687411754798676
G6PD_Glu398Lys,0.6571171967153638
AGXT_Ser187Phe,0.8905198162627499
CCM2_Leu310Val,0.8602061188316896
GBA_VAL56ASP,0.9453181631531857
TH_Gln39Glu,0.6066021823143263
IMPDH1_Asp275Asn,0.8745168805953172
GBA_Gly85Glu,0.9744730258713286
CCM2_Ser393Gly,0.9080645096008405
CTH_Gln240Glu,0.888157616595439
LITAF_Phe136Leu,0.9548892442685853
TMEM43_Arg28Trp,0.6344994397030067
DCX_Arg186His,0.7048403861533937
NMNAT1_Ser255Asn,0.5159606531622176
KCNK18_Ser231Pro,0.8165416810188176
GCK_Met251Thr,0.7746345153192464
CCM2_Gly176Val,0.7773003311135755
TPM1_Ser215Leu,0.6870927836937533
SOD1_Gly93Ala,0.9935965831392042
GBA_ARG209HIS,0.8647754982485674
SHOC2_Leu174Phe,0.8348272101914097
CCM2_Gly188Arg,0.7547061496663168
USP21_Pro336Thr,0.7692407987282351
LITAF_Thr115Asn,0.9352430928370178
DES_Leu338Arg,0.7370541589062964
LITAF_Pro84Leu,0.9463217130374724
FH_Leu507Pro,0.9754007740062507
GBA_Leu363Pro,0.8735876518810712
LITAF_Gly53Ala,0.7008854307118907
SNIP1_Arg116Gln,0.5762937032289485
CCM2_Gly5Ser,0.8510067815472315
SFTPC_Val39Leu,0.6077386240550409
MVK_Pro165Leu,0.6318367968317078
TEAD2_Ser218Leu,0.9535408049916749
KCTD7_Arg94Trp,0.9767692284075451
FLCN_Arg239Cys,0.9071605876544726
TMEM43_Glu85Lys,0.8813169384521387
CCM2_Phe91Ile,0.8999831196535247
CCM2_Thr267Ile,0.8396298579022605
KRT8_Tyr54His,0.9885900780060861
FXN_Met1Ile,0.9891897372779727
DES_His441Leu,0.6261801823790571
CCM2_Glu51Ala,0.8279745005341517
TGIF1_Pro192Arg,0.970721043055752
GALE_Val94Met,0.7560598159487372
THAP1_His23Pro,0.880879665045352
IL2RG_Ser108Pro,0.9795594762871629
SEC31A_Ser414Phe,0.8792267510204654
CCM2_Glu333Val,0.8673992958143367
FARS2_His84Pro,0.8671240062802884
NCF2_Asp108Val,0.7658981665791488
KRT4_Glu449Lys,0.9552925513339734
GBA_PRO221THR,0.7462745454266064
COMP_Asp271His,0.9181036269912437
CTCF_Arg567Leu,0.539560831064346
TTPA_Gly246Arg,0.9755248567733774
SHOC2_Ser2Gly,0.9696672752410741
SH3BP2_Pro418Leu,0.5713144146037308
F9_Val227Ile,0.5942455985837141
PSEN1_His163Arg,0.8600289081629774
IL36RN_Lys35Arg,0.8150362711068561
CCM2_Arg19Gln,0.959936157991528
TH_Val468Met,0.6524114211792003
BRAF_Val487Gly,0.6858927364252134
IL10_Gly15Arg,0.9860925794627495
GFAP_Asn386Ile,0.9800902515449323
BRAF_Glu501Val,0.627988211372623
KRAS_Pro34Arg,0.8550295586367049
CDKN1A_Asp149Gly,0.967215453320114
KCTD1_His74Pro,0.7802516463832682
DCX_Pro191Arg,0.9602233445637172
CCM2_Ile76Met,0.8093917295330657
PSEN1_Gly266Ser,0.628000177343276
HPRT1_Phe74Leu,0.9895527901331473
CCM2_Leu182Pro,0.8740013198084251
F9_Arg384Leu,0.6897724959080596
GBA_ASP492VAL,0.9774495712995459
GBA_PRO338THR,0.6713203890196109
CCM2_Ser413Leu,0.9690781992403033
PMP22_Leu80Pro,0.9986086384034707
KRAS_Gly12Asp,0.8995160999375444
F9_Trp453Arg,0.9572414602581287
SMAD3_Pro263Leu,0.7493144061569291
ZC4H2_Pro201Ser,0.773512755926917
ARFGAP3_Phe488Leu,0.9111354281761044
FOXP3_Pro187Leu,0.6408999136747967
HPRT1_Pro176Leu,0.7013622748702778
BRAF_Val471Phe,0.9136752846073025
SOD1_Arg116Gly,0.9758875526102755
UBQLN2_Pro497Ser,0.6975458618589531
PPP1CB_Asp209Glu,0.9818512488645994
PSEN1_Leu418Phe,0.6978114119959431
CCM2_Glu366Lys,0.9525349011023374
STAR_Arg182Leu,0.6478908817375251
GBA_Lys237Glu,0.9512763144649601
SMAD3_Val294Met,0.6108164633866897
CCM2_Pro271Thr,0.776980896015377
SMARCB1_Arg37His,0.9976326430839954
DCX_Arg59His,0.9276210145183199
GBA_Asp322Glu,0.9557885580987648
AGXT_Asn22Ser,0.7069997606514152
NEXN_Tyr544Cys,0.7090868840380551
CCM2_Leu392Val,0.9080926078495806
IMPDH1_Arg154Trp,0.9798760550440833
DES_Arg222His,0.7060135386796164
KRT8_Arg454Cys,0.9834473534415393
PSEN1_Leu166Pro,0.9047721642202833
COMP_Asp319Val,0.959706450670073
GBA_VAL497LEU,0.9367994257916157
FH_His318Tyr,0.9430015077835963
CCM2_Ile372Leu,0.9702218567676129
ABCD1_Arg389Gly,0.6265487938143605
CCM2_Lys65Glu,0.819492499291189
NR0B1_Arg267Pro,0.999178078949273
SMAD3_Asp408His,0.7457981339498341
FBP1_Asn213Lys,0.637206920851225
GBA_Leu279Val,0.7682760768774184
GBA_ASN227LYS,0.961019051412283
GBA_PRO94SER,0.7589850057122152
GBA_Glu365Lys,0.9709611067434121
CCM2_Met439Ile,0.8958650624602731
GBA_ARG301HIS,0.6805814751294526
PYGL_Lys681Thr,0.84554253342158
GSS_Arg283Cys,0.8410376527173684
CCM2_Gly8Ser,0.8457938782683576
RAD51D_Val66Met,0.8351606885446682
PLP1_Ser135Phe,0.890601184028605
SMAD1_Val3Ala,0.9781691109513141
PPP2R2B_Arg380His,0.9505558039145423
PYGL_Glu673Lys,0.6132657732149571
GBA_Arg535Cys,0.9792928266643013
GFAP_Glu210Lys,0.7210293462811169
SHOC2_Gly53Arg,0.7152135831542714
GBA_Lys196Gln,0.9237694424255061
TMEM43_Arg312Trp,0.9842065624986291
ALAS2_Lys262Gln,0.645953151588661
KCTD7_Arg184Cys,0.7345831760884709
SDHD_Glu69Lys,0.8404518265394054
RAF1_Asn140His,0.7195112123350658
CCM2_Phe270Leu,0.9810240608061509
AGXT_Arg301Cys,0.5673786249579826
KRT6A_Thr552Ser,0.5751916903292393
BRCA1_Cys64Ser,0.7252731361859978
BCL10_Ala5Ser,0.7359879173117774
CCM2_Met424Ile,0.8582307701780372
PHYH_Gly204Ser,0.8787694037883987
TPM3_Ala4Val,0.9843798192510358
SDHD_His102Arg,0.7463727018773691
GBA_SER164ARG,0.8967165921262046
MVK_Leu41Pro,0.9814251720501721
KCTD1_Val248Ile,0.758987122589605
CCM2_Asp129His,0.8099226103414497
CCM2_Leu198Arg,0.9115400367490832
POMT1_Thr392Met,0.5119971302742681
PRPS1_Leu129Ile,0.9851999336789643
CCM2_Thr86Ile,0.9095858802221173
ALAS2_Cys358Tyr,0.7479675540324583
AGXT_Ala280Val,0.7750536703626862
TH_Arg133His,0.5594320427706404
BRCA1_Glu455Lys,0.9863414226483753
SDHD_Arg70Thr,0.7907668484776619
DCX_Arg196Cys,0.8838533527479258
GBA_Ala300Thr,0.8293254008195443
GBA_Asn98Thr,0.808578707117446
SMAD3_Gly272Arg,0.930931616478103
TEAD3_Thr254Met,0.978369441000432
PSEN1_Pro88Arg,0.9775255977113857
SMAD3_Arg268Cys,0.6748911661792464
APOA1_Leu114Pro,0.9764506218169358
BAG3_Arg218Trp,0.7341528725342864
FH_Asn340Lys,0.9537397580204101
CCM2_Ala295Thr,0.8491886126947195
THAP1_Lys24Glu,0.7597634196797598
GCK_Arg303Trp,0.7406582365690586
CCM2_Asp410His,0.7463831297365933
MVK_Val250Ile,0.6608084450245226
BRIP1_Thr266Lys,0.9761004952170202
PSEN1_Gly206Asp,0.9814078526911976
IL36RN_Arg102Trp,0.9989827686838355
DES_Gly20Arg,0.5337739470870716
GBA_SER16GLY,0.7664318026576669
TMEM43_Thr277Ser,0.9958799126592818
COX10_Arg409Trp,0.6581632147221671
LITAF_Pro34Thr,0.6241198281553824
FKBP6_Arg202His,0.8858275625418948
IL10_Phe129Tyr,0.843369786558313
COMP_Asn555Lys,0.7707102893986109
SDHD_Phe34Cys,0.8510210778716231
RAD51D_His23Arg,0.9619859952488873
COQ8A_His85Gln,0.9470469621379505
CSNK1D_Arg259Cys,0.9235257473717564
GCK_Gly385Arg,0.7811712379255042
BRAF_Glu501Lys,0.7627486666993806
CCM2_Gln218Arg,0.8943201927109379
GBA_Arg209Cys,0.9013347827312864
SHOC2_Glu25Gly,0.6214849612980902
CFP_Tyr414Asp,0.722035736955527
FH_Arg101Pro,0.9350971883048836
RAF1_Thr491Ile,0.7394996867938379
KRT6A_Gln166Pro,0.876442774190497
LITAF_Ser118Pro,0.9709515686414663
PSAP_Met76Lys,0.5000138405110996
GBA_SER212THR,0.7674936810850208
SOD1_Ala146Thr,0.9865827223150211
FARS2_Ile329Thr,0.6918878598146195
PPP2R2B_Arg451Gln,0.9688731909531849
AGXT_Met195Leu,0.5982062427148139
SFTPA2_Gly231Val,0.9661362204788789
CCM2_Val216Ala,0.7849124728164378
CCM2_Asp419Tyr,0.8929221607943074
CCM2_Ser202Asn,0.8092222288803088
CCM2_Asn81Lys,0.785538641481784
NCF2_Ala140Asp,0.8095393269895106
GLYCTK_His490Tyr,0.6907534182551881
CCM2_Glu2Lys,0.9226144148161075
APOA1_Leu84Arg,0.8118821463036408
BRCA1_Thr581Ile,0.9251251734315593
GBA_PRO198LEU,0.8377861137648485
CALM3_Asp96His,0.997091304885835
PLP1_Cys193Tyr,0.9945293047308643
TH_Thr283Met,0.6700676915764501
GBA_GLY49SER,0.8248678252969643
LITAF_Pro135Ser,0.9517866082158093
CCM2_Val374Met,0.8727166884718347
AGXT_Lys12Arg,0.59172229705581
ALAS2_Asp122Asn,0.7292342465873005
CLDN19_Arg200Gln,0.7684531456207552
GBA_ASP419ASN,0.9091552942644221
DES_Ala237Thr,0.7094543422872173
CCM2_His109Arg,0.8024728308679596
CCM2_His332Arg,0.9486222002386677
GFAP_Arg239Pro,0.9717846599246616
AGXT_Arg197Gln,0.667701998519525
PLP1_Trp128Arg,0.9503310031676089
PLA2G6_Lys545Thr,0.9030717494109384
F9_Pro414Thr,0.5069914276649412
GBA_LYS512TER,0.8519885492062286
KRAS_Phe156Ile,0.7593145149511533
F9_Arg384Pro,0.6188074453339032
SHOC2_Met173Val,0.7916005611401565
RAD51D_Val56Gly,0.7829030101778927
BRAF_Gly596Val,0.9489199986041108
GFAP_Arg79Ser,0.9645345884503076
GBA_Asp482Asn,0.9691635932814848
CCM2_Ile131Asn,0.8286442681956492
GBA_Val211Ile,0.7776303132176967
CCM2_Ile432Thr,0.9862793417428883
BRCA1_Val275Ile,0.8386981325975245
PSEN1_Ala431Glu,0.9942018540032033
FAM161A_Leu269Arg,0.9321364690812192
TPM1_Lys37Glu,0.7639843058332617
GBA_Thr408Met,0.9767014856322485
HBD_Asn13Lys,0.7855541572458791
FKBP6_Phe72Leu,0.8669545765362789
LITAF_Ser15Leu,0.9323332705643101
MVK_Ile268Val,0.6828790208351998
GBA_ALA215ASP,0.8653281759980538
SHOC2_Ser403Gly,0.7953572228985946
SFTPC_Leu188Gln,0.9677810281350421
MAP2K2_Asp221Asn,0.9682541367201954
GBA_Arg534Cys,0.7038471863909663
LMNA_Ala43Thr,0.8931722253935702
BRCA1_Glu143Lys,0.9164611587714612
NCF2_Val297Ala,0.6422552530214035
GBA_Ala348Val,0.8868334169671126
LITAF_Ala111Gly,0.8194913149665157
PSEN1_Met146Ile,0.9358648977694863
PHYH_Pro29Ser,0.999489920435853
CCM2_Ala140Thr,0.8855754205550308
AGXT_Pro11Leu,0.6264219833800067
APOA1_Leu198Ser,0.9360565241322818
F9_Tyr161Cys,0.9353702013716149
PSEN1_Ala246Glu,0.8512996781512943
BRCA1_Val632Ala,0.8928143681252192
DCX_Lys174Glu,0.7908828038216
GCM2_Gly63Ser,0.6780407836469676
CCM2_Glu264Asp,0.8245349883155235
BRCA1_Arg71Lys,0.8827842314043121
ALAS2_Tyr549Phe,0.5224854025523391
KCTD7_Asp115Tyr,0.9024959932582056
LITAF_Thr49Met,0.6039365728670288
F9_Ser406Leu,0.8889149634226312
MVK_Asn205Asp,0.6402718400121556
KRAS_Phe156Leu,0.9955903932895783
LMNA_Arg335Trp,0.7510025550533563
CTNNA3_Val94Asp,0.9115472930544039
CTH_Ser403Ile,0.6203814859200552
PSEN1_Leu250Ser,0.9990740740740741
F9_Cys268Trp,0.9782619133236996
RAF1_Thr145Pro,0.7932205759900319
F9_Glu79Asp,0.5939808618659972
BRAF_Phe468Ser,0.6523426880063601
GFAP_Lys236Thr,0.9736623297636438
GBA_Gly234Glu,0.9326255808160364
GBA_Trp432Arg,0.9170942651098306
ALAS2_Ala135Thr,0.6935301416362543
CCM2_Lys23Arg,0.9064187695180266
PSEN1_Gly209Val,0.7529916552065632
SDHD_His102Pro,0.8411113306703681
KRAS_Met72Leu,0.7960194874964466
CCM2_Thr394Ser,0.8612647364889185
TPM1_Met281Thr,0.6438790760818878
HPRT1_Gly140Asp,0.6149218375915199
PYGL_Val456Met,0.6331021991845178
CCM2_Ser330Phe,0.9314421488892883
CCM2_Val45Gly,0.825874824620213
CCM2_Ile425Thr,0.9886908118261161
SH3BP2_Pro418His,0.6405601635486694
CCM2_Pro240Leu,0.7831969563303814
APOA1_Trp74Arg,0.8127161416730662
RPS19_Arg62Trp,0.8371333148550388
SDHD_Leu107Pro,0.7963066243430268
CCM2_Ser202Arg,0.8095888791956813
F9_Ile210Thr,0.8616280629445898
PPP2R2B_Ile116Met,0.9713540963876891
GBA_Asp176Asn,0.8578242065070721
HPRT1_Arg45Lys,0.9977535442939591
TMEM43_Arg299Thr,0.5192513106104114
AGXT_Pro10Ala,0.8450451574014453
CCM2_Ser251Tyr,0.9423042386175576
F9_Ala397Pro,0.8863696984725775
AGXT_Phe152Ile,0.7083952705182559
FH_Leu303Ser,0.8364032138750798
GCK_Gly175Arg,0.7956654368088607
CSNK1A1L_Arg170Ser,0.9984539254280376
MAP2K2_Arg303Cys,0.7926712145894566
CCM2_Ser408Arg,0.8769272718275398
F9_Cys134Ser,0.7786412285292762
PMP22_His51Arg,0.5439640717412826
GBA_PHE436SER,0.9218424797062292
RET_Val292Met,0.864938209872646
CCM2_Thr222Met,0.8284666552563911
ARFGAP3_Tyr378Cys,0.8166323341360846
COQ8A_Gly549Ser,0.9505344036116938
AGXT_Asp129His,0.663363344885999
CCM2_Ile92Thr,0.8776985225894853
ZC4H2_Ile7Val,0.8888188767556842
CTCF_Arg567Trp,0.9953022681862438
DOLK_Tyr441Ser,0.5376280757965939
MVK_Cys101Tyr,0.5467201175168688
CCM2_His364Arg,0.8267186396045116
LMNA_Arg386Thr,0.9463565625178674
BRCA1_Ser408Ile,0.8534289844765852
CALM3_Asp132Glu,0.9827002770457912
GBA_THR173ASN,0.9034922338748691
ABCD1_Arg518Gln,0.6765716015159597
BRAF_Val600Gly,0.8079472388925784
SMAD3_Leu219Phe,0.7906329270600974
PDE4C_Arg312Gln,0.9610389610389611
PTPRR_Tyr249His,0.9477504989297161
ABCD1_Arg518Trp,0.7162979752913058
LITAF_Ala129Val,0.9092186224108845
GBA_ASP321GLY,0.6949888758576241
