Classifier_type,allele_0,Allele_set,Batch,AUROC_thresh_95,AUROC_thresh_99,AUROC_mean,AUROC_zscore_mean,trainsize_0_mean,testsize_0_mean,trainsize_1_mean,testsize_1_mean,Training_imbalance_mean
GFP,MLH1_Ser44Phe,,B12,0.8596503222914791,0.954893002556576,0.9964207876808147,3.4397444403539876,3243.0,1081.0,1604.25,534.75,2.031825399758749
DNA,STXBP1_Pro462Leu,,B12,0.8951932537453744,0.9654235176272263,0.9529430843412314,2.401815350266485,2103.0,701.0,1278.0,426.0,1.6494992878724266
Morph,MVK_Leu265Pro,,B12,0.9343560885898866,0.98846150107414,0.9085897761059621,1.847142712544109,1913.25,637.75,2943.0,981.0,1.5482449003425893
Mito,MLH1_Val185Gly,,B12,0.9448278030148227,0.9875185908839055,0.8451940972048935,1.6183768838567294,3156.75,1052.25,1604.25,534.75,1.9752963343638306
AGP,MLH1_Asn38His,,B12,0.8848407946945587,0.9672745648845884,0.7069201259464319,0.9802528137285413,2313.75,771.25,1604.25,534.75,1.4484208610313505
GFP,MLH1_Asn38His,,B12,0.8596503222914791,0.954893002556576,0.9644069993900791,3.1967893904685494,2313.75,771.25,1604.25,534.75,1.4484208610313505
GFP,MLH1_Cys680Arg,,B12,0.8596503222914791,0.954893002556576,0.8899167022429388,2.631476916511759,2180.25,726.75,1604.25,534.75,1.3646495882971572
Morph,STXBP1_Arg551Leu,,B12,0.9343560885898866,0.98846150107414,0.9814818216457598,2.239678848896232,1624.5,541.5,1278.0,426.0,1.2766058317848534
DNA,STXBP1_Pro480Leu,,B12,0.8951932537453744,0.9654235176272263,0.9455391035781915,2.356929841345366,1698.75,566.25,1278.0,426.0,1.3296313924196062
GFP,STXBP1_Pro94Leu,,B12,0.8596503222914791,0.954893002556576,0.979315374695041,3.30993017321609,2273.25,757.75,1278.0,426.0,1.7868126387518535
GFP,MLH1_Asn38Lys,,B12,0.8596503222914791,0.954893002556576,0.9721087728454363,3.255238729142852,1950.0,650.0,1604.25,534.75,1.2188906892640903
Mito,STXBP1_Lys196Arg,,B12,0.9448278030148227,0.9875185908839055,0.9613042319772044,2.2640183896035304,2892.75,964.25,1278.0,426.0,2.271159744251149
AGP,MLH1_Gly147Arg,,B12,0.8848407946945587,0.9672745648845884,0.7682502366666787,1.3758838834480245,1506.75,502.25,1604.25,534.75,1.084840520341579
GFP,STXBP1_Thr419Met,,B12,0.8596503222914791,0.954893002556576,0.9827955877106955,3.336341771842016,1656.0,552.0,1278.0,426.0,1.295937015699271
AGP,MLH1_Cys680Arg,,B12,0.8848407946945587,0.9672745648845884,0.8285113913092808,1.7646192826475113,2180.25,726.75,1604.25,534.75,1.3646495882971572
DNA,STXBP1_Lys196Arg,,B12,0.8951932537453744,0.9654235176272263,0.979889708157882,2.5651751647265764,2892.75,964.25,1278.0,426.0,2.271159744251149
Mito,MLH1_Pro747Ser,,B12,0.9448278030148227,0.9875185908839055,0.9051009825555341,1.9514948475748493,2939.25,979.75,1604.25,534.75,1.8400500034075487
GFP,MLH1_Val716Met,,B12,0.8596503222914791,0.954893002556576,0.9102454506627561,2.785753318966589,3293.25,1097.75,1604.25,534.75,2.0612007255135265
Morph,STXBP1_Met443Arg,,B12,0.9343560885898866,0.98846150107414,0.9725527906702438,2.1915944894226893,1377.75,459.25,1278.0,426.0,1.1563211280707282
Mito,MLH1_Ala160Val,,B12,0.9448278030148227,0.9875185908839055,0.8265777048590977,1.51485865429578,1496.25,498.75,1604.25,534.75,1.0750485966466063
AGP,STXBP1_Val451Ile,,B12,0.8848407946945587,0.9672745648845884,0.9821463689710828,2.755694789357817,1515.0,505.0,1278.0,426.0,1.1902825880426473
GFP,STXBP1_Asp238Glu,,B12,0.8596503222914791,0.954893002556576,0.9474186646946475,3.0678636392917187,1256.25,418.75,1278.0,426.0,1.1002400890078523
DNA,MLH1_Ala681Val,,B12,0.8951932537453744,0.9654235176272263,0.8762205249803908,1.9366964861234444,1906.5,635.5,1604.25,534.75,1.1923858275206127
DNA,STXBP1_Gly544Asp,,B12,0.8951932537453744,0.9654235176272263,0.9878600953610515,2.613494426669897,2953.5,984.5,1278.0,426.0,2.3220539336221107
Mito,MLH1_Gly244Asp,,B12,0.9448278030148227,0.9875185908839055,0.7379996253670754,1.022311774287962,2331.75,777.25,1604.25,534.75,1.458570868898601
Mito,HPRT1_His204Asp,,B12,0.9448278030148227,0.9875185908839055,0.8188056202497247,1.4716412347326457,1747.5,582.5,2963.25,987.75,1.700524235271542
DNA,STXBP1_Arg305Gln,,B12,0.8951932537453744,0.9654235176272263,0.9447061779926549,2.3518803564808373,2097.0,699.0,1278.0,426.0,1.6511237974236144
AGP,STXBP1_Lys196Arg,,B12,0.8848407946945587,0.9672745648845884,0.9871167149619052,2.787757723504385,2892.75,964.25,1278.0,426.0,2.271159744251149
AGP,MVK_Pro288Leu,,B12,0.8848407946945587,0.9672745648845884,0.5589126717242172,0.02547959136321421,2948.25,982.75,2943.0,981.0,1.0497184949923906
Morph,MVK_Gly211Ala,,B12,0.9343560885898866,0.98846150107414,0.9854570928407502,2.2610863644115087,2075.25,691.75,2943.0,981.0,1.4286396158927817
Mito,MLH1_Asn38His,,B12,0.9448278030148227,0.9875185908839055,0.7317381430351327,0.987494203117882,2313.75,771.25,1604.25,534.75,1.4484208610313505
Mito,MLH1_Asp41His,,B12,0.9448278030148227,0.9875185908839055,0.919988517756151,2.03427841046222,872.25,290.75,1604.25,534.75,1.8440864230582872
DNA,MLH1_Gly244Asp,,B12,0.8951932537453744,0.9654235176272263,0.8968021364899614,2.061469380136816,2331.75,777.25,1604.25,534.75,1.458570868898601
Morph,MLH1_Ala29Gly,,B12,0.9343560885898866,0.98846150107414,0.8621524356450655,1.5970696891847058,1089.0,363.0,1604.25,534.75,1.472776807269473
Morph,GSS_Arg125Cys,,B12,0.9343560885898866,0.98846150107414,0.7969260502855825,1.2458144444235055,1624.5,541.5,1269.75,423.25,1.2791951144387743
GFP,MLH1_Cys39Tyr,,B12,0.8596503222914791,0.954893002556576,0.9920447112331392,3.4065340666864907,2249.25,749.75,1604.25,534.75,1.406718605528317
Mito,AGXT_Asp201Asn,,B12,0.9448278030148227,0.9875185908839055,0.5728142457309834,0.10378267736853725,1996.5,665.5,2037.0,679.0,1.0323585024800892
GFP,MLH1_Leu582Val,,B12,0.8596503222914791,0.954893002556576,0.9302626150259791,2.9376650865545337,1866.75,622.25,1604.25,534.75,1.165211909828645
DNA,MLH1_Lys670Arg,,B12,0.8951932537453744,0.9654235176272263,0.9272023795319668,2.2457662366437545,2259.75,753.25,1604.25,534.75,1.4136612492888614
GFP,STXBP1_Arg190Trp,,B12,0.8596503222914791,0.954893002556576,0.9609300682427145,3.170402698188191,2060.25,686.75,1278.0,426.0,1.621707278898417
AGP,STXBP1_Gly417Asp,,B12,0.8848407946945587,0.9672745648845884,0.9613930404709577,2.6218182732661255,1689.75,563.25,1278.0,426.0,1.325327282817671
GFP,MLH1_Pro747Ser,,B12,0.8596503222914791,0.954893002556576,0.9396092856613047,3.0085976737836884,2939.25,979.75,1604.25,534.75,1.8400500034075487
GFP,MLH1_Gly147Arg,,B12,0.8596503222914791,0.954893002556576,0.9842308171448869,3.347233836086781,1506.75,502.25,1604.25,534.75,1.084840520341579
GFP,MLH1_Ala29Gly,,B12,0.8596503222914791,0.954893002556576,0.882461623880942,2.5748997654764043,1089.0,363.0,1604.25,534.75,1.472776807269473
Morph,STXBP1_His245Arg,,B12,0.9343560885898866,0.98846150107414,0.9731121023908594,2.1946064787310022,1665.0,555.0,1278.0,426.0,1.31165002419367
Mito,STXBP1_Pro94Leu,,B12,0.9448278030148227,0.9875185908839055,0.8950811016313109,1.895778341690112,2273.25,757.75,1278.0,426.0,1.7868126387518535
GFP,MLH1_Gln701His,,B12,0.8596503222914791,0.954893002556576,0.9934408933815949,3.4171297981396593,2060.25,686.75,1604.25,534.75,1.2876585097469475
Mito,STXBP1_Arg292Cys,,B12,0.9448278030148227,0.9875185908839055,0.9483867525023925,2.1921895099374655,2022.0,674.0,1278.0,426.0,1.5894692626863598
AGP,STXBP1_Pro462Leu,,B12,0.8848407946945587,0.9672745648845884,0.9647116043443197,2.6432258161472957,2103.0,701.0,1278.0,426.0,1.6494992878724266
GFP,MLH1_Val185Gly,,B12,0.8596503222914791,0.954893002556576,0.9922444452096592,3.4080498628736997,3156.75,1052.25,1604.25,534.75,1.9752963343638306
GFP,MVK_Leu265Pro,,B12,0.8596503222914791,0.954893002556576,0.9926994752477346,3.4115031200951194,1913.25,637.75,2943.0,981.0,1.5482449003425893
Morph,MLH1_Cys39Phe,,B12,0.9343560885898866,0.98846150107414,0.9450135775305015,2.0432911149735533,2096.25,698.75,1604.25,534.75,1.309764345173871
Morph,STXBP1_Pro462Leu,,B12,0.9343560885898866,0.98846150107414,0.9775314907364689,2.2184056410864885,2103.0,701.0,1278.0,426.0,1.6494992878724266
AGP,MLH1_Val716Met,,B12,0.8848407946945587,0.9672745648845884,0.8773293876629988,2.079536635513259,3293.25,1097.75,1604.25,534.75,2.0612007255135265
GFP,STXBP1_Arg406Leu,,B12,0.8596503222914791,0.954893002556576,0.9659445746622908,3.2084581649844006,2217.0,739.0,1278.0,426.0,1.74362919196744
Morph,STXBP1_Lys333Glu,,B12,0.9343560885898866,0.98846150107414,0.9612822205276295,2.130900540919736,1785.75,595.25,1278.0,426.0,1.4047895423230443
DNA,MLH1_Gly147Arg,,B12,0.8951932537453744,0.9654235176272263,0.8665369883395837,1.8779915158932852,1506.75,502.25,1604.25,534.75,1.084840520341579
Morph,MLH1_Lys751Arg,,B12,0.9343560885898866,0.98846150107414,0.9298358231518535,1.9615563108783225,1356.0,452.0,1604.25,534.75,1.1826473151818344
Mito,MVK_Asn301Thr,,B12,0.9448278030148227,0.9875185908839055,0.8704743199474814,1.7589499794710435,2688.75,896.25,2943.0,981.0,1.0951669680747511
GFP,MVK_Thr243IIe,,B12,0.8596503222914791,0.954893002556576,0.5214315051378461,-0.1649849902042677,3021.0,1007.0,2943.0,981.0,1.026385866670676
GFP,MLH1_Ala681Thr,,B12,0.8596503222914791,0.954893002556576,0.9194476541579925,2.855589534191642,1952.25,650.75,1604.25,534.75,1.2206429398224894
Mito,MLH1_Leu653Pro,,B12,0.9448278030148227,0.9875185908839055,0.8381955253355559,1.5794606558404836,2085.75,695.25,1604.25,534.75,1.3036462954649695
DNA,STXBP1_Met443Arg,,B12,0.8951932537453744,0.9654235176272263,0.9467227014456985,2.36410522366216,1377.75,459.25,1278.0,426.0,1.1563211280707282
AGP,STXBP1_Tyr411His,,B12,0.8848407946945587,0.9672745648845884,0.964417794758225,2.641330495896356,1570.5,523.5,1278.0,426.0,1.2348907705532415
AGP,STXBP1_Arg190Gln,,B12,0.8848407946945587,0.9672745648845884,0.7850571520348677,1.4843026980843121,1502.25,500.75,1278.0,426.0,1.1745364149658235
DNA,STXBP1_Val451Ile,,B12,0.8951932537453744,0.9654235176272263,0.9664823611934749,2.4838951599508294,1515.0,505.0,1278.0,426.0,1.1902825880426473
Morph,MLH1_Asn38His,,B12,0.9343560885898866,0.98846150107414,0.7738989263345722,1.1218094422302838,2313.75,771.25,1604.25,534.75,1.4484208610313505
DNA,STXBP1_Arg190Trp,,B12,0.8951932537453744,0.9654235176272263,0.8740659137493719,1.9236344827597656,2060.25,686.75,1278.0,426.0,1.621707278898417
Mito,MLH1_Ile36Asn,,B12,0.9448278030148227,0.9875185908839055,0.8140685836814042,1.4453004899841737,1282.5,427.5,1604.25,534.75,1.4192680693059863
DNA,MLH1_Cys680Arg,,B12,0.8951932537453744,0.9654235176272263,0.8649700007907806,1.8684918918596587,2180.25,726.75,1604.25,534.75,1.3646495882971572
DNA,MVK_Pro288Leu,,B12,0.8951932537453744,0.9654235176272263,0.5944075265487605,0.22824798253812126,2948.25,982.75,2943.0,981.0,1.0497184949923906
DNA,STXBP1_Lys333Glu,,B12,0.8951932537453744,0.9654235176272263,0.8705233034188694,1.9021579456531874,1785.75,595.25,1278.0,426.0,1.4047895423230443
GFP,MLH1_Lys670Arg,,B12,0.8596503222914791,0.954893002556576,0.9316405739299226,2.94812252043294,2259.75,753.25,1604.25,534.75,1.4136612492888614
Morph,MLH1_Ile36Asn,,B12,0.9343560885898866,0.98846150107414,0.8113409498957821,1.3234411450736074,1282.5,427.5,1604.25,534.75,1.4192680693059863
AGP,STXBP1_Arg292Cys,,B12,0.8848407946945587,0.9672745648845884,0.9683364922582899,2.666609408092188,2022.0,674.0,1278.0,426.0,1.5894692626863598
AGP,MLH1_His318Gln,,B12,0.8848407946945587,0.9672745648845884,0.8828617342731657,2.1152249488349684,2184.75,728.25,1604.25,534.75,1.3672180967529641
DNA,MLH1_Ser295Thr,,B12,0.8951932537453744,0.9654235176272263,0.9743881612983444,2.5318228724196556,602.25,200.75,1604.25,534.75,2.6645763143873915
GFP,STXBP1_Arg505His,,B12,0.8596503222914791,0.954893002556576,0.9566888741670634,3.138215956998243,2019.0,673.0,1278.0,426.0,1.5857164975857145
GFP,STXBP1_Arg305Gln,,B12,0.8596503222914791,0.954893002556576,0.9863553019425233,3.363356711183697,2097.0,699.0,1278.0,426.0,1.6511237974236144
DNA,MLH1_Cys39Phe,,B12,0.8951932537453744,0.9654235176272263,0.9116540610958065,2.1515069174733847,2096.25,698.75,1604.25,534.75,1.309764345173871
GFP,MLH1_Lys618Arg,,B12,0.8596503222914791,0.954893002556576,0.90168623735823,2.720796804714164,2169.75,723.25,1604.25,534.75,1.358570269233007
Mito,MLH1_Asp485Glu,,B12,0.9448278030148227,0.9875185908839055,0.8271240909657482,1.5178968864820466,939.0,313.0,1604.25,534.75,1.710220067899555
Morph,STXBP1_Gly544Asp,,B12,0.9343560885898866,0.98846150107414,0.9965319713487637,2.3207264799811997,2953.5,984.5,1278.0,426.0,2.3220539336221107
Mito,MLH1_Ala29Gly,,B12,0.9448278030148227,0.9875185908839055,0.8283034021029316,1.5244545588148561,1089.0,363.0,1604.25,534.75,1.472776807269473
AGP,STXBP1_Leu256Pro,,B12,0.8848407946945587,0.9672745648845884,0.9783203344401512,2.731013631660894,2568.0,856.0,1278.0,426.0,2.0180731511309586
DNA,MLH1_Asp41His,,B12,0.8951932537453744,0.9654235176272263,0.9400136886315509,2.3234328523852685,872.25,290.75,1604.25,534.75,1.8440864230582872
DNA,STXBP1_Gly417Asp,,B12,0.8951932537453744,0.9654235176272263,0.9324246893728967,2.277425696933554,1689.75,563.25,1278.0,426.0,1.325327282817671
Mito,MLH1_Lys670Arg,,B12,0.9448278030148227,0.9875185908839055,0.9193480741662043,2.030717162647205,2259.75,753.25,1604.25,534.75,1.4136612492888614
Morph,MLH1_Ala681Thr,,B12,0.9343560885898866,0.98846150107414,0.7473906328436365,0.9790577464703001,1952.25,650.75,1604.25,534.75,1.2206429398224894
Morph,STXBP1_Leu426Pro,,B12,0.9343560885898866,0.98846150107414,0.9408072981519805,2.0206395808667112,2327.25,775.75,1278.0,426.0,1.8263139740148262
Morph,MLH1_Lys618Arg,,B12,0.9343560885898866,0.98846150107414,0.9176058159971868,1.8956956299151229,2169.75,723.25,1604.25,534.75,1.358570269233007
Morph,MLH1_Val716Met,,B12,0.9343560885898866,0.98846150107414,0.9543282313403484,2.093452119386286,3293.25,1097.75,1604.25,534.75,2.0612007255135265
GFP,STXBP1_Met443Arg,,B12,0.8596503222914791,0.954893002556576,0.9825821456908591,3.3347219442819016,1377.75,459.25,1278.0,426.0,1.1563211280707282
DNA,MLH1_Pro640Ser,,B12,0.8951932537453744,0.9654235176272263,0.9400997569060033,2.3239546282278054,2232.75,744.25,1604.25,534.75,1.3946091548150255
Mito,STXBP1_Val451Ile,,B12,0.9448278030148227,0.9875185908839055,0.9440355742269367,2.1679943671185633,1515.0,505.0,1278.0,426.0,1.1902825880426473
Mito,STXBP1_Pro462Leu,,B12,0.9448278030148227,0.9875185908839055,0.9337566051712998,2.1108371769075607,2103.0,701.0,1278.0,426.0,1.6494992878724266
Mito,MLH1_Gly147Arg,,B12,0.9448278030148227,0.9875185908839055,0.8018704785457522,1.3774717601107307,1506.75,502.25,1604.25,534.75,1.084840520341579
GFP,MLH1_Ala681Val,,B12,0.8596503222914791,0.954893002556576,0.9688084844913268,3.230192592321206,1906.5,635.5,1604.25,534.75,1.1923858275206127
GFP,STXBP1_Leu183Pro,,B12,0.8596503222914791,0.954893002556576,0.9835892037153902,3.342364583458668,1438.5,479.5,1278.0,426.0,1.1322855335744895
Morph,STXBP1_Arg406Cys,,B12,0.9343560885898866,0.98846150107414,0.9896474892012231,2.2836523657487318,2314.5,771.5,1278.0,426.0,1.8200518603007365
Morph,MVK_Pro288Leu,,B12,0.9343560885898866,0.98846150107414,0.590253307255866,0.1328463635114854,2948.25,982.75,2943.0,981.0,1.0497184949923906
AGP,MLH1_Ile36Asn,,B12,0.8848407946945587,0.9672745648845884,0.8232026855366132,1.7303736418195212,1282.5,427.5,1604.25,534.75,1.4192680693059863
GFP,STXBP1_Cys354Arg,,B12,0.8596503222914791,0.954893002556576,0.9799353504504167,3.3146352159060433,2137.5,712.5,1278.0,426.0,1.6704907476980655
DNA,STXBP1_Arg406Cys,,B12,0.8951932537453744,0.9654235176272263,0.9580158514935633,2.432568230717954,2314.5,771.5,1278.0,426.0,1.8200518603007365
Morph,STXBP1_Leu365Phe,,B12,0.9343560885898866,0.98846150107414,0.877555470792025,1.6800176687606427,660.75,220.25,1278.0,426.0,1.9364845601399305
DNA,MLH1_Cys39Tyr,,B12,0.8951932537453744,0.9654235176272263,0.7471318589168942,1.154116053022836,2249.25,749.75,1604.25,534.75,1.406718605528317
Mito,MLH1_Lys751Arg,,B12,0.9448278030148227,0.9875185908839055,0.831282297832198,1.5410189933310825,1356.0,452.0,1604.25,534.75,1.1826473151818344
DNA,STXBP1_Arg190Gln,,B12,0.8951932537453744,0.9654235176272263,0.7517990512272695,1.1824101975902672,1502.25,500.75,1278.0,426.0,1.1745364149658235
GFP,STXBP1_Gly544Asp,,B12,0.8596503222914791,0.954893002556576,0.9943354271924976,3.4239184825864464,2953.5,984.5,1278.0,426.0,2.3220539336221107
Mito,STXBP1_Gly417Asp,,B12,0.9448278030148227,0.9875185908839055,0.8970966263649381,1.9069858596767266,1689.75,563.25,1278.0,426.0,1.325327282817671
GFP,MLH1_Ala586Asp,,B12,0.8596503222914791,0.954893002556576,0.9875922822066856,3.3727442475495133,1521.0,507.0,1604.25,534.75,1.0981279377936999
GFP,STXBP1_Pro480Leu,,B12,0.8596503222914791,0.954893002556576,0.982513512734805,3.334201083610541,1698.75,566.25,1278.0,426.0,1.3296313924196062
GFP,MLH1_Asp485Glu,,B12,0.8596503222914791,0.954893002556576,0.8777461440353191,2.5391136338657767,939.0,313.0,1604.25,534.75,1.710220067899555
AGP,MLH1_Asp485Glu,,B12,0.8848407946945587,0.9672745648845884,0.8980364221950767,2.213114516368768,939.0,313.0,1604.25,534.75,1.710220067899555
GFP,STXBP1_Asp207Asn,,B12,0.8596503222914791,0.954893002556576,0.9936348044808698,3.4186014040730095,2310.75,770.25,1278.0,426.0,1.8165134210142235
GFP,STXBP1_Pro335Leu,,B12,0.8596503222914791,0.954893002556576,0.9919186156750476,3.4055771180014975,1644.0,548.0,1278.0,426.0,1.2925874696179067
DNA,STXBP1_Asp207Asn,,B12,0.8951932537453744,0.9654235176272263,0.9643183722796579,2.470776305809391,2310.75,770.25,1278.0,426.0,1.8165134210142235
AGP,STXBP1_Arg406Cys,,B12,0.8848407946945587,0.9672745648845884,0.984495079290785,2.7708459567914376,2314.5,771.5,1278.0,426.0,1.8200518603007365
DNA,STXBP1_Cys354Arg,,B12,0.8951932537453744,0.9654235176272263,0.954978366681255,2.41415394035118,2137.5,712.5,1278.0,426.0,1.6704907476980655
AGP,MLH1_Leu582Val,,B12,0.8848407946945587,0.9672745648845884,0.8973300218502969,2.208557636872327,1866.75,622.25,1604.25,534.75,1.165211909828645
Morph,STXBP1_Arg305Gln,,B12,0.9343560885898866,0.98846150107414,0.9768160680399198,2.2145529674637037,2097.0,699.0,1278.0,426.0,1.6511237974236144
AGP,STXBP1_Leu365Phe,,B12,0.8848407946945587,0.9672745648845884,0.8730779543758802,2.0521112961575865,660.75,220.25,1278.0,426.0,1.9364845601399305
GFP,MLH1_His318Gln,,B12,0.8596503222914791,0.954893002556576,0.8894609624683727,2.62801827304667,2184.75,728.25,1604.25,534.75,1.3672180967529641
GFP,HPRT1_His204Asp,,B12,0.8596503222914791,0.954893002556576,0.9839856244872786,3.3453730505458834,1747.5,582.5,2963.25,987.75,1.700524235271542
Mito,STXBP1_Arg505His,,B12,0.9448278030148227,0.9875185908839055,0.8701055501423409,1.7568993997113034,2019.0,673.0,1278.0,426.0,1.5857164975857145
GFP,STXBP1_Arg235Gln,,B12,0.8596503222914791,0.954893002556576,0.96851599647692,3.227972878756358,1392.75,464.25,1278.0,426.0,1.1038624984729384
AGP,GSS_Arg125Cys,,B12,0.8848407946945587,0.9672745648845884,0.7344771570830354,1.1580189644631806,1624.5,541.5,1269.75,423.25,1.2791951144387743
GFP,MLH1_Cys39Phe,,B12,0.8596503222914791,0.954893002556576,0.9962969210761174,3.438804407364138,2096.25,698.75,1604.25,534.75,1.309764345173871
Mito,MLH1_Ile36Met,,B12,0.9448278030148227,0.9875185908839055,0.7395611633681999,1.0309948556426074,1873.5,624.5,1604.25,534.75,1.170661142222937
Mito,MVK_Gly211Ala,,B12,0.9448278030148227,0.9875185908839055,0.9265218897004666,2.070607849817395,2075.25,691.75,2943.0,981.0,1.4286396158927817
DNA,MLH1_Ser508Arg,,B12,0.8951932537453744,0.9654235176272263,0.8833458213458103,1.9798925132082492,2628.75,876.25,1604.25,534.75,1.6421994545624519
DNA,MLH1_Val716Met,,B12,0.8951932537453744,0.9654235176272263,0.9511185411921673,2.3907543345216706,3293.25,1097.75,1604.25,534.75,2.0612007255135265
Mito,MLH1_Cys39Phe,,B12,0.9448278030148227,0.9875185908839055,0.9212231720553707,2.041143823738918,2096.25,698.75,1604.25,534.75,1.309764345173871
AGP,MVK_Asn301Thr,,B12,0.8848407946945587,0.9672745648845884,0.938231973865741,2.4724098106161287,2688.75,896.25,2943.0,981.0,1.0951669680747511
GFP,STXBP1_Arg551Leu,,B12,0.8596503222914791,0.954893002556576,0.981949632537271,3.3299217543328816,1624.5,541.5,1278.0,426.0,1.2766058317848534
Mito,STXBP1_Thr419Met,,B12,0.9448278030148227,0.9875185908839055,0.9030862914485199,1.9402919650487185,1656.0,552.0,1278.0,426.0,1.295937015699271
Mito,MLH1_Ala586Asp,,B12,0.9448278030148227,0.9875185908839055,0.7055780918293091,0.8420287372129263,1521.0,507.0,1604.25,534.75,1.0981279377936999
DNA,STXBP1_Arg235Gln,,B12,0.8951932537453744,0.9654235176272263,0.9316713509496124,2.272858697153146,1392.75,464.25,1278.0,426.0,1.1038624984729384
AGP,STXBP1_Leu426Pro,,B12,0.8848407946945587,0.9672745648845884,0.9244058886930855,2.3832198710798775,2327.25,775.75,1278.0,426.0,1.8263139740148262
DNA,STXBP1_His245Arg,,B12,0.8951932537453744,0.9654235176272263,0.948151251135659,2.372765589201341,1665.0,555.0,1278.0,426.0,1.31165002419367
AGP,STXBP1_Arg190Trp,,B12,0.8848407946945587,0.9672745648845884,0.8961556598482541,2.200982009017595,2060.25,686.75,1278.0,426.0,1.621707278898417
Morph,STXBP1_Arg406Leu,,B12,0.9343560885898866,0.98846150107414,0.8077028368108381,1.3038492836654056,2217.0,739.0,1278.0,426.0,1.74362919196744
DNA,MLH1_Ala29Gly,,B12,0.8951932537453744,0.9654235176272263,0.8050815039878143,1.5054269753567935,1089.0,363.0,1604.25,534.75,1.472776807269473
Mito,STXBP1_Glu12Asp,,B12,0.9448278030148227,0.9875185908839055,0.9117405777279561,1.9884149513459628,3052.5,1017.5,1278.0,426.0,2.4003895141485283
Mito,MLH1_Val716Met,,B12,0.9448278030148227,0.9875185908839055,0.8388617304162832,1.5831651528880535,3293.25,1097.75,1604.25,534.75,2.0612007255135265
GFP,MVK_Ser329Asn,,B12,0.8596503222914791,0.954893002556576,0.9984296111740196,3.454989553102606,1863.0,621.0,2943.0,981.0,1.5807904204122485
AGP,STXBP1_Leu183Pro,,B12,0.8848407946945587,0.9672745648845884,0.9575763097368474,2.5971971329252064,1438.5,479.5,1278.0,426.0,1.1322855335744895
GFP,STXBP1_Pro462Leu,,B12,0.8596503222914791,0.954893002556576,0.9893416165463337,3.386020077572994,2103.0,701.0,1278.0,426.0,1.6494992878724266
Mito,GSS_Arg125Cys,,B12,0.9448278030148227,0.9875185908839055,0.7755372241695657,1.2310431814169343,1624.5,541.5,1269.75,423.25,1.2791951144387743
AGP,STXBP1_Lys333Glu,,B12,0.8848407946945587,0.9672745648845884,0.935576746903009,2.4552813516703202,1785.75,595.25,1278.0,426.0,1.4047895423230443
Mito,MLH1_Ser295Thr,,B12,0.9448278030148227,0.9875185908839055,0.9706788389494362,2.316146787983269,602.25,200.75,1604.25,534.75,2.6645763143873915
GFP,STXBP1_Arg292Cys,,B12,0.8596503222914791,0.954893002556576,0.9791574581912377,3.308731732978063,2022.0,674.0,1278.0,426.0,1.5894692626863598
AGP,MVK_Ser329Asn,,B12,0.8848407946945587,0.9672745648845884,0.957856617799518,2.599005356934311,1863.0,621.0,2943.0,981.0,1.5807904204122485
AGP,STXBP1_Arg505His,,B12,0.8848407946945587,0.9672745648845884,0.9215336743060621,2.3646916597811076,2019.0,673.0,1278.0,426.0,1.5857164975857145
DNA,MLH1_Ser44Phe,,B12,0.8951932537453744,0.9654235176272263,0.9380848670499902,2.3117396644803834,3243.0,1081.0,1604.25,534.75,2.031825399758749
Morph,MLH1_Ala160Val,,B12,0.9343560885898866,0.98846150107414,0.9089688437055612,1.849184056422731,1496.25,498.75,1604.25,534.75,1.0750485966466063
Morph,MLH1_Leu582Val,,B12,0.9343560885898866,0.98846150107414,0.950096982433699,2.0706661200984287,1866.75,622.25,1604.25,534.75,1.165211909828645
GFP,STXBP1_Arg190Gln,,B12,0.8596503222914791,0.954893002556576,0.8926602510313402,2.6522979148483445,1502.25,500.75,1278.0,426.0,1.1745364149658235
Morph,MLH1_Ile36Met,,B12,0.9343560885898866,0.98846150107414,0.7542376341127315,1.0159300197597254,1873.5,624.5,1604.25,534.75,1.170661142222937
Morph,MLH1_Pro640Ser,,B12,0.9343560885898866,0.98846150107414,0.9560109205619033,2.1025136887361255,2232.75,744.25,1604.25,534.75,1.3946091548150255
Morph,STXBP1_Thr419Met,,B12,0.9343560885898866,0.98846150107414,0.9628309528221267,2.1392407292986415,1656.0,552.0,1278.0,426.0,1.295937015699271
DNA,STXBP1_Arg505His,,B12,0.8951932537453744,0.9654235176272263,0.8698852482670373,1.8982898331976972,2019.0,673.0,1278.0,426.0,1.5857164975857145
DNA,STXBP1_Asn548Asp,,B12,0.8951932537453744,0.9654235176272263,0.9744685693720707,2.5323103341549142,2388.75,796.25,1278.0,426.0,1.8798108927557702
Morph,STXBP1_Tyr411His,,B12,0.9343560885898866,0.98846150107414,0.9750982153747889,2.205302036954084,1570.5,523.5,1278.0,426.0,1.2348907705532415
AGP,MLH1_Val185Gly,,B12,0.8848407946945587,0.9672745648845884,0.8715966624832624,2.0425557109945927,3156.75,1052.25,1604.25,534.75,1.9752963343638306
Mito,MVK_Ser329Asn,,B12,0.9448278030148227,0.9875185908839055,0.9412300551810129,2.15239401022669,1863.0,621.0,2943.0,981.0,1.5807904204122485
Morph,KHL3_Cys164Phe,,B12,0.9343560885898866,0.98846150107414,0.7391491281157345,0.9346758334692158,1439.25,479.75,1362.75,454.25,1.1337077343312831
DNA,MLH1_Lys751Arg,,B12,0.8951932537453744,0.9654235176272263,0.8782537613112176,1.9490226725881152,1356.0,452.0,1604.25,534.75,1.1826473151818344
AGP,STXBP1_Arg406His,,B12,0.8848407946945587,0.9672745648845884,0.9731577065212142,2.6977103165005905,2427.75,809.25,1278.0,426.0,1.9064271921847633
Mito,STXBP1_Asp207Asn,,B12,0.9448278030148227,0.9875185908839055,0.9588155945935475,2.250180083491899,2310.75,770.25,1278.0,426.0,1.8165134210142235
Morph,STXBP1_Arg235Gln,,B12,0.9343560885898866,0.98846150107414,0.9640844811864167,2.145991194006859,1392.75,464.25,1278.0,426.0,1.1038624984729384
DNA,GSS_Arg125Cys,,B12,0.8951932537453744,0.9654235176272263,0.771612910567253,1.3025287106753092,1624.5,541.5,1269.75,423.25,1.2791951144387743
GFP,MVK_Asn301Thr,,B12,0.8596503222914791,0.954893002556576,0.9938685575817016,3.420375373956164,2688.75,896.25,2943.0,981.0,1.0951669680747511
Morph,STXBP1_Arg406His,,B12,0.9343560885898866,0.98846150107414,0.9745509868625033,2.202355117789948,2427.75,809.25,1278.0,426.0,1.9064271921847633
Mito,STXBP1_Arg305Gln,,B12,0.9448278030148227,0.9875185908839055,0.9366720772183441,2.1270489379748234,2097.0,699.0,1278.0,426.0,1.6511237974236144
DNA,MLH1_Leu653Pro,,B12,0.8951932537453744,0.9654235176272263,0.8873876767899915,2.0043956479953233,2085.75,695.25,1604.25,534.75,1.3036462954649695
GFP,MLH1_Ile36Asn,,B12,0.8596503222914791,0.954893002556576,0.9865056828559616,3.3644979632590344,1282.5,427.5,1604.25,534.75,1.4192680693059863
Morph,MLH1_Gly244Asp,,B12,0.9343560885898866,0.98846150107414,0.8789050073181203,1.6872851538462448,2331.75,777.25,1604.25,534.75,1.458570868898601
Morph,STXBP1_Lys196Arg,,B12,0.9343560885898866,0.98846150107414,0.9889355683661702,2.2798185502492396,2892.75,964.25,1278.0,426.0,2.271159744251149
Mito,KHL3_Cys164Phe,,B12,0.9448278030148227,0.9875185908839055,0.7518883690931527,1.0995414616862267,1439.25,479.75,1362.75,454.25,1.1337077343312831
AGP,MLH1_Cys39Tyr,,B12,0.8848407946945587,0.9672745648845884,0.7854895677829377,1.4870921452736838,2249.25,749.75,1604.25,534.75,1.406718605528317
AGP,MVK_Gly211Ala,,B12,0.8848407946945587,0.9672745648845884,0.966308582302856,2.653527674249854,2075.25,691.75,2943.0,981.0,1.4286396158927817
Morph,STXBP1_Arg505His,,B12,0.9343560885898866,0.98846150107414,0.9330023258933098,1.9786084698988982,2019.0,673.0,1278.0,426.0,1.5857164975857145
GFP,MLH1_Asp41His,,B12,0.8596503222914791,0.954893002556576,0.9584106045312617,3.151282298373536,872.25,290.75,1604.25,534.75,1.8440864230582872
DNA,STXBP1_Arg292Cys,,B12,0.8951932537453744,0.9654235176272263,0.9419373118850264,2.3350945262156175,2022.0,674.0,1278.0,426.0,1.5894692626863598
Mito,STXBP1_Tyr411His,,B12,0.9448278030148227,0.9875185908839055,0.9115210129560679,1.987194040439186,1570.5,523.5,1278.0,426.0,1.2348907705532415
Morph,MLH1_His318Gln,,B12,0.9343560885898866,0.98846150107414,0.9379934750800574,2.005486662206634,2184.75,728.25,1604.25,534.75,1.3672180967529641
DNA,MLH1_Leu582Val,,B12,0.8951932537453744,0.9654235176272263,0.9282927542350181,2.252376467683993,1866.75,622.25,1604.25,534.75,1.165211909828645
Mito,MLH1_Leu582Val,,B12,0.9448278030148227,0.9875185908839055,0.937933920170345,2.1340655363548304,1866.75,622.25,1604.25,534.75,1.165211909828645
DNA,MLH1_Asn38His,,B12,0.8951932537453744,0.9654235176272263,0.7236602434929449,1.011822949188221,2313.75,771.25,1604.25,534.75,1.4484208610313505
Mito,MLH1_Ala681Val,,B12,0.9448278030148227,0.9875185908839055,0.9090740436070982,1.973587433418333,1906.5,635.5,1604.25,534.75,1.1923858275206127
AGP,MLH1_Lys670Arg,,B12,0.8848407946945587,0.9672745648845884,0.9107222460668014,2.294948806405138,2259.75,753.25,1604.25,534.75,1.4136612492888614
DNA,MLH1_His318Gln,,B12,0.8951932537453744,0.9654235176272263,0.9099235216565715,2.1410157849429106,2184.75,728.25,1604.25,534.75,1.3672180967529641
Mito,MLH1_Asn38Lys,,B12,0.9448278030148227,0.9875185908839055,0.5618616766412692,0.04287986976482676,1950.0,650.0,1604.25,534.75,1.2188906892640903
Morph,MVK_Asn301Thr,,B12,0.9343560885898866,0.98846150107414,0.9664777491194858,2.1588793512913114,2688.75,896.25,2943.0,981.0,1.0951669680747511
DNA,STXBP1_Asp238Glu,,B12,0.8951932537453744,0.9654235176272263,0.9326069167970886,2.2785304230175374,1256.25,418.75,1278.0,426.0,1.1002400890078523
GFP,MLH1_Pro640Ser,,B12,0.8596503222914791,0.954893002556576,0.9247555561536671,2.895871602106715,2232.75,744.25,1604.25,534.75,1.3946091548150255
GFP,STXBP1_Arg406Cys,,B12,0.8596503222914791,0.954893002556576,0.9833156728611541,3.340288737209775,2314.5,771.5,1278.0,426.0,1.8200518603007365
Morph,MVK_Ser329Asn,,B12,0.9343560885898866,0.98846150107414,0.9771974405562491,2.216606723713267,1863.0,621.0,2943.0,981.0,1.5807904204122485
DNA,MVK_Leu265Pro,,B12,0.8951932537453744,0.9654235176272263,0.8667766422861641,1.8794443815477884,1913.25,637.75,2943.0,981.0,1.5482449003425893
GFP,MLH1_Leu653Pro,,B12,0.8596503222914791,0.954893002556576,0.9795846841520575,3.3119739829636217,2085.75,695.25,1604.25,534.75,1.3036462954649695
Morph,MLH1_Ala586Asp,,B12,0.9343560885898866,0.98846150107414,0.9273413269222835,1.9481230218980357,1521.0,507.0,1604.25,534.75,1.0981279377936999
Morph,MLH1_Val185Gly,,B12,0.9343560885898866,0.98846150107414,0.9769574794466671,2.215314492083155,3156.75,1052.25,1604.25,534.75,1.9752963343638306
AGP,KHL3_Cys164Phe,,B12,0.8848407946945587,0.9672745648845884,0.6444619486578261,0.5773447608451036,1439.25,479.75,1362.75,454.25,1.1337077343312831
Mito,STXBP1_Leu256Pro,,B12,0.9448278030148227,0.9875185908839055,0.9442859763752467,2.1693867522053094,2568.0,856.0,1278.0,426.0,2.0180731511309586
Mito,STXBP1_Arg406Leu,,B12,0.9448278030148227,0.9875185908839055,0.7216281495362576,0.9312766176460867,2217.0,739.0,1278.0,426.0,1.74362919196744
AGP,MLH1_Pro747Ser,,B12,0.8848407946945587,0.9672745648845884,0.9194229350084653,2.351075606648311,2939.25,979.75,1604.25,534.75,1.8400500034075487
DNA,MLH1_Asn38Lys,,B12,0.8951932537453744,0.9654235176272263,0.5745187937819887,0.10767556067432617,1950.0,650.0,1604.25,534.75,1.2188906892640903
GFP,MLH1_Ser295Thr,,B12,0.8596503222914791,0.954893002556576,0.9835745419307229,3.3422533140708373,602.25,200.75,1604.25,534.75,2.6645763143873915
Morph,MLH1_Cys39Tyr,,B12,0.9343560885898866,0.98846150107414,0.8159300698411281,1.348154341133102,2249.25,749.75,1604.25,534.75,1.406718605528317
Mito,MLH1_Lys618Arg,,B12,0.9448278030148227,0.9875185908839055,0.855389600799951,1.675069956394009,2169.75,723.25,1604.25,534.75,1.358570269233007
AGP,STXBP1_Cys354Arg,,B12,0.8848407946945587,0.9672745648845884,0.973980888086708,2.7030205336109945,2137.5,712.5,1278.0,426.0,1.6704907476980655
AGP,STXBP1_Asp207Asn,,B12,0.8848407946945587,0.9672745648845884,0.9844078805076468,2.7702834509122525,2310.75,770.25,1278.0,426.0,1.8165134210142235
Mito,STXBP1_Cys354Arg,,B12,0.9448278030148227,0.9875185908839055,0.9386388001050752,2.137985088625803,2137.5,712.5,1278.0,426.0,1.6704907476980655
Mito,STXBP1_Arg406Cys,,B12,0.9448278030148227,0.9875185908839055,0.9540770208400577,2.2238307910783233,2314.5,771.5,1278.0,426.0,1.8200518603007365
Mito,STXBP1_Lys333Glu,,B12,0.9448278030148227,0.9875185908839055,0.9099744856606454,1.9785944275487766,1785.75,595.25,1278.0,426.0,1.4047895423230443
AGP,STXBP1_Pro335Leu,,B12,0.8848407946945587,0.9672745648845884,0.9857005946959941,2.7786225504372855,1644.0,548.0,1278.0,426.0,1.2925874696179067
DNA,STXBP1_Arg551Leu,,B12,0.8951932537453744,0.9654235176272263,0.9579044345960294,2.4318927826977235,1624.5,541.5,1278.0,426.0,1.2766058317848534
GFP,STXBP1_Glu12Asp,,B12,0.8596503222914791,0.954893002556576,0.9831097654133485,3.3387260900841347,3052.5,1017.5,1278.0,426.0,2.4003895141485283
Mito,STXBP1_Met443Arg,,B12,0.9448278030148227,0.9875185908839055,0.9068645698971185,1.961301443605156,1377.75,459.25,1278.0,426.0,1.1563211280707282
AGP,MLH1_Ala29Gly,,B12,0.8848407946945587,0.9672745648845884,0.8794317988080989,2.093098965020867,1089.0,363.0,1604.25,534.75,1.472776807269473
AGP,MLH1_Ala160Val,,B12,0.8848407946945587,0.9672745648845884,0.8038880252412304,1.6057777520650274,1496.25,498.75,1604.25,534.75,1.0750485966466063
Mito,STXBP1_Asp238Glu,,B12,0.9448278030148227,0.9875185908839055,0.917403954416949,2.019906698903254,1256.25,418.75,1278.0,426.0,1.1002400890078523
Mito,STXBP1_Arg406His,,B12,0.9448278030148227,0.9875185908839055,0.8908563314486458,1.8722861031571105,2427.75,809.25,1278.0,426.0,1.9064271921847633
Morph,STXBP1_Pro94Leu,,B12,0.9343560885898866,0.98846150107414,0.9701957623334522,2.1789014885644336,2273.25,757.75,1278.0,426.0,1.7868126387518535
AGP,STXBP1_Thr419Met,,B12,0.8848407946945587,0.9672745648845884,0.9467014886900921,2.52704534234128,1656.0,552.0,1278.0,426.0,1.295937015699271
Morph,STXBP1_Asp207Asn,,B12,0.9343560885898866,0.98846150107414,0.9909368714750684,2.290595909894159,2310.75,770.25,1278.0,426.0,1.8165134210142235
Mito,MLH1_Ser44Phe,,B12,0.9448278030148227,0.9875185908839055,0.879299275845379,1.808021990499546,3243.0,1081.0,1604.25,534.75,2.031825399758749
DNA,STXBP1_Leu183Pro,,B12,0.8951932537453744,0.9654235176272263,0.9084760681119222,2.132240817655639,1438.5,479.5,1278.0,426.0,1.1322855335744895
DNA,STXBP1_Arg406His,,B12,0.8951932537453744,0.9654235176272263,0.9469674657403899,2.365589070025969,2427.75,809.25,1278.0,426.0,1.9064271921847633
Mito,STXBP1_Leu426Pro,,B12,0.9448278030148227,0.9875185908839055,0.8846693821049664,1.8378829797944025,2327.25,775.75,1278.0,426.0,1.8263139740148262
AGP,STXBP1_Glu12Asp,,B12,0.8848407946945587,0.9672745648845884,0.9755940810568626,2.7134269922485386,3052.5,1017.5,1278.0,426.0,2.4003895141485283
AGP,MLH1_Asp41His,,B12,0.8848407946945587,0.9672745648845884,0.9275253282982505,2.403342894068476,872.25,290.75,1604.25,534.75,1.8440864230582872
AGP,MLH1_Ala586Asp,,B12,0.8848407946945587,0.9672745648845884,0.7711459082206962,1.3945634133073104,1521.0,507.0,1604.25,534.75,1.0981279377936999
AGP,MLH1_Gln701His,,B12,0.8848407946945587,0.9672745648845884,0.8620294440908591,1.9808390631298607,2060.25,686.75,1604.25,534.75,1.2876585097469475
GFP,STXBP1_Arg406His,,B12,0.8596503222914791,0.954893002556576,0.9708886579930681,3.2459791856570583,2427.75,809.25,1278.0,426.0,1.9064271921847633
Mito,STXBP1_His245Arg,,B12,0.9448278030148227,0.9875185908839055,0.9052549265118072,1.9523508676623602,1665.0,555.0,1278.0,426.0,1.31165002419367
Mito,STXBP1_Asn548Asp,,B12,0.9448278030148227,0.9875185908839055,0.9589497825376707,2.2509262483849692,2388.75,796.25,1278.0,426.0,1.8798108927557702
AGP,MLH1_Leu653Pro,,B12,0.8848407946945587,0.9672745648845884,0.8193043990249074,1.7052263977564177,2085.75,695.25,1604.25,534.75,1.3036462954649695
DNA,STXBP1_Pro94Leu,,B12,0.8951932537453744,0.9654235176272263,0.9112176270630898,2.1488611024319972,2273.25,757.75,1278.0,426.0,1.7868126387518535
GFP,STXBP1_Gly417Asp,,B12,0.8596503222914791,0.954893002556576,0.973009954669477,3.2620778658619214,1689.75,563.25,1278.0,426.0,1.325327282817671
AGP,STXBP1_Pro94Leu,,B12,0.8848407946945587,0.9672745648845884,0.9482415300654183,2.536979911341356,2273.25,757.75,1278.0,426.0,1.7868126387518535
GFP,MLH1_Lys751Arg,,B12,0.8596503222914791,0.954893002556576,0.8394273157636412,2.2483091608134176,1356.0,452.0,1604.25,534.75,1.1826473151818344
DNA,STXBP1_Pro335Leu,,B12,0.8951932537453744,0.9654235176272263,0.9697488548080518,2.5036977814014114,1644.0,548.0,1278.0,426.0,1.2925874696179067
Morph,MLH1_Lys670Arg,,B12,0.9343560885898866,0.98846150107414,0.9577320724558674,2.1117823861574783,2259.75,753.25,1604.25,534.75,1.4136612492888614
Morph,HPRT1_His204Asp,,B12,0.9343560885898866,0.98846150107414,0.8690093853926555,1.6339955367329142,1747.5,582.5,2963.25,987.75,1.700524235271542
Morph,STXBP1_Glu12Asp,,B12,0.9343560885898866,0.98846150107414,0.9786331555250171,2.2243382944569543,3052.5,1017.5,1278.0,426.0,2.4003895141485283
Mito,STXBP1_Pro335Leu,,B12,0.9448278030148227,0.9875185908839055,0.958706166931949,2.2495716005171498,1644.0,548.0,1278.0,426.0,1.2925874696179067
AGP,MVK_Leu265Pro,,B12,0.8848407946945587,0.9672745648845884,0.822362213966215,1.7249518895585116,1913.25,637.75,2943.0,981.0,1.5482449003425893
DNA,STXBP1_Tyr411His,,B12,0.8951932537453744,0.9654235176272263,0.9269984580489797,2.2445299936230385,1570.5,523.5,1278.0,426.0,1.2348907705532415
DNA,STXBP1_Arg406Leu,,B12,0.8951932537453744,0.9654235176272263,0.7187853890098254,0.9822698842365261,2217.0,739.0,1278.0,426.0,1.74362919196744
AGP,STXBP1_Gly544Asp,,B12,0.8848407946945587,0.9672745648845884,0.9929331521693813,2.8252786613818106,2953.5,984.5,1278.0,426.0,2.3220539336221107
AGP,MLH1_Ser508Arg,,B12,0.8848407946945587,0.9672745648845884,0.8736982828306705,2.056112939188455,2628.75,876.25,1604.25,534.75,1.6421994545624519
DNA,MVK_Thr243IIe,,B12,0.8951932537453744,0.9654235176272263,0.5814998084870078,0.14999690210524844,3021.0,1007.0,2943.0,981.0,1.026385866670676
Mito,STXBP1_Arg551Leu,,B12,0.9448278030148227,0.9875185908839055,0.9258970262870194,2.0671332370634334,1624.5,541.5,1278.0,426.0,1.2766058317848534
GFP,MLH1_Ala160Val,,B12,0.8596503222914791,0.954893002556576,0.9077376408251814,2.766721361278299,1496.25,498.75,1604.25,534.75,1.0750485966466063
DNA,MLH1_Ala586Asp,,B12,0.8951932537453744,0.9654235176272263,0.8896776604937094,2.0182783264154986,1521.0,507.0,1604.25,534.75,1.0981279377936999
Morph,MLH1_Asp41His,,B12,0.9343560885898866,0.98846150107414,0.956148544833668,2.1032548189857527,872.25,290.75,1604.25,534.75,1.8440864230582872
AGP,STXBP1_Arg235Gln,,B12,0.8848407946945587,0.9672745648845884,0.9672294265446671,2.6594678981978355,1392.75,464.25,1278.0,426.0,1.1038624984729384
GFP,STXBP1_Leu256Pro,,B12,0.8596503222914791,0.954893002556576,0.987315155284824,3.3706411104726395,2568.0,856.0,1278.0,426.0,2.0180731511309586
GFP,STXBP1_His245Arg,,B12,0.8596503222914791,0.954893002556576,0.9791867494200485,3.308954026319054,1665.0,555.0,1278.0,426.0,1.31165002419367
Mito,MVK_Thr243IIe,,B12,0.9448278030148227,0.9875185908839055,0.5552772798603246,0.00626670192706727,3021.0,1007.0,2943.0,981.0,1.026385866670676
Mito,STXBP1_Gly544Asp,,B12,0.9448278030148227,0.9875185908839055,0.9841018436110476,2.390786688784038,2953.5,984.5,1278.0,426.0,2.3220539336221107
Morph,MLH1_Gly147Arg,,B12,0.9343560885898866,0.98846150107414,0.8934587221980127,1.765659398473586,1506.75,502.25,1604.25,534.75,1.084840520341579
DNA,KHL3_Cys164Phe,,B12,0.8951932537453744,0.9654235176272263,0.5174367425691347,-0.23837570565802005,1439.25,479.75,1362.75,454.25,1.1337077343312831
DNA,MLH1_Lys618Arg,,B12,0.8951932537453744,0.9654235176272263,0.8961355410534845,2.057428246540127,2169.75,723.25,1604.25,534.75,1.358570269233007
AGP,STXBP1_Pro480Leu,,B12,0.8848407946945587,0.9672745648845884,0.9665334520815837,2.6549782744535846,1698.75,566.25,1278.0,426.0,1.3296313924196062
AGP,MLH1_Lys618Arg,,B12,0.8848407946945587,0.9672745648845884,0.8749129926537994,2.0639488446039107,2169.75,723.25,1604.25,534.75,1.358570269233007
AGP,STXBP1_His245Arg,,B12,0.8848407946945587,0.9672745648845884,0.977546757730495,2.7260234078123275,1665.0,555.0,1278.0,426.0,1.31165002419367
Mito,MLH1_Ala681Thr,,B12,0.9448278030148227,0.9875185908839055,0.5847355260288194,0.17007209626394976,1952.25,650.75,1604.25,534.75,1.2206429398224894
Morph,STXBP1_Pro335Leu,,B12,0.9343560885898866,0.98846150107414,0.9888381091778546,2.2792937158458395,1644.0,548.0,1278.0,426.0,1.2925874696179067
AGP,HPRT1_His204Asp,,B12,0.8848407946945587,0.9672745648845884,0.8734967168887213,2.054812668435707,1747.5,582.5,2963.25,987.75,1.700524235271542
AGP,MLH1_Gly244Asp,,B12,0.8848407946945587,0.9672745648845884,0.8228778447952261,1.7282781443796145,2331.75,777.25,1604.25,534.75,1.458570868898601
Morph,STXBP1_Leu256Pro,,B12,0.9343560885898866,0.98846150107414,0.9846989557983035,2.2570036667280555,2568.0,856.0,1278.0,426.0,2.0180731511309586
DNA,STXBP1_Thr419Met,,B12,0.8951932537453744,0.9654235176272263,0.9257676576718413,2.237068453260327,1656.0,552.0,1278.0,426.0,1.295937015699271
Mito,MLH1_Pro640Ser,,B12,0.9448278030148227,0.9875185908839055,0.9253104317710341,2.0638714221727152,2232.75,744.25,1604.25,534.75,1.3946091548150255
Mito,MVK_Leu265Pro,,B12,0.9448278030148227,0.9875185908839055,0.8948279573198343,1.8943707085428971,1913.25,637.75,2943.0,981.0,1.5482449003425893
AGP,STXBP1_Arg406Leu,,B12,0.8848407946945587,0.9672745648845884,0.7745443469743007,1.4164862167015158,2217.0,739.0,1278.0,426.0,1.74362919196744
Morph,STXBP1_Cys354Arg,,B12,0.9343560885898866,0.98846150107414,0.9842658216185748,2.254671165065169,2137.5,712.5,1278.0,426.0,1.6704907476980655
Morph,STXBP1_Arg292Cys,,B12,0.9343560885898866,0.98846150107414,0.9800152704177212,2.2317812196205873,2022.0,674.0,1278.0,426.0,1.5894692626863598
Morph,STXBP1_Asn548Asp,,B12,0.9343560885898866,0.98846150107414,0.9866374756008335,2.26744292752657,2388.75,796.25,1278.0,426.0,1.8798108927557702
Mito,STXBP1_Arg235Gln,,B12,0.9448278030148227,0.9875185908839055,0.8951830104752837,1.8963450155605752,1392.75,464.25,1278.0,426.0,1.1038624984729384
Mito,STXBP1_Arg190Gln,,B12,0.9448278030148227,0.9875185908839055,0.7208548269640671,0.9269764835456806,1502.25,500.75,1278.0,426.0,1.1745364149658235
AGP,MLH1_Asn38Lys,,B12,0.8848407946945587,0.9672745648845884,0.5757099044469005,0.13383594474916136,1950.0,650.0,1604.25,534.75,1.2188906892640903
GFP,MVK_Pro288Leu,,B12,0.8596503222914791,0.954893002556576,0.65207994753112,0.8265158765737652,2948.25,982.75,2943.0,981.0,1.0497184949923906
Morph,MLH1_Gln701His,,B12,0.9343560885898866,0.98846150107414,0.9269930508409898,1.9462474956136182,2060.25,686.75,1604.25,534.75,1.2876585097469475
DNA,MLH1_Ala681Thr,,B12,0.8951932537453744,0.9654235176272263,0.7552236517696956,1.2031713182789732,1952.25,650.75,1604.25,534.75,1.2206429398224894
AGP,STXBP1_Asn548Asp,,B12,0.8848407946945587,0.9672745648845884,0.9838967163536801,2.76698600992183,2388.75,796.25,1278.0,426.0,1.8798108927557702
Morph,STXBP1_Asp238Glu,,B12,0.9343560885898866,0.98846150107414,0.9664267917326871,2.158604937045087,1256.25,418.75,1278.0,426.0,1.1002400890078523
Mito,MVK_Pro288Leu,,B12,0.9448278030148227,0.9875185908839055,0.5577473384171519,0.02000169869578207,2948.25,982.75,2943.0,981.0,1.0497184949923906
GFP,AGXT_Asp201Asn,,B12,0.8596503222914791,0.954893002556576,0.9850292286387148,3.3532930410315522,1996.5,665.5,2037.0,679.0,1.0323585024800892
DNA,MVK_Gly211Ala,,B12,0.8951932537453744,0.9654235176272263,0.9864176749617402,2.6047499720618448,2075.25,691.75,2943.0,981.0,1.4286396158927817
Morph,STXBP1_Gly417Asp,,B12,0.9343560885898866,0.98846150107414,0.9639293229364199,2.1451556402845577,1689.75,563.25,1278.0,426.0,1.325327282817671
Morph,STXBP1_Val451Ile,,B12,0.9343560885898866,0.98846150107414,0.9876720469023328,2.2730142709902355,1515.0,505.0,1278.0,426.0,1.1902825880426473
GFP,MLH1_Ser508Arg,,B12,0.8596503222914791,0.954893002556576,0.8932949652350993,2.6571148087328433,2628.75,876.25,1604.25,534.75,1.6421994545624519
AGP,MLH1_Ala681Thr,,B12,0.8848407946945587,0.9672745648845884,0.6528311397979167,0.6313331199815201,1952.25,650.75,1604.25,534.75,1.2206429398224894
Morph,MLH1_Ser44Phe,,B12,0.9343560885898866,0.98846150107414,0.9539886112602528,2.0916232071492775,3243.0,1081.0,1604.25,534.75,2.031825399758749
DNA,STXBP1_Leu256Pro,,B12,0.8951932537453744,0.9654235176272263,0.9669185416861483,2.4865394379442085,2568.0,856.0,1278.0,426.0,2.0180731511309586
Morph,MLH1_Pro747Ser,,B12,0.9343560885898866,0.98846150107414,0.937951223124909,2.005259128199261,2939.25,979.75,1604.25,534.75,1.8400500034075487
GFP,STXBP1_Tyr411His,,B12,0.8596503222914791,0.954893002556576,0.97730997332611,3.294711031226263,1570.5,523.5,1278.0,426.0,1.2348907705532415
AGP,MLH1_Ser295Thr,,B12,0.8848407946945587,0.9672745648845884,0.9890805198680443,2.8004259255769393,602.25,200.75,1604.25,534.75,2.6645763143873915
Morph,AGXT_Asp201Asn,,B12,0.9343560885898866,0.98846150107414,0.6385233557151625,0.39278883300079215,1996.5,665.5,2037.0,679.0,1.0323585024800892
AGP,MLH1_Lys751Arg,,B12,0.8848407946945587,0.9672745648845884,0.8036455985445323,1.6042138948957372,1356.0,452.0,1604.25,534.75,1.1826473151818344
Mito,STXBP1_Arg190Trp,,B12,0.9448278030148227,0.9875185908839055,0.8581905332217248,1.690644808923767,2060.25,686.75,1278.0,426.0,1.621707278898417
DNA,MLH1_Asp485Glu,,B12,0.8951932537453744,0.9654235176272263,0.9004851684551628,2.0837972020776903,939.0,313.0,1604.25,534.75,1.710220067899555
Mito,MLH1_Ser508Arg,,B12,0.9448278030148227,0.9875185908839055,0.8526998828082114,1.6601135223357206,2628.75,876.25,1604.25,534.75,1.6421994545624519
AGP,MLH1_Pro640Ser,,B12,0.8848407946945587,0.9672745648845884,0.8924980241064571,2.1773871658944177,2232.75,744.25,1604.25,534.75,1.3946091548150255
DNA,AGXT_Asp201Asn,,B12,0.8951932537453744,0.9654235176272263,0.6006491473952482,0.26608686099466583,1996.5,665.5,2037.0,679.0,1.0323585024800892
AGP,MLH1_Cys39Phe,,B12,0.8848407946945587,0.9672745648845884,0.9080896318272363,2.277966218643169,2096.25,698.75,1604.25,534.75,1.309764345173871
DNA,STXBP1_Leu365Phe,,B12,0.8951932537453744,0.9654235176272263,0.8133175333154633,1.5553566523362616,660.75,220.25,1278.0,426.0,1.9364845601399305
AGP,STXBP1_Arg551Leu,,B12,0.8848407946945587,0.9672745648845884,0.9849744479309988,2.7739382898345464,1624.5,541.5,1278.0,426.0,1.2766058317848534
DNA,MVK_Ser329Asn,,B12,0.8951932537453744,0.9654235176272263,0.9719370677412407,2.516963489981349,1863.0,621.0,2943.0,981.0,1.5807904204122485
GFP,MLH1_Ile36Met,,B12,0.8596503222914791,0.954893002556576,0.7445674344658231,1.5284103789654837,1873.5,624.5,1604.25,534.75,1.170661142222937
Morph,MLH1_Leu653Pro,,B12,0.9343560885898866,0.98846150107414,0.9032750411329791,1.8185219554151124,2085.75,695.25,1604.25,534.75,1.3036462954649695
DNA,HPRT1_His204Asp,,B12,0.8951932537453744,0.9654235176272263,0.8353011870691516,1.688629214524121,1747.5,582.5,2963.25,987.75,1.700524235271542
DNA,STXBP1_Glu12Asp,,B12,0.8951932537453744,0.9654235176272263,0.9563696062977315,2.4225881192362064,3052.5,1017.5,1278.0,426.0,2.4003895141485283
Morph,MVK_Thr243IIe,,B12,0.9343560885898866,0.98846150107414,0.5757112730833222,0.05453502149167211,3021.0,1007.0,2943.0,981.0,1.026385866670676
AGP,STXBP1_Asp238Glu,,B12,0.8848407946945587,0.9672745648845884,0.9591579193631266,2.607399852290539,1256.25,418.75,1278.0,426.0,1.1002400890078523
Morph,STXBP1_Pro480Leu,,B12,0.9343560885898866,0.98846150107414,0.9588964186246823,2.118052589484855,1698.75,566.25,1278.0,426.0,1.3296313924196062
Mito,MLH1_Gln701His,,B12,0.9448278030148227,0.9875185908839055,0.8902633442340275,1.868988741054435,2060.25,686.75,1604.25,534.75,1.2876585097469475
Mito,STXBP1_Leu365Phe,,B12,0.9448278030148227,0.9875185908839055,0.8889842673282728,1.861876311626832,660.75,220.25,1278.0,426.0,1.9364845601399305
Morph,MLH1_Asp485Glu,,B12,0.9343560885898866,0.98846150107414,0.9245615739847112,1.933153576740507,939.0,313.0,1604.25,534.75,1.710220067899555
AGP,STXBP1_Met443Arg,,B12,0.8848407946945587,0.9672745648845884,0.974602304104883,2.7070291923452467,1377.75,459.25,1278.0,426.0,1.1563211280707282
Morph,MLH1_Ala681Val,,B12,0.9343560885898866,0.98846150107414,0.9265499501485114,1.943861322574401,1906.5,635.5,1604.25,534.75,1.1923858275206127
Mito,STXBP1_Pro480Leu,,B12,0.9448278030148227,0.9875185908839055,0.8588566382429919,1.6943487495811405,1698.75,566.25,1278.0,426.0,1.3296313924196062
AGP,STXBP1_Arg305Gln,,B12,0.8848407946945587,0.9672745648845884,0.9721158617606293,2.690989536898674,2097.0,699.0,1278.0,426.0,1.6511237974236144
GFP,STXBP1_Lys333Glu,,B12,0.8596503222914791,0.954893002556576,0.9511969061856016,3.096536998457388,1785.75,595.25,1278.0,426.0,1.4047895423230443
DNA,MVK_Asn301Thr,,B12,0.8951932537453744,0.9654235176272263,0.9667818302165883,2.485710645422598,2688.75,896.25,2943.0,981.0,1.0951669680747511
GFP,MLH1_Gly244Asp,,B12,0.8596503222914791,0.954893002556576,0.9963429923910959,3.4391540460425483,2331.75,777.25,1604.25,534.75,1.458570868898601
GFP,STXBP1_Asn548Asp,,B12,0.8596503222914791,0.954893002556576,0.9882812814905277,3.3779731149942753,2388.75,796.25,1278.0,426.0,1.8798108927557702
GFP,STXBP1_Leu365Phe,,B12,0.8596503222914791,0.954893002556576,0.9468536391274993,3.063575617717814,660.75,220.25,1278.0,426.0,1.9364845601399305
DNA,MLH1_Ala160Val,,B12,0.8951932537453744,0.9654235176272263,0.8809868418238244,1.9655915581183332,1496.25,498.75,1604.25,534.75,1.0750485966466063
Morph,MLH1_Ser295Thr,,B12,0.9343560885898866,0.98846150107414,0.9874825807739214,2.2719939634729274,602.25,200.75,1604.25,534.75,2.6645763143873915
AGP,MLH1_Ile36Met,,B12,0.8848407946945587,0.9672745648845884,0.7002202008945675,0.9370326322519331,1873.5,624.5,1604.25,534.75,1.170661142222937
AGP,MLH1_Ala681Val,,B12,0.8848407946945587,0.9672745648845884,0.8807006776002122,2.1012843060869884,1906.5,635.5,1604.25,534.75,1.1923858275206127
GFP,STXBP1_Lys196Arg,,B12,0.8596503222914791,0.954893002556576,0.9909352132489144,3.398114002942172,2892.75,964.25,1278.0,426.0,2.271159744251149
Mito,MLH1_His318Gln,,B12,0.9448278030148227,0.9875185908839055,0.9095293884481065,1.9761194219424976,2184.75,728.25,1604.25,534.75,1.3672180967529641
DNA,MLH1_Ile36Met,,B12,0.8951932537453744,0.9654235176272263,0.7159428151414616,0.9650372118659685,1873.5,624.5,1604.25,534.75,1.170661142222937
DNA,MLH1_Pro747Ser,,B12,0.8951932537453744,0.9654235176272263,0.8997944403053058,2.0796097675712093,2939.25,979.75,1604.25,534.75,1.8400500034075487
AGP,AGXT_Asp201Asn,,B12,0.8848407946945587,0.9672745648845884,0.5682577851959681,0.08576347469653087,1996.5,665.5,2037.0,679.0,1.0323585024800892
Morph,STXBP1_Leu183Pro,,B12,0.9343560885898866,0.98846150107414,0.9628306450627822,2.139239071961916,1438.5,479.5,1278.0,426.0,1.1322855335744895
DNA,STXBP1_Leu426Pro,,B12,0.8951932537453744,0.9654235176272263,0.8959533016874808,2.0563234480607235,2327.25,775.75,1278.0,426.0,1.8263139740148262
Morph,MLH1_Ser508Arg,,B12,0.9343560885898866,0.98846150107414,0.9005108692308581,1.8036364167992531,2628.75,876.25,1604.25,534.75,1.6421994545624519
Mito,STXBP1_Leu183Pro,,B12,0.9448278030148227,0.9875185908839055,0.8941392017068263,1.8905408171045135,1438.5,479.5,1278.0,426.0,1.1322855335744895
Morph,STXBP1_Arg190Trp,,B12,0.9343560885898866,0.98846150107414,0.9211667943510138,1.9148721075992556,2060.25,686.75,1278.0,426.0,1.621707278898417
DNA,MLH1_Val185Gly,,B12,0.8951932537453744,0.9654235176272263,0.973484469007483,2.5263443751515515,3156.75,1052.25,1604.25,534.75,1.9752963343638306
GFP,STXBP1_Val451Ile,,B12,0.8596503222914791,0.954893002556576,0.986626334612176,3.3654135985216778,1515.0,505.0,1278.0,426.0,1.1902825880426473
Morph,MLH1_Cys680Arg,,B12,0.9343560885898866,0.98846150107414,0.9257697875941068,1.9396600137407036,2180.25,726.75,1604.25,534.75,1.3646495882971572
GFP,STXBP1_Leu426Pro,,B12,0.8596503222914791,0.954893002556576,0.9681717026265355,3.225360006801445,2327.25,775.75,1278.0,426.0,1.8263139740148262
AGP,MLH1_Ser44Phe,,B12,0.8848407946945587,0.9672745648845884,0.8933839757314181,2.1831023029614602,3243.0,1081.0,1604.25,534.75,2.031825399758749
GFP,MVK_Gly211Ala,,B12,0.8596503222914791,0.954893002556576,0.997376824000761,3.446999871972872,2075.25,691.75,2943.0,981.0,1.4286396158927817
GFP,KHL3_Cys164Phe,,B12,0.8596503222914791,0.954893002556576,0.8124355246104338,2.0434664253467574,1439.25,479.75,1362.75,454.25,1.1337077343312831
DNA,MLH1_Gln701His,,B12,0.8951932537453744,0.9654235176272263,0.8952664500291538,2.0521595141954148,2060.25,686.75,1604.25,534.75,1.2876585097469475
Morph,MLH1_Asn38Lys,,B12,0.9343560885898866,0.98846150107414,0.5388344563740581,-0.14405294575252575,1950.0,650.0,1604.25,534.75,1.2188906892640903
DNA,MLH1_Ile36Asn,,B12,0.8951932537453744,0.9654235176272263,0.8003637140530376,1.4768260903757748,1282.5,427.5,1604.25,534.75,1.4192680693059863
Mito,MLH1_Cys680Arg,,B12,0.9448278030148227,0.9875185908839055,0.8986038714352816,1.9153670399987917,2180.25,726.75,1604.25,534.75,1.3646495882971572
Morph,STXBP1_Arg190Gln,,B12,0.9343560885898866,0.98846150107414,0.8073507147512651,1.3019530461299444,1502.25,500.75,1278.0,426.0,1.1745364149658235
GFP,GSS_Arg125Cys,,B12,0.8596503222914791,0.954893002556576,0.7299814430139552,1.41771619155366,1624.5,541.5,1269.75,423.25,1.2791951144387743
AGP,MVK_Thr243IIe,,B12,0.8848407946945587,0.9672745648845884,0.543775309519726,-0.07216919373374643,3021.0,1007.0,2943.0,981.0,1.026385866670676
Mito,MLH1_Cys39Tyr,,B12,0.9448278030148227,0.9875185908839055,0.804519884897324,1.3922040374396503,2249.25,749.75,1604.25,534.75,1.406718605528317
