allele_0,allele_1,Allele_set,AUROC_mean,AUROC_std,AUROC_max,AUROC_min,n_classifiers,avg_trainsize_0,avg_trainsize_1,Classifier_type,ctrl_AUROC_95,ctrl_AUROC_99,ctrl_AUROC_mean,ctrl_AUROC_std,AUROC_zscore,MislocScore_ecdf,MislocScore_cdf,MislocScore_minmax,MislocScore_sigmoid,hit_95,hit_99,hit_misloc_95,hit_misloc_99
MLH1_His318Gln,MLH1,MLH1_His318Gln_vs_MLH1,0.8896398514069869,0.06094062016954117,0.9459589725096397,0.8030154859967051,4,2184.75,1604.25,GFP,0.7693355515552507,0.9576249473032562,0.5404787234873488,0.11438445071671054,3.052522661357054,0.9699453551912569,0.9988653670200319,0.8453283311241506,0.9112330261984238,true,false,true,false
MLH1_Val185Gly,MLH1,MLH1_Val185Gly_vs_MLH1,0.9921366798658178,0.00415634569874486,0.9957619641428639,0.9862846083715872,4,3156.75,1604.25,GFP,0.7693355515552507,0.9576249473032562,0.5404787234873488,0.11438445071671054,3.9485957536052214,1.0000000000000002,0.9999606945142722,1.0,0.9752264616385007,true,true,true,true
MLH1_Ser508Arg,MLH1,MLH1_Ser508Arg_vs_MLH1,0.8952258702233566,0.06177300121575693,0.9454638562177878,0.8050761943986819,4,2628.75,1604.25,GFP,0.7693355515552507,0.9576249473032562,0.5404787234873488,0.11438445071671054,3.10135813489711,0.9699453551912569,0.9990368242395707,0.858036982061675,0.9169825185127165,true,false,true,false
MLH1_Lys751Arg,MLH1,MLH1_Lys751Arg_vs_MLH1,0.840400165947144,0.14526291763927232,0.9358693559256763,0.6283896037091875,4,1356.0,1604.25,GFP,0.7693355515552507,0.9576249473032562,0.5404787234873488,0.11438445071671054,2.6220473200731935,0.9617486338797815,0.9956298352792289,0.7333040083723499,0.8433107514078905,true,false,true,false
MLH1_Pro640Ser,MLH1,MLH1_Pro640Ser_vs_MLH1,0.9260112607258634,0.055985836207237294,0.9692546261002148,0.8480272244687401,4,2232.75,1604.25,GFP,0.7693355515552507,0.9576249473032562,0.5404787234873488,0.11438445071671054,3.3704977802738334,0.9781420765027323,0.9996248374475044,0.928076270279826,0.9429855745060256,true,false,true,false
MVK_Ser329Asn,MVK,MVK_Ser329Asn_vs_MVK,0.9984146773367766,0.0008884058079272286,0.9994327340533679,0.9974248713265814,4,1863.0,2943.0,GFP,0.7693355515552507,0.9576249473032562,0.5404787234873488,0.11438445071671054,4.003480813870162,1.0000000000000002,0.9999687913673493,1.0,0.9771395519426087,true,true,true,true
MLH1_Asp485Glu,MLH1,MLH1_Asp485Glu_vs_MLH1,0.8787608090100331,0.12117559417915912,0.9535060436841732,0.6986069236855048,4,939.0,1604.25,GFP,0.7693355515552507,0.9576249473032562,0.5404787234873488,0.11438445071671054,2.957413209602136,0.9672131147540984,0.9984488396458971,0.8205776174401489,0.8989961225236113,true,false,true,false
MLH1_Ile36Asn,MLH1,MLH1_Ile36Asn_vs_MLH1,0.9861716795603134,0.010727768104897112,0.9949474587733445,0.9714802711534826,4,1282.5,1604.25,GFP,0.7693355515552507,0.9576249473032562,0.5404787234873488,0.11438445071671054,3.896447054475848,1.0000000000000002,0.9999511929327122,1.0,0.9732646812883147,true,true,true,true
MVK_Pro288Leu,MVK,MVK_Pro288Leu_vs_MVK,0.6573889851008928,0.08849460439336546,0.727039388496721,0.5303931116389549,4,2948.25,2943.0,GFP,0.7693355515552507,0.9576249473032562,0.5404787234873488,0.11438445071671054,1.0220817679414225,0.8934426229508198,0.8466288992246986,0.3169385625161081,0.32808098243939005,false,false,false,false
MLH1_Ser44Phe,MLH1,MLH1_Ser44Phe_vs_MLH1,0.996341684176534,0.0018396199213751988,0.998591294733037,0.994834588073242,4,3243.0,1604.25,GFP,0.7693355515552507,0.9576249473032562,0.5404787234873488,0.11438445071671054,3.985357780999404,1.0000000000000002,0.9999663107379878,1.0,0.9765243660297354,true,true,true,true
MLH1_Ala681Thr,MLH1,MLH1_Ala681Thr_vs_MLH1,0.9191197517647586,0.039759944731194145,0.967324095506865,0.8746573921532735,4,1952.25,1604.25,GFP,0.7693355515552507,0.9576249473032562,0.5404787234873488,0.11438445071671054,3.3102491283117534,0.9726775956284154,0.9995339351621563,0.9123975221949028,0.9379277384247704,true,false,true,false
GSS_Arg125Cys,GSS,GSS_Arg125Cys_vs_GSS,0.7269764484649085,0.16727133373722733,0.8846439681991014,0.5518094783231661,4,1624.5,1269.75,GFP,0.7693355515552507,0.9576249473032562,0.5404787234873488,0.11438445071671054,1.630446479473403,0.9316939890710384,0.9484964159868448,0.47525574879722593,0.5487619513853066,false,false,false,false
MLH1_Gln701His,MLH1,MLH1_Gln701His_vs_MLH1,0.9936457425523978,0.0025731405253801077,0.9967764027961459,0.9910100733823963,4,2060.25,1604.25,GFP,0.7693355515552507,0.9576249473032562,0.5404787234873488,0.11438445071671054,3.9617886541885134,1.0000000000000002,0.9999628048121373,1.0,0.9757000988569703,true,true,true,true
MLH1_Gly147Arg,MLH1,MLH1_Gly147Arg_vs_MLH1,0.9843535925782236,0.009697109395177959,0.9908162520083744,0.9699701825806364,4,1506.75,1604.25,GFP,0.7693355515552507,0.9576249473032562,0.5404787234873488,0.11438445071671054,3.880552525361987,1.0000000000000002,0.9999478902831658,1.0,0.9726372550780185,true,true,true,true
MLH1_Cys680Arg,MLH1,MLH1_Cys680Arg_vs_MLH1,0.890348858684465,0.09390246977087756,0.9712692589875275,0.7546797855029773,4,2180.25,1604.25,GFP,0.7693355515552507,0.9576249473032562,0.5404787234873488,0.11438445071671054,3.0587211199153255,0.9699453551912569,0.9988885801522899,0.8469413808287505,0.9119822220169648,true,false,true,false
MLH1_Cys39Tyr,MLH1,MLH1_Cys39Tyr_vs_MLH1,0.9920997849018425,0.0020759001641382064,0.9940024980618485,0.9897632918173295,4,2249.25,1604.25,GFP,0.7693355515552507,0.9576249473032562,0.5404787234873488,0.11438445071671054,3.94827320133746,1.0000000000000002,0.9999606415289682,1.0,0.9752147697481022,true,true,true,true
MLH1_Ser295Thr,MLH1,MLH1_Ser295Thr_vs_MLH1,0.9839689282664397,0.010060158141975794,0.9937104657849338,0.971085484166209,4,602.25,1604.25,GFP,0.7693355515552507,0.9576249473032562,0.5404787234873488,0.11438445071671054,3.8771896179967484,1.0000000000000002,0.9999471649985617,1.0,0.9725026837731944,true,true,true,true
MVK_Thr243IIe,MVK,MVK_Thr243IIe_vs_MVK,0.5266602241646298,0.07699478762057768,0.5803228473455225,0.4137196449732109,4,3021.0,2943.0,GFP,0.7693355515552507,0.9576249473032562,0.5404787234873488,0.11438445071671054,-0.12080749818821572,0.5765027322404372,0.4519217554561849,0.019519909831772892,0.08082343673309371,false,false,false,false
MVK_Asn301Thr,MVK,MVK_Asn301Thr_vs_MVK,0.9939260958602596,0.0019366520279270353,0.9964234889441917,0.9918444050200408,4,2688.75,2943.0,GFP,0.7693355515552507,0.9576249473032562,0.5404787234873488,0.11438445071671054,3.964239628128635,1.0000000000000002,0.9999631848689072,1.0,0.9757871133209234,true,true,true,true
MLH1_Lys670Arg,MLH1,MLH1_Lys670Arg_vs_MLH1,0.9307525613009535,0.06937661191382516,0.9794377666282097,0.8279997727660056,4,2259.75,1604.25,GFP,0.7693355515552507,0.9576249473032562,0.5404787234873488,0.11438445071671054,3.4119483493449096,0.9808743169398908,0.9996774983323432,0.9388631179399388,0.9462377608461875,true,false,true,false
MLH1_Ile36Met,MLH1,MLH1_Ile36Met_vs_MLH1,0.7442073198533998,0.2468163839542698,0.9129181920330567,0.37728714641242245,4,1873.5,1604.25,GFP,0.7693355515552507,0.9576249473032562,0.5404787234873488,0.11438445071671054,1.7810864596501323,0.9453551912568307,0.962550836302017,0.5144573943742137,0.6038731544006093,false,false,false,false
MLH1_Leu653Pro,MLH1,MLH1_Leu653Pro_vs_MLH1,0.9796781901479639,0.010055271161651254,0.9890901410393462,0.9654335779541711,4,2085.75,1604.25,GFP,0.7693355515552507,0.9576249473032562,0.5404787234873488,0.11438445071671054,3.839678067330632,1.0000000000000002,0.9999384021255473,1.0,0.9709573499068296,true,true,true,true
MLH1_Lys618Arg,MLH1,MLH1_Lys618Arg_vs_MLH1,0.8999504192316996,0.03954941376875932,0.9494297928038321,0.8596640781397803,4,2169.75,1604.25,GFP,0.7693355515552507,0.9576249473032562,0.5404787234873488,0.11438445071671054,3.142662254283442,0.9699453551912569,0.9991629055218096,0.8687857185335794,0.9215787562170338,true,false,true,false
MLH1_Asp485Glu,MLH1,MLH1_Asp485Glu_vs_MLH1,0.8991080590380834,0.07890632909115994,0.9619442284583304,0.7894990057091539,4,939.0,1604.25,AGP,0.8252520535881984,0.9702392379836682,0.5542502586821698,0.13989813684445226,2.4650635679254878,0.9699453551912569,0.9931505527090804,0.8366379573886159,0.8096280804086932,true,false,true,false
MVK_Thr243IIe,MVK,MVK_Thr243IIe_vs_MVK,0.5435378869973774,0.09982179119475705,0.6295011360452123,0.4043211267605634,4,3021.0,2943.0,AGP,0.8252520535881984,0.9702392379836682,0.5542502586821698,0.13989813684445226,-0.07657265440713586,0.5355191256830601,0.4694817568434016,0.020024617678792742,0.0858919255433796,false,false,false,false
MLH1_Leu653Pro,MLH1,MLH1_Leu653Pro_vs_MLH1,0.8176139417681443,0.17193859841192455,0.9317988217498607,0.5615532288589051,4,2085.75,1604.25,AGP,0.8252520535881984,0.9702392379836682,0.5542502586821698,0.13989813684445226,1.8825388888402361,0.9480874316939892,0.9701185575538153,0.649476073452833,0.6396414629754755,false,false,false,false
MLH1_Gln701His,MLH1,MLH1_Gln701His_vs_MLH1,0.8633614416541071,0.12957038623453035,0.9540005667863216,0.6764580537232926,4,2060.25,1604.25,AGP,0.8252520535881984,0.9702392379836682,0.5542502586821698,0.13989813684445226,2.2095446726043746,0.959016393442623,0.9864316106135935,0.7545411818415481,0.7435146666039608,true,false,true,false
MLH1_His318Gln,MLH1,MLH1_His318Gln_vs_MLH1,0.8827850946642868,0.08760293629881744,0.9638655751238305,0.7606457990115321,4,2184.75,1604.25,AGP,0.8252520535881984,0.9702392379836682,0.5542502586821698,0.13989813684445226,2.3483860714128246,0.9672131147540984,0.9905725167963016,0.799150137826168,0.7811839288316725,true,false,true,false
MLH1_Cys680Arg,MLH1,MLH1_Cys680Arg_vs_MLH1,0.8294242295166606,0.17604628487735105,0.9534969214364336,0.5773882279701485,4,2180.25,1604.25,AGP,0.8252520535881984,0.9702392379836682,0.5542502586821698,0.13989813684445226,1.9669595109793843,0.9508196721311477,0.9754060606021486,0.6765999417624218,0.6682851560029559,true,false,true,false
MLH1_Ile36Asn,MLH1,MLH1_Ile36Asn_vs_MLH1,0.8226586060748745,0.1420339373996113,0.9392692750287687,0.6200340292219191,4,1282.5,1604.25,AGP,0.8252520535881984,0.9702392379836682,0.5542502586821698,0.13989813684445226,1.9185984420302775,0.9480874316939892,0.9724824135362562,0.6610618038969556,0.6520126109758075,false,false,false,false
MLH1_Lys618Arg,MLH1,MLH1_Lys618Arg_vs_MLH1,0.877521794909752,0.06933650786992893,0.9270529049010061,0.7757606089271181,4,2169.75,1604.25,AGP,0.8252520535881984,0.9702392379836682,0.5542502586821698,0.13989813684445226,2.310763699355169,0.9672131147540984,0.9895770446945722,0.7870622825210484,0.771384526432094,true,false,true,false
MVK_Ser329Asn,MVK,MVK_Ser329Asn_vs_MVK,0.9579489668961616,0.03218844858281445,0.990119182013738,0.917190768719907,4,1863.0,2943.0,AGP,0.8252520535881984,0.9702392379836682,0.5542502586821698,0.13989813684445226,2.8856617916423715,0.9836065573770493,0.998047041781884,0.9717737872636886,0.8887951403061328,true,false,true,false
MLH1_Ser295Thr,MLH1,MLH1_Ser295Thr_vs_MLH1,0.9890740404295465,0.006733829194510001,0.9965138010350776,0.9801574226615413,4,602.25,1604.25,AGP,0.8252520535881984,0.9702392379836682,0.5542502586821698,0.13989813684445226,3.108145623346233,1.0000000000000002,0.9990586736119683,1.0,0.9177542876154082,true,true,true,true
MLH1_Gly147Arg,MLH1,MLH1_Gly147Arg_vs_MLH1,0.7683601990730836,0.22005135896768568,0.9316057256925848,0.4447887592413577,4,1506.75,1604.25,AGP,0.8252520535881984,0.9702392379836682,0.5542502586821698,0.13989813684445226,1.5304702780207502,0.9207650273224044,0.9370498175193586,0.5363584205164746,0.5114243655495254,false,false,false,false
MLH1_Ser44Phe,MLH1,MLH1_Ser44Phe_vs_MLH1,0.8938864109357332,0.0827683441759495,0.9601767770093096,0.7749015260913485,4,3243.0,1604.25,AGP,0.8252520535881984,0.9702392379836682,0.5542502586821698,0.13989813684445226,2.4277389242945575,0.9672131147540984,0.9924033620904181,0.8246457605426961,0.8008488887489821,true,false,true,false
MLH1_Ile36Met,MLH1,MLH1_Ile36Met_vs_MLH1,0.6999981116351169,0.2787457582412265,0.897866903476023,0.2896307266290441,4,1873.5,1604.25,AGP,0.8252520535881984,0.9702392379836682,0.5542502586821698,0.13989813684445226,1.041814110183604,0.8715846994535519,0.8512510645160168,0.37935595821246015,0.33463868314691264,false,false,false,false
MLH1_Val185Gly,MLH1,MLH1_Val185Gly_vs_MLH1,0.8733914327756005,0.11121152445866302,0.9665221101937124,0.7245229602853441,4,3156.75,1604.25,AGP,0.8252520535881984,0.9702392379836682,0.5542502586821698,0.13989813684445226,2.2812396311487144,0.96448087431694,0.9887328645985047,0.777576366429655,0.7634809549894837,true,false,true,false
GSS_Arg125Cys,GSS,GSS_Arg125Cys_vs_GSS,0.7353299490148357,0.23613677946775372,0.9473297614932596,0.5140604534369595,4,1624.5,1269.75,AGP,0.8252520535881984,0.9702392379836682,0.5542502586821698,0.13989813684445226,1.2943681339659436,0.8961748633879781,0.9022308539080617,0.4605001373069694,0.42349365865711003,false,false,false,false
MLH1_Ser508Arg,MLH1,MLH1_Ser508Arg_vs_MLH1,0.8728072888286437,0.11097196914006593,0.9622536563659997,0.7119625205930807,4,2628.75,1604.25,AGP,0.8252520535881984,0.9702392379836682,0.5542502586821698,0.13989813684445226,2.2770641363198854,0.96448087431694,0.9886088020314375,0.7762348035627307,0.7623480867629584,true,false,true,false
MLH1_Pro640Ser,MLH1,MLH1_Pro640Ser_vs_MLH1,0.8925980910754557,0.10692588242314091,0.955971066700975,0.7337065049173781,4,2232.75,1604.25,AGP,0.8252520535881984,0.9702392379836682,0.5542502586821698,0.13989813684445226,2.4185299391762647,0.9672131147540984,0.9922083184416671,0.8216869657211912,0.7986366194342924,true,false,true,false
MLH1_Cys39Tyr,MLH1,MLH1_Cys39Tyr_vs_MLH1,0.7859421379101157,0.1860294908681433,0.943011169494932,0.529316290956307,4,2249.25,1604.25,AGP,0.8252520535881984,0.9702392379836682,0.5542502586821698,0.13989813684445226,1.6561469970508313,0.9262295081967215,0.9511539730633731,0.5767376393634339,0.558288893516118,false,false,false,false
MVK_Asn301Thr,MVK,MVK_Asn301Thr_vs_MVK,0.9379044631075091,0.024733550107055826,0.967072354211663,0.9091201787239636,4,2688.75,2943.0,AGP,0.8252520535881984,0.9702392379836682,0.5542502586821698,0.13989813684445226,2.742382515443438,0.9726775956284154,0.9969502367431027,0.9257389663794333,0.8657129568625186,true,false,true,false
MLH1_Ala681Thr,MLH1,MLH1_Ala681Thr_vs_MLH1,0.6555097115772283,0.07003325884965457,0.7252282631251298,0.5637186477644494,4,1952.25,1604.25,AGP,0.8252520535881984,0.9702392379836682,0.5542502586821698,0.13989813684445226,0.7238084450520254,0.8087431693989072,0.7654083280153052,0.2771825370249819,0.23788912756524525,false,false,false,false
MLH1_Lys670Arg,MLH1,MLH1_Lys670Arg_vs_MLH1,0.9096819769144224,0.1129999452277154,0.9922692244013305,0.7433960120434017,4,2259.75,1604.25,AGP,0.8252520535881984,0.9702392379836682,0.5542502586821698,0.13989813684445226,2.540646546475772,0.9699453551912569,0.9944676143438809,0.8609223408093547,0.8264924717528669,true,false,true,false
MLH1_Lys751Arg,MLH1,MLH1_Lys751Arg_vs_MLH1,0.8075061680312882,0.15556125663963788,0.933278911016152,0.5852901104553765,4,1356.0,1604.25,AGP,0.8252520535881984,0.9702392379836682,0.5542502586821698,0.13989813684445226,1.81028793564781,0.9398907103825138,0.964874426522095,0.6262622509296648,0.6143019809012331,false,false,false,false
MVK_Pro288Leu,MVK,MVK_Pro288Leu_vs_MVK,0.5586957166026996,0.07257001120123996,0.6138551834130782,0.45188836104513064,4,2948.25,2943.0,AGP,0.8252520535881984,0.9702392379836682,0.5542502586821698,0.13989813684445226,0.03177639117147425,0.598360655737705,0.5126748128787657,0.05483655307178046,0.09954096419028038,false,false,false,false
MLH1_Pro640Ser,MLH1,MLH1_Pro640Ser_vs_MLH1,0.9255581082224583,0.11436186989385985,0.9934222423146473,0.7544971960128468,4,2232.75,1604.25,Mito,0.8920094955032836,0.9855590861779389,0.5499326191801268,0.16065337528840803,2.338111405179016,0.9617486338797815,0.990309265137802,0.8686518170517703,0.7785380557032346,true,false,true,false
MLH1_Ser44Phe,MLH1,MLH1_Ser44Phe_vs_MLH1,0.879146223036598,0.12326354537399921,0.9833370935948892,0.7314780916739546,4,3243.0,1604.25,Mito,0.8920094955032836,0.9855590861779389,0.5499326191801268,0.16065337528840803,2.0492168512828353,0.9426229508196723,0.9797795425016821,0.7670515266217075,0.6950477363622072,false,false,false,false
MLH1_Ala681Thr,MLH1,MLH1_Ala681Thr_vs_MLH1,0.585626424946484,0.11255357530908644,0.6770499730475315,0.42145401672119226,4,1952.25,1604.25,Mito,0.8920094955032836,0.9855590861779389,0.5499326191801268,0.16065337528840803,0.2221789968762185,0.6612021857923497,0.5879127282046117,0.12450713064413751,0.12822648953506488,false,false,false,false
GSS_Arg125Cys,GSS,GSS_Arg125Cys_vs_GSS,0.776741415298224,0.18488348818333514,0.9458088489457311,0.614810151314504,4,1624.5,1269.75,Mito,0.8920094955032836,0.9855590861779389,0.5499326191801268,0.16065337528840803,1.4117897972011215,0.912568306010929,0.9209940682437947,0.5428770901387163,0.4669693497962014,false,false,false,false
MVK_Asn301Thr,MVK,MVK_Asn301Thr_vs_MVK,0.8696628805977032,0.03894468338141073,0.8969784247261078,0.8120441553321507,4,2688.75,2943.0,Mito,0.8920094955032836,0.9855590861779389,0.5499326191801268,0.16065337528840803,1.9901870150165877,0.9344262295081969,0.976714830915075,0.7462915350337558,0.6759629755797426,false,false,false,false
MVK_Thr243IIe,MVK,MVK_Thr243IIe_vs_MVK,0.5551179830593564,0.14972315843280087,0.6762043260871767,0.3383093896713615,4,3021.0,2943.0,Mito,0.8920094955032836,0.9855590861779389,0.5499326191801268,0.16065337528840803,0.03227671917829779,0.5765027322404372,0.5128743125330154,0.057721079099625344,0.0996082529307841,false,false,false,false
MLH1_Cys680Arg,MLH1,MLH1_Cys680Arg_vs_MLH1,0.8992840597306059,0.11581030173042738,0.9917467838470005,0.7425985114777164,4,2180.25,1604.25,Mito,0.8920094955032836,0.9855590861779389,0.5499326191801268,0.16065337528840803,2.1745664535420848,0.9508196721311477,0.9851686897515483,0.8111352790603545,0.7333819785979719,true,false,true,false
MVK_Pro288Leu,MVK,MVK_Pro288Leu_vs_MVK,0.5582103134735636,0.0539478467495241,0.6123250908483355,0.5048020177171468,4,2948.25,2943.0,Mito,0.8920094955032836,0.9855590861779389,0.5499326191801268,0.16065337528840803,0.051525181332645865,0.587431693989071,0.5205464816519683,0.06449050177941955,0.10222784376415632,false,false,false,false
MLH1_Asp485Glu,MLH1,MLH1_Asp485Glu_vs_MLH1,0.8249894251956968,0.128013473772536,0.9369654343677106,0.6411946457972502,4,939.0,1604.25,Mito,0.8920094955032836,0.9855590861779389,0.5499326191801268,0.16065337528840803,1.7121134586919369,0.918032786885246,0.9565621192103371,0.6484968424634766,0.5788782483393738,false,false,false,false
MLH1_Lys751Arg,MLH1,MLH1_Lys751Arg_vs_MLH1,0.8307800327636377,0.19352862543250438,0.9786375608051816,0.5520787715749449,4,1356.0,1604.25,Mito,0.8920094955032836,0.9855590861779389,0.5499326191801268,0.16065337528840803,1.7481575664334978,0.9207650273224044,0.9597816264580044,0.6611730655540341,0.5919992486224473,false,false,false,false
MLH1_Ser508Arg,MLH1,MLH1_Ser508Arg_vs_MLH1,0.8538886901175744,0.1856004962500584,0.9966085668450451,0.5831548599670511,4,2628.75,1604.25,Mito,0.8920094955032836,0.9855590861779389,0.5499326191801268,0.16065337528840803,1.8919992834995205,0.9262295081967215,0.970754461865095,0.7117602435841147,0.642905874622242,false,false,false,false
MLH1_His318Gln,MLH1,MLH1_His318Gln_vs_MLH1,0.9102391338497646,0.08336090842407781,0.9834434048798386,0.8036191103789126,4,2184.75,1604.25,Mito,0.8920094955032836,0.9855590861779389,0.5499326191801268,0.16065337528840803,2.24275720334421,0.959016393442623,0.9875437621915937,0.8351170395023649,0.7528993490687004,true,false,true,false
MLH1_Leu653Pro,MLH1,MLH1_Leu653Pro_vs_MLH1,0.8371845416827053,0.1737296121062236,0.9820316853753682,0.587117241003717,4,2085.75,1604.25,Mito,0.8920094955032836,0.9855590861779389,0.5499326191801268,0.16065337528840803,1.7880229530621332,0.9207650273224044,0.9631138476308989,0.6751931805231506,0.6063593666500842,false,false,false,false
MLH1_Gln701His,MLH1,MLH1_Gln701His_vs_MLH1,0.8897864757460319,0.12420055428937185,0.9898403551860948,0.7261379996141117,4,2060.25,1604.25,Mito,0.8920094955032836,0.9855590861779389,0.5499326191801268,0.16065337528840803,2.1154479696165294,0.9453551912568307,0.9828041074871379,0.7903441112947622,0.7156879721891317,false,false,false,false
MLH1_Ile36Asn,MLH1,MLH1_Ile36Asn_vs_MLH1,0.8134686195717858,0.189558838564093,0.9809160775932928,0.5501931023307316,4,1282.5,1604.25,Mito,0.8920094955032836,0.9855590861779389,0.5499326191801268,0.16065337528840803,1.6404012671290231,0.9153005464480876,0.9495391189717917,0.623276638787409,0.5524567331866653,false,false,false,false
MLH1_Gly147Arg,MLH1,MLH1_Gly147Arg_vs_MLH1,0.8041458195284921,0.27368705025138595,0.9871167528645312,0.4020776886734652,4,1506.75,1604.25,Mito,0.8920094955032836,0.9855590861779389,0.5499326191801268,0.16065337528840803,1.5823707400606855,0.9153005464480876,0.9432175198446372,0.6028680906703285,0.5308497911400162,false,false,false,false
MLH1_Cys39Tyr,MLH1,MLH1_Cys39Tyr_vs_MLH1,0.8036775201827252,0.22016038616425024,0.965605903535574,0.488426594814484,4,2249.25,1604.25,Mito,0.8920094955032836,0.9855590861779389,0.5499326191801268,0.16065337528840803,1.579455772697403,0.9153005464480876,0.9428842233266747,0.6018429362438796,0.5297606945102458,false,false,false,false
MLH1_Lys618Arg,MLH1,MLH1_Lys618Arg_vs_MLH1,0.8538560636191597,0.11934702465223754,0.9444639773866548,0.6819961722067008,4,2169.75,1604.25,Mito,0.8920094955032836,0.9855590861779389,0.5499326191801268,0.16065337528840803,1.8917961972067106,0.9262295081967215,0.9707409299102,0.7116888208935392,0.6428359353878109,false,false,false,false
MVK_Ser329Asn,MVK,MVK_Ser329Asn_vs_MVK,0.9417249213691083,0.013710705322019207,0.9541703703703703,0.9242906550579004,4,1863.0,2943.0,Mito,0.8920094955032836,0.9855590861779389,0.5499326191801268,0.16065337528840803,2.438743048414815,0.9672131147540984,0.9926307780692024,0.9040425990562172,0.8034683919132283,true,false,true,false
MLH1_Ile36Met,MLH1,MLH1_Ile36Met_vs_MLH1,0.7411747093973315,0.31595100570051615,0.959984051614774,0.2837047390374706,4,1873.5,1604.25,Mito,0.8920094955032836,0.9855590861779389,0.5499326191801268,0.16065337528840803,1.1904019437741862,0.8879781420765027,0.883055775277773,0.46501798929201754,0.38594323301167494,false,false,false,false
MLH1_Lys670Arg,MLH1,MLH1_Lys670Arg_vs_MLH1,0.9203380393522627,0.10036228632136598,0.9987563780309758,0.7817008464466284,4,2259.75,1604.25,Mito,0.8920094955032836,0.9855590861779389,0.5499326191801268,0.16065337528840803,2.3056186619619843,0.9617486338797815,0.9894340252076645,0.8572245606248242,0.7700206823287773,true,false,true,false
MLH1_Val185Gly,MLH1,MLH1_Val185Gly_vs_MLH1,0.8442623427021774,0.205758842873731,0.9914577549291799,0.5457350330289024,4,3156.75,1604.25,Mito,0.8920094955032836,0.9855590861779389,0.5499326191801268,0.16065337528840803,1.8320793011268153,0.923497267759563,0.9665301966420634,0.6906871997017475,0.6220171761453358,false,false,false,false
MLH1_Ser295Thr,MLH1,MLH1_Ser295Thr_vs_MLH1,0.9707155961640033,0.03755111106259497,0.9977989096377993,0.9166831411312465,4,602.25,1604.25,Mito,0.8920094955032836,0.9855590861779389,0.5499326191801268,0.16065337528840803,2.6191978614111204,0.9726775956284154,0.9955931595069046,0.9675061055940247,0.8427451408159858,true,false,true,false
MLH1_Pro640Ser,MLH1,MLH1_Pro640Ser_vs_MLH1,0.931601965611112,0.05057906720933325,0.9724031239863263,0.8610567514677104,4,803.25,764.25,GFP_ADJ,0.5,0.5,0.5,0.1,4.316019656111119,1.0,0.9999920566080491,0.5,0.9855716880693323,true,true,true,true
MVK_Thr243IIe,MVK,MVK_Thr243IIe_vs_MVK,0.518120706662844,0.057616847619019765,0.5590077338391946,0.43420239630346014,4,1170.75,1233.0,GFP_ADJ,0.5,0.5,0.5,0.1,0.18120706662844044,1.0,0.5718974759704748,0.5,0.12151198126525678,true,true,true,true
MLH1_Ile36Met,MLH1,MLH1_Ile36Met_vs_MLH1,0.7493544857107579,0.24680739540503271,0.9366458118204458,0.3858541026516445,4,756.0,771.0,GFP_ADJ,0.5,0.5,0.5,0.1,2.493544857107579,1.0,0.9936762698735838,0.5,0.816125890645442,true,true,true,true
MLH1_Lys751Arg,MLH1,MLH1_Lys751Arg_vs_MLH1,0.8182037516041414,0.1505323967079767,0.9280654670245061,0.60035682426405,4,642.75,663.75,GFP_ADJ,0.5,0.5,0.5,0.1,3.182037516041414,1.0,0.9992687856312724,0.5,0.9257424270305205,true,true,true,true
MLH1_Asp485Glu,MLH1,MLH1_Asp485Glu_vs_MLH1,0.8510975090583504,0.11870339809487758,0.9367178395906166,0.6782432432432431,4,427.5,627.75,GFP_ADJ,0.5,0.5,0.5,0.1,3.5109750905835035,1.0,0.9997767668841373,0.5,0.9533123369681031,true,true,true,true
MLH1_Leu653Pro,MLH1,MLH1_Leu653Pro_vs_MLH1,0.9654752484870048,0.012335374992512464,0.9779517185259813,0.9544950933839823,4,514.5,387.75,GFP_ADJ,0.5,0.5,0.5,0.1,4.654752484870048,1.0,0.9999983781493432,0.5,0.9912691964407491,true,true,true,true
GSS_Arg125Cys,GSS,GSS_Arg125Cys_vs_GSS,0.6958179462059517,0.17569692964839656,0.8503945449867055,0.5176347287198493,4,749.25,510.75,GFP_ADJ,0.5,0.5,0.5,0.1,1.9581794620595172,1.0,0.9748955209079447,0.5,0.6653591700852315,true,true,true,true
MLH1_Ala681Thr,MLH1,MLH1_Ala681Thr_vs_MLH1,0.9110572055207491,0.050908531202114214,0.9838178004195385,0.8674149659863946,4,480.75,515.25,GFP_ADJ,0.5,0.5,0.5,0.1,4.1105720552074905,1.0,0.9999802659954771,0.5,0.9804657443324183,true,true,true,true
MLH1_Ile36Asn,MLH1,MLH1_Ile36Asn_vs_MLH1,0.9834766306698421,0.01565177714196125,0.9970134570113489,0.96537558685446,4,311.25,285.75,GFP_ADJ,0.5,0.5,0.5,0.1,4.8347663066984214,1.0,0.9999993334892925,0.5,0.9933214236664508,true,true,true,true
MLH1_Ser508Arg,MLH1,MLH1_Ser508Arg_vs_MLH1,0.8787760941330062,0.0815101551235292,0.9380015582391897,0.7590932889833379,4,991.5,706.5,GFP_ADJ,0.5,0.5,0.5,0.1,3.7877609413300615,1.0,0.9999239944987213,0.5,0.9686789066567193,true,true,true,true
MLH1_Val185Gly,MLH1,MLH1_Val185Gly_vs_MLH1,0.9937369762145903,0.006607517181659305,0.9975116245277535,0.9838418079096046,4,916.5,538.5,GFP_ADJ,0.5,0.5,0.5,0.1,4.937369762145903,1.0,0.9999996040837418,0.5,0.9942686403496956,true,true,true,true
MLH1_Cys680Arg,MLH1,MLH1_Cys680Arg_vs_MLH1,0.8765930614823884,0.10700398794678345,0.9624564402656322,0.7219040949163714,4,699.0,581.25,GFP_ADJ,0.5,0.5,0.5,0.1,3.7659306148238834,1.0,0.9999170350641681,0.5,0.9676700123233887,true,true,true,true
MLH1_His318Gln,MLH1,MLH1_His318Gln_vs_MLH1,0.889227076968418,0.06880966022282599,0.9525686136523576,0.7920418291386033,4,722.25,670.5,GFP_ADJ,0.5,0.5,0.5,0.1,3.8922707696841794,1.0,0.9999503448410714,0.5,0.9731011933377184,true,true,true,true
MLH1_Lys618Arg,MLH1,MLH1_Lys618Arg_vs_MLH1,0.9048577264484852,0.053230783964104626,0.9628205128205128,0.8431746031746032,4,761.25,737.25,GFP_ADJ,0.5,0.5,0.5,0.1,4.048577264484852,1.0,0.9999742350384503,0.5,0.9786028027010073,true,true,true,true
MLH1_Gln701His,MLH1,MLH1_Gln701His_vs_MLH1,0.9928703218359793,0.001666085474273772,0.9949684277169658,0.9910312893364502,4,756.75,611.25,GFP_ADJ,0.5,0.5,0.5,0.1,4.928703218359793,1.0,0.9999995861139769,0.5,0.9941940827423262,true,true,true,true
MVK_Asn301Thr,MVK,MVK_Asn301Thr_vs_MVK,0.9813561112423832,0.006731912249667015,0.9903273809523809,0.9744357759821678,4,197.25,219.0,GFP_ADJ,0.5,0.5,0.5,0.1,4.813561112423832,1.0,0.9999992586788342,0.5,0.9931070661272166,true,true,true,true
MVK_Pro288Leu,MVK,MVK_Pro288Leu_vs_MVK,0.6562896968718297,0.10185574024522086,0.7405682552741377,0.5122785515320334,4,1240.5,1266.0,GFP_ADJ,0.5,0.5,0.5,0.1,1.562896968718297,1.0,0.9409615846108061,0.5,0.5235688835162735,true,true,true,true
MLH1_Gly147Arg,MLH1,MLH1_Gly147Arg_vs_MLH1,0.9856519428127063,0.00572866321648659,0.9920679357969392,0.9783161512027492,4,588.0,646.5,GFP_ADJ,0.5,0.5,0.5,0.1,4.856519428127062,1.0,0.9999994026646761,0.5,0.9935344402839967,true,true,true,true
MLH1_Ser44Phe,MLH1,MLH1_Ser44Phe_vs_MLH1,0.9974252614601833,0.004146266376376772,1.0,0.9912876068654963,4,558.0,388.5,GFP_ADJ,0.5,0.5,0.5,0.1,4.974252614601832,1.0,0.9999996725007503,0.5,0.9945754387020252,true,true,true,true
MLH1_Lys670Arg,MLH1,MLH1_Lys670Arg_vs_MLH1,0.9253131064287159,0.06726790736993132,0.9687440442157423,0.8254100219182223,4,695.25,675.75,GFP_ADJ,0.5,0.5,0.5,0.1,4.2531310642871585,1.0,0.999989459894395,0.5,0.9841669589849649,true,true,true,true
MLH1_Ser295Thr,MLH1,MLH1_Ser295Thr_vs_MLH1,0.9849274417548096,0.010827164933622077,0.9963320463320464,0.9748409273751188,4,294.75,634.5,GFP_ADJ,0.5,0.5,0.5,0.1,4.849274417548096,1.0,0.9999993804305103,0.5,0.9934642542594625,true,true,true,true
MLH1_Cys39Tyr,MLH1,MLH1_Cys39Tyr_vs_MLH1,0.9933749071001595,0.0028584418729669043,0.9957446808510637,0.9896593673965937,4,698.25,557.25,GFP_ADJ,0.5,0.5,0.5,0.1,4.9337490710015945,1.0,0.9999995966696955,0.5,0.9942376083004383,true,true,true,true
