allele_0,allele_1,Allele_set,AUROC_Mean_Channel,n_channels_hit_95,n_channels_hit_99,total_classifiers,MislocScore_ecdf_mean,MislocScore_cdf_mean,MislocScore_minmax_mean,MislocScore_sigmoid_mean,n_channels_misloc_95,n_channels_misloc_99,Batch,hit_multichannel_95,hit_multichannel_99,hit_misloc_mean_95,hit_misloc_mean_99,hit_misloc_multichannel_95,hit_misloc_multichannel_99
MLH1_Ser295Thr,MLH1,MLH1_Ser295Thr_vs_MLH1,0.9812528549533298,3,2,12,0.9908925318761387,0.9981996660391449,0.989168701864675,0.9110007040681962,3,2,2024_12_09_Batch_12,true,true,true,true,true,true
MVK_Ser329Asn,MVK,MVK_Ser329Asn_vs_MVK,0.9660295218673488,3,1,12,0.9836065573770493,0.9968822037394786,0.9586054621066352,0.88980102805399,3,1,2024_12_09_Batch_12,true,false,true,false,true,false
MLH1_Lys670Arg,MLH1,MLH1_Lys670Arg_vs_MLH1,0.9202575258558795,3,0,12,0.9708561020036431,0.9945263792946295,0.8856700064580393,0.8475836383092772,3,0,2024_12_09_Batch_12,true,false,true,false,true,false
MLH1_Ser44Phe,MLH1,MLH1_Ser44Phe_vs_MLH1,0.9231247727162883,2,1,12,0.969945355191257,0.9907164051100293,0.863899095721468,0.8241403303803082,2,1,2024_12_09_Batch_12,true,false,true,false,true,false
MVK_Asn301Thr,MVK,MVK_Asn301Thr_vs_MVK,0.933831146521824,2,1,12,0.9690346083788709,0.9912094175090284,0.8906768338043963,0.8391543485877282,2,1,2024_12_09_Batch_12,true,false,true,false,true,false
MLH1_Pro640Ser,MLH1,MLH1_Pro640Ser_vs_MLH1,0.9147224866745924,3,0,12,0.9690346083788707,0.9940474736756579,0.8728050176842626,0.8400534165478509,3,0,2024_12_09_Batch_12,true,false,true,false,true,false
MLH1_Gln701His,MLH1,MLH1_Gln701His_vs_MLH1,0.9155978866508456,2,1,12,0.9681238615664847,0.9897328409709564,0.8482950977121035,0.8116342458833543,2,1,2024_12_09_Batch_12,true,false,true,false,true,false
MLH1_His318Gln,MLH1,MLH1_His318Gln_vs_MLH1,0.8942213599736796,3,0,12,0.9653916211293261,0.9923272153359758,0.8265318361508944,0.815105434699599,3,0,2024_12_09_Batch_12,true,false,true,false,true,false
MLH1_Val185Gly,MLH1,MLH1_Val185Gly_vs_MLH1,0.9032634851145319,2,1,12,0.9626593806921676,0.9850745852516134,0.8227545220438008,0.7869081975911066,2,1,2024_12_09_Batch_12,true,false,true,false,true,false
MLH1_Cys680Arg,MLH1,MLH1_Cys680Arg_vs_MLH1,0.8730190493105772,3,0,12,0.9571948998178508,0.9864877768353288,0.7782255338838423,0.7712164522059642,3,0,2024_12_09_Batch_12,true,false,true,false,true,false
MLH1_Leu653Pro,MLH1,MLH1_Leu653Pro_vs_MLH1,0.8781588911996044,1,1,12,0.9562841530054648,0.9777236024367539,0.7748897513253278,0.7389860598441297,1,1,2024_12_09_Batch_12,false,false,true,false,false,false
MLH1_Ile36Asn,MLH1,MLH1_Ile36Asn_vs_MLH1,0.8740996350689912,1,1,12,0.9544626593806923,0.9739909084802534,0.7614461475614549,0.7259113418169293,1,1,2024_12_09_Batch_12,false,false,true,false,false,false
MLH1_Lys618Arg,MLH1,MLH1_Lys618Arg_vs_MLH1,0.8771094259202038,2,0,12,0.9544626593806922,0.9864936267088606,0.7891789406493889,0.7785997393456463,2,0,2024_12_09_Batch_12,true,false,true,false,true,false
MLH1_Ser508Arg,MLH1,MLH1_Ser508Arg_vs_MLH1,0.8739739497231916,2,0,12,0.9535519125683062,0.9861333627120343,0.78201067640284,0.774078826632639,2,0,2024_12_09_Batch_12,true,false,true,false,true,false
MLH1_Asp485Glu,MLH1,MLH1_Asp485Glu_vs_MLH1,0.8676194310812712,2,0,12,0.9517304189435337,0.9827205038551048,0.7685708057640804,0.7625008170905594,2,0,2024_12_09_Batch_12,true,false,true,false,true,false
MLH1_Cys39Tyr,MLH1,MLH1_Cys39Tyr_vs_MLH1,0.8605731476648945,1,1,12,0.9471766848816031,0.9646662793063387,0.7261935252024379,0.687754785924822,1,1,2024_12_09_Batch_12,false,false,false,false,false,false
MLH1_Gly147Arg,MLH1,MLH1_Gly147Arg_vs_MLH1,0.8522865370599332,1,1,12,0.9453551912568307,0.9600717425490539,0.7130755037289344,0.6716371372558534,1,1,2024_12_09_Batch_12,false,false,false,false,false,false
MLH1_Lys751Arg,MLH1,MLH1_Lys751Arg_vs_MLH1,0.8262287889140233,1,0,12,0.9408014571948998,0.973428629419776,0.6735797749520162,0.6832039936438571,1,0,2024_12_09_Batch_12,false,false,false,false,false,false
GSS_Arg125Cys,GSS,GSS_Arg125Cys_vs_GSS,0.7463492709259895,0,0,12,0.9134790528233152,0.9239071127129005,0.49287765874763717,0.4797416532795394,0,0,2024_12_09_Batch_12,false,false,false,false,false,false
MLH1_Ile36Met,MLH1,MLH1_Ile36Met_vs_MLH1,0.7284600469619494,0,0,12,0.9016393442622951,0.8989525586986021,0.4529437806262305,0.4414850235197323,0,0,2024_12_09_Batch_12,false,false,false,false,false,false
MLH1_Ala681Thr,MLH1,MLH1_Ala681Thr_vs_MLH1,0.7200852960961569,1,0,12,0.8142076502732242,0.7842849971273577,0.43802906328800734,0.43468111850836016,1,0,2024_12_09_Batch_12,false,false,false,false,false,false
MVK_Pro288Leu,MVK,MVK_Pro288Leu_vs_MVK,0.5914316717257188,0,0,12,0.6930783242258652,0.6266167312518108,0.14542187245576937,0.17661659679794225,0,0,2024_12_09_Batch_12,false,false,false,false,false,false
MVK_Thr243IIe,MVK,MVK_Thr243IIe_vs_MVK,0.5417720314071212,0,0,12,0.5628415300546449,0.478092608277534,0.03242186887006366,0.08877453840241915,0,0,2024_12_09_Batch_12,false,false,false,false,false,false
