allele_0,Altered_Mito_95_BioRep1,Altered_Mito_95_BioRep2,Altered_Mito_95_both_batches,Altered_Mito_99_BioRep1,Altered_Mito_99_BioRep2,Altered_Mito_99_both_batches,AUROC_BioRep1,AUROC_BioRep2,AUROC_Mean
F9_Val195Gly,0,0,false,0,0,false,0.7127543427387755,0.6543695012425887,0.6835619219906821
CCM2_Leu392Val,0,0,false,0,0,false,0.8769851635383427,0.754861749042232,0.8159234562902873
BRCA1_Val275Ile,0,1,false,0,1,false,0.7696175292734977,0.9941890053771387,0.8819032673253182
SDHD_Tyr114Cys,0,0,false,0,0,false,0.766064274469821,0.7268279703234286,0.7464461223966248
BAP1_Asn290Ser,0,0,false,0,0,false,0.5739135182762582,0.7485830735745836,0.6612482959254209
CCM2_Arg412Trp,0,0,false,0,0,false,0.7839969327077984,0.6709995720124148,0.7274982523601066
RET_Arg67His,0,0,false,0,0,false,0.9058675507079168,0.5734075045694709,0.7396375276386938
CCM2_Gly103Arg,0,0,false,0,0,false,0.8574577413990827,0.6803154899332424,0.7688866156661626
CCM2_Asp129His,0,0,false,0,0,false,0.7718517910483813,0.7215913288921504,0.7467215599702659
CCM2_Arg346His,0,0,false,0,0,false,0.7786557468799383,0.6331235774721894,0.7058896621760639
RAD51D_Cys9Ser,0,1,false,0,0,false,0.7407874185867194,0.9161340060786234,0.8284607123326714
CCM2_Leu195Pro,0,0,false,0,0,false,0.7638441070555316,0.710737318616157,0.7372907128358444
CCM2_Gly188Trp,0,0,false,0,0,false,0.7560388978819078,0.6739218818792917,0.7149803898805998
BRCA1_Ser408Ile,1,0,false,0,0,false,0.9495932830311645,0.8606523263883594,0.9051228047097619
CCM2_Gly188Glu,0,0,false,0,0,false,0.7573713577302611,0.7342096040361052,0.7457904808831832
SDHD_Phe34Cys,1,0,false,0,0,false,0.9176564783424346,0.8380081009457493,0.877832289644092
CCM2_Thr86Ile,0,0,false,0,0,false,0.8478335181782715,0.7602065811683394,0.8040200496733054
F9_Cys396Ser,0,0,false,0,0,false,0.6632147060719845,0.5931495292284644,0.6281821176502245
KRAS_Gly12Asp,0,1,false,0,0,false,0.7303711033826783,0.9455785169512817,0.8379748101669799
CCM2_Asp61Asn,0,0,false,0,0,false,0.7652558807577319,0.6469921095047092,0.7061239951312206
CCM2_His247Asp,0,0,false,0,0,false,0.7757206952274754,0.8177179755436154,0.7967193353855454
KRAS_Gly60Ser,1,0,false,0,0,false,0.9524121444142107,0.5597067591957455,0.7560594518049781
CCM2_Glu366Lys,0,0,false,0,0,false,0.8534295881945048,0.8148024134611762,0.8341160008278405
BRCA1_His239Arg,1,1,true,0,1,false,0.9545151561858239,0.9671397513203235,0.9608274537530737
RAD51D_Ala231Ser,0,0,false,0,0,false,0.444072516569548,0.9141244865717906,0.6790985015706693
RAF1_Pro225Ser,0,0,false,0,0,false,0.6464122090471138,0.6934920938949835,0.6699521514710487
BRCA1_Lys502Glu,1,0,false,0,0,false,0.940258650291679,0.8989993052409,0.9196289777662895
BRCA1_Gly602Ala,1,1,true,0,1,false,0.9255999539559224,0.9851593513414468,0.9553796526486846
CCM2_Val45Gly,0,0,false,0,0,false,0.7662653035215761,0.6909118085022198,0.7285885560118979
BRCA1_Arg71Gly,0,1,false,0,1,false,0.9110778943168715,0.9811623772916039,0.9461201358042377
RAF1_Ser427Gly,0,0,false,0,0,false,0.8334722240536412,0.8318083154109128,0.832640269732277
CCM2_His332Arg,0,0,false,0,0,false,0.8884471951087353,0.6986717509128306,0.7935594730107829
CCM2_Glu66Lys,0,0,false,0,0,false,0.7379862952178361,0.6749813969355358,0.706483846076686
CCM2_Ser164Phe,0,0,false,0,0,false,0.8953631107276557,0.7084339929351673,0.8018985518314115
BRAF_Val471Phe,1,1,true,0,1,false,0.9535676095811081,0.9852792813155472,0.9694234454483277
CCM2_Lys65Glu,0,0,false,0,0,false,0.7651704620171528,0.7044859583283484,0.7348282101727506
LMNA_Leu162Pro,0,0,false,0,0,false,0.8519074543884236,0.892113074937652,0.8720102646630379
BRCA1_Met1Ile,1,1,true,1,0,false,0.9576413539858908,0.949366709981665,0.9535040319837779
FH_Ser334Arg,0,0,false,0,0,false,0.8616169452377529,0.8588300767707299,0.8602235110042413
F9_Cys407Arg,0,0,false,0,0,false,0.751988522404935,0.7620287036590997,0.7570086130320173
CCM2_Ala149Thr,0,0,false,0,0,false,0.8276381115785333,0.5602081291937312,0.6939231203861322
BRCA1_Glu455Lys,0,0,false,0,0,false,0.7105160669494832,0.6574103324186762,0.6839631996840797
CCM2_Met424Ile,0,0,false,0,0,false,0.6801456767497357,0.7319958410260957,0.7060707588879157
BAP1_Cys91Gly,0,0,false,0,0,false,0.5846612768311676,0.8867450358625788,0.7357031563468732
FARS2_His84Pro,0,0,false,0,0,false,0.664350035366802,0.7084105689583153,0.6863803021625587
FARS2_Ala166Thr,0,0,false,0,0,false,0.664507564099114,0.7294485963528932,0.6969780802260036
LMNA_Arg349Leu,0,0,false,0,0,false,0.6567924162038751,0.7191738288277368,0.687983122515806
CCM2_Ser245Cys,0,0,false,0,0,false,0.7256265151920372,0.7668758321558373,0.7462511736739372
CCM2_Glu333Val,0,0,false,0,0,false,0.8030159789950894,0.6685608342003914,0.7357884065977404
CCM2_Asp440Asn,0,0,false,0,0,false,0.7424360638250082,0.8563131845293818,0.799374624177195
CCM2_Val216Ala,0,0,false,0,0,false,0.8109959946088693,0.5753581886899588,0.693177091649414
CCM2_Ser166Ile,0,0,false,0,0,false,0.764495953242689,0.6506524728646306,0.7075742130536598
CCM2_Gly162Glu,0,0,false,0,0,false,0.7259942685797505,0.6689754802590798,0.6974848744194151
CCM2_Glu201Asp,0,0,false,0,0,false,0.7543563404791108,0.644557957133588,0.6994571488063495
CCM2_Pro55Ala,0,0,false,0,0,false,0.8189369436988162,0.6955279979244818,0.757232470811649
G6PD_Arg365His,0,0,false,0,0,false,0.6445099989341727,0.501591682926577,0.5730508409303748
CCM2_His137Gln,0,0,false,0,0,false,0.7370959521129204,0.667355547523184,0.7022257498180522
CCM2_His137Arg,0,0,false,0,0,false,0.7225285969421589,0.6337279242141919,0.6781282605781753
RET_Thr278Asn,0,0,false,0,0,false,0.860605009549619,0.5507355422841562,0.7056702759168876
BRCA1_Phe591Leu,0,1,false,0,0,false,0.8876304460091796,0.9515960313790284,0.919613238694104
SDHD_Gly138Val,0,0,false,0,0,false,0.7607551494445052,0.8320848405259678,0.7964199949852364
CCM2_Thr395Ile,0,0,false,0,0,false,0.831130867325649,0.6732922568205332,0.7522115620730911
ZC4H2_Arg213Trp,0,0,false,0,0,false,0.6818730563924682,0.6626988352827958,0.672285945837632
KRAS_Gly13Asp,0,1,false,0,0,false,0.6985266004423696,0.9258313233328745,0.8121789618876221
CCM2_Phe91Ile,0,0,false,0,0,false,0.8012049902347821,0.7385029306432167,0.7698539604389993
CCM2_Asp410Val,0,0,false,0,0,false,0.774002309579093,0.6063921008952997,0.6901972052371963
GSS_Arg125Cys,0,0,false,0,0,false,0.7128712948529947,0.6115429086706298,0.6622071017618123
FARS2_His135Asp,0,0,false,0,0,false,0.8106244370229148,0.6564337229681794,0.7335290799955471
ZC4H2_Val63Leu,0,0,false,0,0,false,0.5241909523724796,0.6973621426000128,0.6107765474862462
RAF1_Thr491Ile,0,0,false,0,0,false,0.7041788229990564,0.7229285615160799,0.7135536922575682
CCM2_Thr267Asn,0,0,false,0,0,false,0.7853812408928377,0.6114462084496776,0.6984137246712576
RAF1_Cys95Trp,0,0,false,0,0,false,0.7051399038001744,0.9013981797983426,0.8032690417992585
CCM2_His109Arg,0,0,false,0,0,false,0.8240662975431694,0.788993959803525,0.8065301286733473
CCM2_Ala205Ser,1,0,false,0,0,false,0.9127598326515329,0.6999993432873824,0.8063795879694577
F9_Trp453Arg,0,0,false,0,0,false,0.7858987589328557,0.8634523389279334,0.8246755489303945
F9_Arg294Gln,0,0,false,0,0,false,0.867391864155973,0.7862590384626043,0.8268254513092886
CCM2_Ile136Val,0,0,false,0,0,false,0.8167499615504875,0.7298965998201612,0.7733232806853243
F9_Ala233Thr,0,0,false,0,0,false,0.6969822800697172,0.8916308963070941,0.7943065881884057
CCM2_Gly418Glu,0,0,false,0,0,false,0.8375995988088487,0.75721417422968,0.7974068865192643
F9_Arg379Gln,0,0,false,0,0,false,0.6735082228961375,0.8926979459563975,0.7831030844262675
CCM2_Gly176Val,0,0,false,0,0,false,0.7623896826792982,0.7465598627796002,0.7544747727294492
CCM2_Gly407Asp,0,0,false,0,0,false,0.8114949175106121,0.7575767348814665,0.7845358261960393
KRAS_Phe156Ile,0,0,false,0,0,false,0.4601450692924074,0.4869191011862391,0.4735320852393232
CCM2_Ile425Thr,0,0,false,0,0,false,0.7964829715538319,0.7850505783461027,0.7907667749499673
RAD51D_Val56Gly,0,0,false,0,0,false,0.6870329216187623,0.4841946272587174,0.5856137744387399
FARS2_Gly309Ser,0,0,false,0,0,false,0.8985594180097518,0.6479067460919514,0.7732330820508516
SHOC2_Glu13Ala,1,0,false,1,0,false,0.9659134585605722,0.5945328424913442,0.7802231505259583
FH_Gln376Pro,0,0,false,0,0,false,0.7953203113439447,0.9038364818317121,0.8495783965878283
CCM2_Asp431Asn,0,0,false,0,0,false,0.697208913649296,0.7448595904655756,0.7210342520574358
CCM2_Ser84Asn,0,0,false,0,0,false,0.7399537005223406,0.8253199466985216,0.7826368236104311
CCM2_Ser408Arg,0,0,false,0,0,false,0.8897026721856043,0.7413017318004523,0.8155022019930283
CCM2_Arg40His,0,0,false,0,0,false,0.8346819088161612,0.7199981520716409,0.7773400304439011
BRCA1_Thr581Ala,1,1,true,0,0,false,0.9238706868817057,0.9497480556449349,0.9368093712633203
FARS2_Asp142Tyr,0,0,false,0,0,false,0.630521067359787,0.7085263693107049,0.6695237183352459
BRAF_Leu245Phe,0,0,false,0,0,false,0.7962107817903226,0.7630481271842913,0.7796294544873069
CCM2_Glu264Asp,0,0,false,0,0,false,0.8313440663863999,0.7654716432665768,0.7984078548264884
CCM2_Glu366Gln,0,0,false,0,0,false,0.8704513666793852,0.8245111962828356,0.8474812814811103
BRCA1_Ser611Arg,1,1,true,0,1,false,0.9491941986448182,0.9789917802113409,0.9640929894280796
F9_Glu79Asp,0,0,false,0,0,false,0.7404301356415556,0.6656865112724002,0.7030583234569778
SHOC2_Thr205Ala,0,0,false,0,0,false,0.7610168734081278,0.7865286080983296,0.7737727407532287
FH_Asn340Lys,0,,false,0,,false,0.8798372216958821,,0.8798372216958821
RAF1_Gly361Ala,0,0,false,0,0,false,0.5264840915927872,0.7745896887891139,0.6505368901909505
KRAS_Thr58Ile,0,1,false,0,0,false,0.7551150318930749,0.9186181752526872,0.8368666035728811
RET_Pro64Leu,1,0,false,1,0,false,0.9726374641071565,0.688776565962868,0.8307070150350122
CCM2_His364Tyr,0,0,false,0,0,false,0.7954101494731511,0.7596668900763497,0.7775385197747504
CCM2_Glu433Lys,0,0,false,0,0,false,0.7691228984056036,0.676628083941392,0.7228754911734978
RHO_Arg135Trp,0,0,false,0,0,false,0.8335091715007013,0.8814971829385783,0.8575031772196398
CCM2_Ser330Phe,0,0,false,0,0,false,0.8843392796952313,0.6942026590785174,0.7892709693868744
CCM2_Val190Met,1,0,false,0,0,false,0.9422500880241481,0.7193286073899193,0.8307893477070337
CCM2_Ser416Ala,0,0,false,0,0,false,0.7278600618929466,0.6867670857970256,0.707313573844986
CCM2_His364Arg,0,0,false,0,0,false,0.8687008801082586,0.7332203710081253,0.800960625558192
CCM2_Pro240Leu,1,0,false,0,0,false,0.9332997022365183,0.7186682646450069,0.8259839834407625
RAD51D_Ser46Cys,0,0,false,0,0,false,0.5696681175114815,0.6011946934071081,0.5854314054592948
SDHD_Ile31Val,0,0,false,0,0,false,0.7607069455986786,0.7589102909051422,0.7598086182519104
RET_Gly321Arg,1,0,false,0,0,false,0.9480754180976774,0.7146550286222433,0.8313652233599603
BAP1_Thr423Lys,0,0,false,0,0,false,0.5005699675493565,0.5659320790729838,0.5332510233111701
CCM2_Lys23Arg,0,0,false,0,0,false,0.7134968851918438,0.6698169873431828,0.6916569362675133
CCM2_Asp419Tyr,0,0,false,0,0,false,0.6900514671168656,0.6776648728138386,0.6838581699653521
ZC4H2_Arg211Trp,0,0,false,0,0,false,0.7919908552825556,0.8326790159371042,0.81233493560983
F9_Arg75Gln,0,0,false,0,0,false,0.6453856569814952,0.5009082654094357,0.5731469611954654
CCM2_Arg52Cys,0,0,false,0,0,false,0.8499727656075691,0.6381008807080777,0.7440368231578234
SDHD_His102Pro,1,0,false,0,0,false,0.9251997536006707,0.8693873549578459,0.8972935542792584
CCM2_Ser248Gly,0,0,false,0,0,false,0.7730354046208793,0.6305457972086095,0.7017906009147443
SDHD_Leu107Pro,0,0,false,0,0,false,0.8830109337087921,0.8096039301216745,0.8463074319152333
BRCA1_Glu143Lys,1,1,true,0,0,false,0.9257245337603421,0.9152704809773754,0.9204975073688588
SDHD_Glu69Lys,0,0,false,0,0,false,0.8674558318655134,0.8516067481152989,0.8595312899904062
CCM2_Thr44Ile,0,0,false,0,0,false,0.7651894300924491,0.6583218768814376,0.7117556534869434
BAP1_Thr93Ala,0,0,false,0,0,false,0.5484396254130391,0.4765993406879505,0.5125194830504949
KRAS_Asp153Val,1,0,false,0,0,false,0.9476643608631836,0.710999035750779,0.8293316983069814
ZC4H2_Pro201Ser,0,0,false,0,0,false,0.6541345475939426,0.6929951072915147,0.6735648274427286
BRCA1_Arg391Met,1,1,true,0,0,false,0.9559575361722082,0.9400739610570525,0.9480157486146303
CCM2_Arg423His,0,0,false,0,0,false,0.7412352212110225,0.6693946720426303,0.7053149466268264
F9_Cys28Arg,0,0,false,0,0,false,0.7259433171644158,0.8389251498228721,0.782434233493644
CCM2_Ile331Phe,0,0,false,0,0,false,0.8701883617948746,0.6380609452967854,0.7541246535458299
F9_Pro175Ser,0,0,false,0,0,false,0.7827771331804826,0.6622997806675726,0.7225384569240276
SDHD_Arg70Thr,0,0,false,0,0,false,0.857746433120153,0.8019041544268597,0.8298252937735063
FH_Arg233Cys,0,0,false,0,0,false,0.6609632758811235,0.7474249251217053,0.7041941005014144
ZC4H2_Lys217Arg,0,0,false,0,0,false,0.5976816166801635,0.5168482050816495,0.5572649108809065
FARS2_Ser57Cys,0,0,false,0,0,false,0.6898658583529516,0.584058302087934,0.6369620802204428
FARS2_Leu371Phe,0,0,false,0,0,false,0.7380061818489643,0.7989371654505345,0.7684716736497494
RAF1_Asp486Asn,1,0,false,0,0,false,0.9149158094148426,0.8522133287658092,0.883564569090326
F9_Ile210Thr,0,0,false,0,0,false,0.782651658812024,0.7916716481853239,0.787161653498674
CCM2_His151Tyr,1,0,false,0,0,false,0.9226173152878694,0.7469732443303801,0.8347952798091247
FARS2_Tyr144Cys,0,0,false,0,0,false,0.73110432189598,0.7773812693696381,0.754242795632809
CCM2_Glu51Ala,0,0,false,0,0,false,0.7904142874887929,0.7435285095864378,0.7669713985376154
F9_Glu27Lys,0,0,false,0,0,false,0.72379371857371,0.6516915293673341,0.687742623970522
FARS2_Asn280Ser,0,0,false,0,0,false,0.7472610706589239,0.8438891377213744,0.7955751041901491
LMNA_Arg335Trp,0,0,false,0,0,false,0.6524116540331969,0.6792699338058205,0.6658407939195087
RAD51D_Arg55Trp,0,0,false,0,0,false,0.6288098803100981,0.6392584047602428,0.6340341425351704
CCM2_Cys170Tyr,0,0,false,0,0,false,0.7883100543529267,0.6090921857044657,0.6987011200286961
RET_Arg330Gln,1,0,false,1,0,false,0.9829824764201214,0.7970265119260074,0.8900044941730644
F9_Asn166Tyr,0,0,false,0,0,false,0.7805666302569728,0.6418667779960425,0.7112167041265076
CCM2_Glu290Lys,0,0,false,0,0,false,0.7469927562902033,0.6859069324241952,0.7164498443571993
BRCA1_Thr587Arg,1,1,true,0,0,false,0.9190527051077677,0.9336501297093891,0.9263514174085784
F9_Val257Ile,0,0,false,0,0,false,0.6688462017358053,0.7222191012134979,0.6955326514746516
BRAF_Gln262Lys,0,0,false,0,0,false,0.8067783226297781,0.5893235844280228,0.6980509535289005
FANCC_Asp195Val,0,0,false,0,0,false,0.6596409463723703,0.5620493498002144,0.6108451480862923
SDHD_Ser68Gly,0,0,false,0,0,false,0.8565344490395967,0.8070699157434919,0.8318021823915442
BRCA1_Asp67Tyr,1,1,true,1,0,false,0.9836125904432929,0.9429090991057072,0.9632608447745
CCM2_Lys30Glu,0,0,false,0,0,false,0.8578283481056951,0.7372094699990321,0.7975189090523636
CCM2_Cys211Ser,0,0,false,0,0,false,0.7721551647439809,0.6785752642354532,0.7253652144897171
RAF1_Phe22Leu,0,0,false,0,0,false,0.6436842642757643,0.6734608142328874,0.6585725392543258
FARS2_Arg419Cys,0,0,false,0,0,false,0.6457368056131914,0.7387492858310882,0.6922430457221398
CCM2_Gly5Ser,0,0,false,0,0,false,0.7444276406620923,0.9104459682251634,0.8274368044436279
CCM2_Glu54Lys,0,0,false,0,0,false,0.7758407200598955,0.7874186671067394,0.7816296935833174
CCM2_Gly188Arg,0,0,false,0,0,false,0.7737338088880469,0.5786898674909816,0.6762118381895142
ZC4H2_Ile7Val,0,0,false,0,0,false,0.7952649847759938,0.6186122714838598,0.7069386281299268
BRAF_Val487Gly,0,0,false,0,0,false,0.6533217885070586,0.6781031136051892,0.6657124510561239
CCM2_Thr74Met,0,0,false,0,0,false,0.7272188093970388,0.7997165450030869,0.7634676772000628
F9_Asp110Gly,1,1,true,0,0,false,0.9231498389097804,0.9185040149230949,0.9208269269164376
BAP1_Leu49Pro,0,0,false,0,0,false,0.630066852627994,0.6542366000228609,0.6421517263254275
F9_Arg191His,0,0,false,0,0,false,0.7137310403111052,0.7795476661813361,0.7466393532462207
CCM2_Asp411Asn,0,0,false,0,0,false,0.7644066978776799,0.6722066679132892,0.7183066828954845
RAD51D_Ile17Val,0,0,false,0,0,false,0.7477909228738442,0.9081737470900237,0.827982334981934
F9_Phe395Ile,0,0,false,0,0,false,0.7281281771073491,0.7940230795992352,0.7610756283532922
BRAF_Gln257Arg,0,0,false,0,0,false,0.7008598883399597,0.7132967704293025,0.7070783293846311
BRCA1_Met548Ile,1,1,true,0,1,false,0.9561932862547361,0.9883044939425585,0.9722488900986472
RAD51D_Val28Leu,1,1,true,0,1,false,0.926351449218161,0.9623738956878495,0.9443626724530052
BRCA1_Ala102Gly,0,0,false,0,0,false,0.8343440942781694,0.7573583429610311,0.7958512186196003
FH_Ala308Thr,0,0,false,0,0,false,0.8104992002725876,0.776339112512603,0.7934191563925953
CCM2_Ala293Thr,1,0,false,0,0,false,0.9328727078602222,0.6512589312509598,0.792065819555591
F9_His282Arg,0,0,false,0,0,false,0.8325655105342453,0.8263122568698491,0.8294388837020472
CTCF_Arg567Leu,0,0,false,0,0,false,0.5018321865424717,0.5545842439382713,0.5282082152403715
BRAF_Gly469Glu,0,0,false,0,0,false,0.8594288200129441,0.8690657503306545,0.8642472851717993
ZC4H2_Arg198Gln,0,0,false,0,0,false,0.6881093671666455,0.7866351686071589,0.7373722678869021
RET_Leu56Met,1,0,false,0,0,false,0.92035457654817,0.7124229682559591,0.8163887724020645
CCM2_Ser60Arg,0,0,false,0,0,false,0.8671849674132549,0.7566864740936954,0.8119357207534752
CCM2_Ser426Leu,0,0,false,0,0,false,0.7448973354549927,0.7289601771194122,0.7369287562872024
F9_Asp110Asn,0,0,false,0,0,false,0.8716074363905129,0.7409285991881422,0.8062680177893276
CCM2_Arg40Cys,0,0,false,0,0,false,0.7575749230175594,0.9089270203250327,0.833250971671296
CCM2_Pro77Gln,0,0,false,0,0,false,0.7721188782974239,0.6089474618747077,0.6905331700860657
CCM2_Ile432Thr,0,0,false,0,0,false,0.7837085191710854,0.6457522722922978,0.7147303957316916
CCM2_Asp442Asn,0,0,false,0,0,false,0.6985439129219907,0.7071773124401761,0.7028606126810835
SHOC2_Leu174Phe,1,0,false,0,0,false,0.9289659795736946,0.8861407254909077,0.9075533525323012
CTCF_Pro643Ser,0,0,false,0,0,false,0.6484108625914011,0.595019083124494,0.6217149728579476
KRAS_Ile36Met,0,1,false,0,1,false,0.6870771954876003,0.991185230087303,0.8391312127874516
CCM2_Pro102Leu,0,0,false,0,0,false,0.7652571273205258,0.7757143430548418,0.7704857351876837
F9_Glu73Val,0,0,false,0,0,false,0.7286612447471452,0.6152376931126635,0.6719494689299044
CCM2_Ser202Asn,0,0,false,0,0,false,0.7522426452688152,0.6286616116012609,0.690452128435038
F9_Ile443Thr,0,0,false,0,0,false,0.746273995697461,0.7313215344839441,0.7387977650907025
CCM2_Gln72Arg,0,0,false,0,0,false,0.7931278283930542,0.8064625621982581,0.7997951952956561
LMNA_Ala43Thr,0,1,false,0,0,false,0.7169284070272102,0.9537239481073867,0.8353261775672984
RAD51D_His23Arg,0,1,false,0,0,false,0.8125913060098044,0.9363915433034511,0.8744914246566278
BRCA1_Thr37Lys,0,1,false,0,0,false,0.8774680677333416,0.9542947750755664,0.9158814214044539
BRIP1_Ser520Thr,0,0,false,0,0,false,0.6322785769729876,0.7107585713206025,0.671518574146795
CCM2_Ser83Phe,0,0,false,0,0,false,0.751414682101932,0.6618201732151863,0.7066174276585591
ZC4H2_Ala162Thr,0,0,false,0,0,false,0.6501069090689254,0.8037289169072215,0.7269179129880734
F9_Asp410His,0,0,false,0,0,false,0.6717357753492414,0.7666729998583475,0.7192043876037945
RAF1_Thr491Arg,0,0,false,0,0,false,0.6676974275466583,0.7281419100088414,0.6979196687777498
RPS19_Arg62Trp,0,,false,0,,false,0.4812951575388023,,0.4812951575388023
RAD51D_Phe305Leu,,1,true,,0,false,,0.9158647771554888,0.9158647771554888
F9_Arg384Pro,0,0,false,0,0,false,0.6371611654189802,0.6221390417722751,0.6296501035956277
ZC4H2_Ala200Thr,0,0,false,0,0,false,0.736731504784166,0.810897826398506,0.773814665591336
F9_Gly357Arg,0,0,false,0,0,false,0.5600735400374083,0.7664146412353989,0.6632440906364037
SDHD_His50Arg,0,0,false,0,0,false,0.8524700829730798,0.7811553552288848,0.8168127191009823
BRCA1_Arg595Gln,0,1,false,0,0,false,0.8908470533935171,0.9552474607123759,0.9230472570529464
CTCF_Arg567Trp,0,0,false,0,0,false,0.904420351120107,0.8833381223135868,0.8938792367168469
RAD51D_Ile251Val,1,0,false,0,0,false,0.9353285087700716,0.9077494523113193,0.9215389805406955
CCM2_Tyr221Asp,0,0,false,0,0,false,0.7966782296690772,0.8695864609795559,0.8331323453243166
KRAS_Pro34Arg,0,0,false,0,0,false,0.6515081930035536,0.8752620072726772,0.7633851001381153
SOS2_Val869Ile,0,0,false,0,0,false,0.672794242761191,0.8512910488362099,0.7620426457987004
KRAS_Met72Leu,0,1,false,0,0,false,0.5088709399841633,0.9287098093400992,0.7187903746621312
SOS2_Pro1318Ser,0,0,false,0,0,false,0.5689540481043119,0.6262427726174483,0.5975984103608801
RPS19_Gly127Glu,0,0,false,0,0,false,0.7845286829442988,0.6588869304148818,0.7217078066795903
CCM2_Ile372Leu,1,0,false,0,0,false,0.915363704627003,0.8632302051688128,0.8892969548979079
BCL10_Ala5Ser,0,0,false,0,0,false,0.6665372470937443,0.8056955036296032,0.7361163753616737
G6PD_Glu398Lys,0,0,false,0,0,false,0.7323438581561054,0.6230836386260854,0.6777137483910953
BRAF_Asp565Glu,0,0,false,0,0,false,0.6219801095308213,0.6743517291476984,0.6481659193392598
CCM2_Leu212Val,0,0,false,0,0,false,0.7645270593381381,0.70676554071003,0.735646300024084
RAD51D_Arg165Gln,0,1,false,0,0,false,0.7834534394480144,0.9311326236778368,0.8572930315629256
CCM2_Thr222Met,0,0,false,0,0,false,0.791594586683925,0.7236795224860366,0.7576370545849809
KRAS_Pro34Leu,0,1,false,0,1,false,0.5386415130129281,0.9598818041991759,0.749261658606052
CCM2_Arg389Trp,0,0,false,0,0,false,0.8098560821115198,0.7359990063426268,0.7729275442270733
BRCA1_Cys64Tyr,0,1,false,0,1,false,0.7372840303239676,0.9850948770527155,0.8611894536883415
CCM2_Asp301Gly,0,0,false,0,0,false,0.7589802093863681,0.744882742669641,0.7519314760280046
CCM2_Gly24Asp,0,1,false,0,1,false,0.7802514594652493,0.9597643568167378,0.8700079081409935
BRCA1_Val632Ala,0,1,false,0,1,false,0.9066875928680876,0.9745819669173568,0.9406347798927222
BRAF_Leu485Phe,0,0,false,0,0,false,0.5924949200546216,0.6538673349597037,0.6231811275071626
CCM2_Thr106Ile,1,0,false,0,0,false,0.915991385849642,0.8297378220985007,0.8728646039740713
F9_Ser406Leu,0,1,false,0,0,false,0.9105227011547896,0.9301545026913421,0.9203386019230659
F9_Tyr161Cys,0,0,false,0,0,false,0.813932888725782,0.8006713982713083,0.8073021434985451
CCM2_Pro165Thr,0,0,false,0,0,false,0.7476702128350059,0.7119124372176453,0.7297913250263256
FANCC_Leu554Pro,0,1,false,0,1,false,0.8574071516190893,0.9630814761304737,0.9102443138747816
CTCF_Tyr226Cys,0,0,false,0,0,false,0.7053844227553379,0.638331032244414,0.6718577274998759
BRAF_Glu501Lys,0,0,false,0,0,false,0.6963988460142905,0.744838716409479,0.7206187812118847
SHOC2_Glu25Gly,0,0,false,0,0,false,0.6258010046973157,0.7758636900619493,0.7008323473796325
CCM2_Glu2Lys,0,0,false,0,0,false,0.8054849518323274,0.7161886667391978,0.7608368092857626
CCM2_Gln441Arg,0,0,false,0,0,false,0.7284219688225879,0.744756419698304,0.7365891942604459
CCM2_Asp110Asn,0,0,false,0,0,false,0.8295010373705384,0.7258584183982297,0.7776797278843841
F9_Thr194Ala,0,0,false,0,0,false,0.7463388781141784,0.7746041633707702,0.7604715207424744
BAP1_Cys91Ser,0,0,false,0,0,false,0.7946250951616318,0.6399940770345293,0.7173095860980805
CCM2_Arg423Pro,0,0,false,0,0,false,0.7476488046972772,0.6625957756159858,0.7051222901566315
CCM2_Ala98Pro,0,0,false,0,0,false,0.8114627354423493,0.7596603625010796,0.7855615489717145
RPS19_Arg101His,0,0,false,0,0,false,0.5700198343826305,0.5645513493685618,0.5672855918755961
CCM2_Gly8Ser,0,0,false,0,0,false,0.8429698790986051,0.7894694384625366,0.8162196587805708
F9_Gly442Arg,0,0,false,0,0,false,0.7623096568993604,0.484894061179693,0.6236018590395267
RAD51D_Glu307Lys,1,1,true,1,1,true,0.9685241995597886,0.972309184444256,0.9704166920020223
ABCD1_Arg389Gly,0,0,false,0,0,false,0.642183581388568,0.8760843652377794,0.7591339733131737
CCM2_Thr394Ser,0,0,false,0,0,false,0.870005207077453,0.8250394375453314,0.8475223223113921
F9_Ile7Phe,0,0,false,0,0,false,0.7326492729990053,0.6632876720810135,0.6979684725400094
BRIP1_Thr266Lys,0,0,false,0,0,false,0.7149427788550192,0.7701139053988038,0.7425283421269115
CCM2_Asp376His,0,0,false,0,0,false,0.8291548720786314,0.7772296101351045,0.8031922411068679
RAD51D_Thr328Ile,0,1,false,0,0,false,0.7570405490868293,0.9425616075688893,0.8498010783278593
CCM2_Tyr144Cys,0,0,false,0,0,false,0.7811469845081106,0.5696144145173979,0.6753806995127543
CTCF_Ala697Thr,0,0,false,0,0,false,0.48661357660149684,0.6698237506188514,0.578218663610174
KRAS_Phe156Leu,0,0,false,0,0,false,0.8722411721966125,0.8961421361664998,0.8841916541815562
SDHD_His50Asp,1,0,false,0,0,false,0.939155014149341,0.8877176515098655,0.9134363328296032
CCM2_Thr267Ile,0,0,false,0,0,false,0.7923997837834161,0.8315617105277516,0.8119807471555839
CCM2_Thr86Ser,0,0,false,0,0,false,0.8068486971736265,0.7964598594134918,0.8016542782935592
CCM2_Thr44Ser,0,0,false,0,0,false,0.816408096102344,0.8258933870009119,0.8211507415516279
KRAS_Gly12Val,0,1,false,0,1,false,0.8181759123198898,0.9777786691907341,0.897977290755312
RET_Arg313Gln,0,0,false,0,0,false,0.7134263415465225,0.8558832886545291,0.7846548151005258
CCM2_Asn94Ser,0,0,false,0,0,false,0.7762621242683764,0.747037491542831,0.7616498079056037
CCM2_Ala140Thr,0,0,false,0,0,false,0.7544236458965539,0.651778787275425,0.7031012165859895
BRCA1_Met671Lys,1,1,true,0,0,false,0.9348241888490397,0.9390075213214711,0.9369158550852554
CCM2_Asp410His,0,0,false,0,0,false,0.7389116922742386,0.5964519895264844,0.6676818409003615
SHOC2_Thr321Ala,1,0,false,1,0,false,0.9844108248175552,0.782295645072078,0.8833532349448165
F9_Arg191Cys,0,0,false,0,0,false,0.8474552209931171,0.7650247024158651,0.8062399617044911
CCM2_Ala179Thr,0,0,false,0,0,false,0.7807033913240123,0.6299573782343045,0.7053303847791584
CCM2_Asn81Lys,0,0,false,0,0,false,0.804669547775411,0.7381265387702513,0.7713980432728311
BRAF_Glu501Val,0,0,false,0,0,false,0.5526056742364021,0.5483090358904853,0.5504573550634437
BRAF_Gly464Val,0,0,false,0,0,false,0.8485165804561312,0.6873597634954187,0.767938171975775
F9_Lys39Arg,0,0,false,0,0,false,0.4001872939539119,0.5195828536841876,0.45988507381904975
F9_Cys335Tyr,0,0,false,0,0,false,0.7983500270295841,0.722527636240055,0.7604388316348196
BRIP1_Arg848His,0,0,false,0,0,false,0.7410276849389033,0.7889487625148345,0.7649882237268688
F9_His303Tyr,0,0,false,0,0,false,0.5993107469959873,0.8029629188546525,0.7011368329253199
CCM2_Leu298Met,0,0,false,0,0,false,0.8344476202327665,0.8593127894464229,0.8468802048395947
CTCF_Arg342Gly,0,0,false,0,0,false,0.8038398155702452,0.7482238933782849,0.776031854474265
F9_Arg384Leu,0,0,false,0,0,false,0.5721784855761292,0.6179668350432357,0.5950726603096824
RAF1_Asp381Asn,0,0,false,0,0,false,0.5860468233166096,0.7182647254311311,0.6521557743738704
FH_Leu303Ser,0,0,false,0,0,false,0.8992010104895073,0.722347294086248,0.8107741522878776
CCM2_Ser183Leu,0,0,false,0,0,false,0.7244674094818144,0.6806322041462095,0.7025498068140119
RAD51D_Asn138His,0,1,false,0,0,false,0.8229291547491857,0.9384951655599905,0.8807121601545881
CCM2_Ala237Val,0,0,false,0,0,false,0.7268534631665488,0.6903822173070226,0.7086178402367858
SHOC2_Asn527Ser,0,0,false,0,0,false,0.7150014347084162,0.8541301846913405,0.7845658096998783
BRIP1_Val76Ile,0,0,false,0,0,false,0.6642674283703122,0.6704100408484542,0.6673387346093832
F9_Ile316Thr,,0,false,,0,false,,0.857971858299224,0.857971858299224
BRCA1_Cys61Gly,1,1,true,1,0,false,0.9650027222253541,0.9439277767413623,0.9544652494833582
F9_Ser411Ile,0,0,false,0,0,false,0.47914781354853503,0.5890189606092266,0.5340833870788808
SHOC2_Ser2Gly,0,,false,0,,false,0.8368880741071061,,0.8368880741071061
RAD51D_Met308Val,1,1,true,0,1,false,0.9153959950558008,0.9749652653142864,0.9451806301850436
RET_Val262Ala,0,0,false,0,0,false,0.8605478096889733,0.5416256185852711,0.7010867141371222
RAF1_Leu613Val,0,,false,0,,false,0.7769468319279706,,0.7769468319279706
CCM2_Ile130Val,0,0,false,0,0,false,0.7320535435598234,0.6169516738073973,0.6745026086836103
KRAS_Tyr71His,0,,false,0,,false,0.7062734662712785,,0.7062734662712785
BRCA1_Cys64Ser,0,0,false,0,0,false,0.681744769811719,0.7087181687145602,0.6952314692631396
BAP1_Pro12Thr,0,0,false,0,0,false,0.5007393782265466,0.48507585431097017,0.49290761626875834
KRAS_Gly60Arg,0,0,false,0,0,false,0.4336448123866764,0.7698232825942405,0.6017340474904584
F9_Ile136Thr,0,0,false,0,0,false,0.6775876020070435,0.6883803329871356,0.6829839674970896
CCM2_Leu310Val,0,0,false,0,0,false,0.7687152902952387,0.8010128164000908,0.7848640533476647
CCM2_Pro271Thr,0,0,false,0,0,false,0.78789070677937,0.6142542281179852,0.7010724674486777
FH_Arg233Leu,0,0,false,0,0,false,0.6842557715844454,0.6660849115647756,0.6751703415746104
CCM2_Leu182Pro,0,0,false,0,0,false,0.7990092610399873,0.7538095600569694,0.7764094105484783
SHOC2_Gln269Arg,0,0,false,0,0,false,0.570347177406756,0.5494130144391658,0.5598800959229608
BRCA1_Cys44Tyr,0,1,false,0,1,false,0.8209780805828523,0.9643428463577453,0.8926604634702988
BRCA1_Pro510Ser,1,1,true,0,1,false,0.9326555686730198,0.9797489072874866,0.9562022379802533
SHOC2_Ser403Gly,0,0,false,0,0,false,0.8182927267147829,0.8854471382049295,0.8518699324598562
G6PD_Ile48Thr,0,1,false,0,1,false,0.5538033152199799,0.9714988933493311,0.7626511042846555
BRCA1_Phe558Ser,1,1,true,0,1,false,0.9562489835367837,0.9817793620156038,0.9690141727761937
CCM2_Ser398Tyr,0,0,false,0,0,false,0.8179360730973203,0.7233249290792925,0.7706305010883063
SHOC2_Ser57Phe,0,1,false,0,0,false,0.5786113369764267,0.9224657333566819,0.7505385351665543
BRCA1_Arg71Lys,0,1,false,0,1,false,0.9013871060125251,0.975320006358954,0.9383535561857396
CCM2_Thr241Ile,0,0,false,0,0,false,0.8187780295373196,0.8864103490938957,0.8525941893156077
CTCF_Arg342Cys,0,0,false,0,0,false,0.6976948882014562,0.7030324396340732,0.7003636639177647
RET_Thr338Ile,0,1,false,0,0,false,0.5871508290136775,0.9160154619188767,0.7515831454662771
CCM2_Gly214Cys,0,0,false,0,0,false,0.6870497983731161,0.5636996921345837,0.6253747452538498
CCM2_Ala295Thr,0,0,false,0,0,false,0.7928211871427839,0.7517035942414122,0.772262390692098
BRCA1_Glu116Lys,0,0,false,0,0,false,0.6735635665768498,0.6163609222670714,0.6449622444219606
FARS2_Ile388Ser,0,0,false,0,0,false,0.6602805578149413,0.6262812386672563,0.6432808982410988
CCM2_Pro165Ala,0,0,false,0,0,false,0.8097246140073636,0.655889789932799,0.7328072019700813
RAD51D_Gly289Ser,0,1,false,0,0,false,0.8651871420191898,0.9498095450707583,0.907498343544974
RAD51D_Glu233Gly,0,0,false,0,0,false,0.6631669931831206,0.7260540492385426,0.6946105212108316
FH_Ser419Pro,0,0,false,0,0,false,0.8894641087900739,0.9068731875878047,0.8981686481889393
SHOC2_Met173Val,1,0,false,0,0,false,0.9146582499017014,0.7423163797035748,0.8284873148026382
FH_Arg101Pro,0,0,false,0,0,false,0.8256914617691303,0.8684832401535226,0.8470873509613265
CCM2_Tyr118Phe,0,0,false,0,0,false,0.798534302697433,0.70851335809419,0.7535238303958115
F9_Val227Ile,0,0,false,0,0,false,0.6666242964765747,0.624448049878835,0.6455361731777048
CCM2_Ile76Met,0,0,false,0,0,false,0.80302369493065,0.692241965296449,0.7476328301135495
RAD51D_Val66Met,0,0,false,0,0,false,0.7060648066471854,0.6133723026174599,0.6597185546323227
KRAS_Lys5Asn,0,1,false,0,0,false,0.7148104894064551,0.9206708104001187,0.8177406499032869
F9_Val374Phe,0,0,false,0,0,false,0.6914185408081092,0.7382853118908295,0.7148519263494693
BRCA1_Thr581Ile,1,1,true,1,1,true,0.9583438097025913,0.9815708062663165,0.9699573079844539
CCM2_Gln218Arg,1,0,false,0,0,false,0.9466482034791665,0.7512861338693512,0.8489671686742588
CCM2_Pro102Ser,0,0,false,0,0,false,0.6936625551790109,0.8792858197784379,0.7864741874787244
SDHD_Gly106Val,0,0,false,0,0,false,0.8052780741584176,0.7667201416360321,0.7859991078972248
SDHD_Ala90Glu,0,0,false,0,0,false,0.7970267686044125,0.8047115926817444,0.8008691806430784
CCM2_Val255Leu,0,0,false,0,0,false,0.765855902063722,0.7222778287334309,0.7440668653985765
F9_Cys134Ser,0,0,false,0,0,false,0.7942743998815525,0.7671101395258627,0.7806922697037075
SHOC2_Ile112Thr,0,0,false,0,0,false,0.7200701622737912,0.8663749863682164,0.7932225743210037
FARS2_Asp325Tyr,0,0,false,0,0,false,0.6509273011488518,0.6756956278234507,0.6633114644861513
CCM2_Thr296Ala,0,0,false,0,0,false,0.7854856851885312,0.6417207240839851,0.7136032046362581
RHO_Pro267Thr,0,1,false,0,0,false,0.843993708448922,0.9344513718093622,0.889222540129142
CCM2_Ile432Phe,0,0,false,0,0,false,0.73956996417841,0.6926627870302978,0.7161163756043539
LMNA_Arg386Thr,0,0,false,0,0,false,0.7175255678448547,0.8956475318058513,0.806586549825353
CCM2_Gly436Ser,0,0,false,0,0,false,0.748044991702909,0.7217942014280448,0.7349195965654769
CCM2_Ser202Arg,0,0,false,0,0,false,0.7665690635655027,0.6623156833028291,0.7144423734341658
BRCA1_Gly666Val,1,1,true,0,0,false,0.9150119925277768,0.9412817001593083,0.9281468463435425
BRCA1_Leu660Pro,0,0,false,0,0,false,0.8174574383582969,0.5263884974945507,0.6719229679264238
CCM2_Ser393Gly,0,0,false,0,0,false,0.8835288035756671,0.7669600067006301,0.8252444051381487
BAP1_Arg718Gln,0,0,false,0,0,false,0.5041705070948864,0.6118190036001974,0.557994755347542
FH_Leu507Pro,1,,true,1,,true,0.9697046154665762,,0.9697046154665762
BRCA1_Asn132Lys,1,1,true,1,1,true,0.9821426297226814,0.9718333314424467,0.9769879805825641
FARS2_Gly3Val,0,0,false,0,0,false,0.5941713736250551,0.739820017615609,0.666995695620332
RAF1_Asn140His,0,0,false,0,0,false,0.8478505688730995,0.7290072258477607,0.7884288973604301
ZC4H2_Ala157Thr,0,0,false,0,0,false,0.773604647304976,0.82006316051707,0.796833903911023
FARS2_Ile329Thr,0,0,false,0,0,false,0.8256558183491906,0.7906981996524013,0.8081770090007959
CCM2_Glu417Gly,0,0,false,0,0,false,0.7003004190279442,0.7931776377544094,0.7467390283911768
RAF1_Thr145Pro,0,0,false,0,0,false,0.7015579347094205,0.7895536193219277,0.7455557770156741
RHO_Cys110Tyr,1,0,false,0,0,false,0.9130222597672649,0.8267569644470235,0.8698896121071442
CCM2_Glu108Gly,0,0,false,0,0,false,0.8901167058723242,0.804855778385007,0.8474862421286655
SHOC2_Gly53Arg,0,0,false,0,0,false,0.7596690657367073,0.8129555291119392,0.7863122974243233
BRCA1_Met1Thr,1,0,false,0,0,false,0.9324710671165908,0.8641288430855351,0.8982999551010629
ZC4H2_Arg18Lys,0,0,false,0,0,false,0.7982560523648822,0.7563273550609972,0.7772917037129397
BRCA1_Leu460Pro,0,1,false,0,1,false,0.8617814990412997,0.9763259978887221,0.919053748465011
CCM2_Pro281Ser,0,0,false,0,0,false,0.7649005723816806,0.7053960324085651,0.7351483023951229
F9_Ala397Pro,0,0,false,0,0,false,0.7432903521343944,0.6910904098453722,0.7171903809898833
SDHD_Asp92Gly,0,0,false,0,0,false,0.8806990835968929,0.7364332574653263,0.8085661705311096
F9_His282Tyr,0,0,false,0,0,false,0.743511550847602,0.8215618209691746,0.7825366859083883
CCM2_Arg390Gln,0,0,false,0,0,false,0.8487492699630703,0.7251622396946275,0.7869557548288488
BRAF_Val600Gly,0,0,false,0,0,false,0.7220712276579031,0.9128663930739679,0.8174688103659355
F9_Arg226Gln,0,0,false,0,0,false,0.789314647679767,0.862149622058553,0.82573213486916
BAP1_Ser596Gly,0,0,false,0,0,false,0.5486893929529529,0.4750006915067426,0.5118450422298477
CCM2_Asp411Glu,0,0,false,0,0,false,0.8057516722322225,0.6740328138314704,0.7398922430318464
LMNA_Arg41His,0,1,false,0,0,false,0.8708248189427789,0.9566345905691604,0.9137297047559696
RAF1_Leu603Pro,0,0,false,0,0,false,0.711370913410588,0.7584680223122207,0.7349194678614044
FLCN_Arg239Cys,0,0,false,0,0,false,0.7432420038694548,0.5362156175331243,0.6397288107012895
CCM2_Gly379Ser,0,0,false,0,0,false,0.8121652806807235,0.8690872190681932,0.8406262498744583
SHOC2_Ser4Arg,0,0,false,0,0,false,0.9105922833869711,0.7391377591006424,0.8248650212438067
CCM2_Arg346Cys,0,0,false,0,0,false,0.8389946482115013,0.7886700410034432,0.8138323446074722
FH_His318Tyr,0,0,false,0,0,false,0.7827499793370709,0.8202250273625763,0.8014875033498237
F9_Pro333Leu,,0,false,,0,false,,0.8882494621577656,0.8882494621577656
SDHD_His102Leu,0,0,false,0,0,false,0.8501382247986835,0.9053653806884855,0.8777518027435844
RAD51D_Val66Leu,0,0,false,0,0,false,0.8628197563007197,0.6589520718753408,0.7608859140880302
CCM2_Asp227Asn,0,0,false,0,0,false,0.7645837947050551,0.6694632189930894,0.7170235068490722
SDHD_Ala90Val,0,0,false,0,0,false,0.7045378142121617,0.6936457361057208,0.6990917751589412
BRIP1_Gln255His,0,0,false,0,0,false,0.7805706252205237,0.8543843478937343,0.817477486557129
CCM2_Glu128Lys,0,0,false,0,0,false,0.8156564793982347,0.7096681121372486,0.7626622957677416
BRCA1_Ser186Tyr,1,1,true,1,1,true,0.9868030400725313,0.9862555018590916,0.9865292709658114
FH_Arg160Gly,1,,true,1,,true,0.9673824301779055,,0.9673824301779055
CCM2_Gln313Arg,0,0,false,0,0,false,0.7787596415440579,0.826212995726307,0.8024863186351825
F9_Cys170Tyr,0,0,false,0,0,false,0.7752328375139393,0.8108737689963754,0.7930533032551574
CCM2_Glu223Val,0,0,false,0,0,false,0.7386977547280615,0.7162536552352741,0.7274757049816678
CTCF_Tyr407Cys,0,0,false,0,0,false,0.6524741063699522,0.7407849062413304,0.6966295063056414
F9_Pro197Ser,0,0,false,0,0,false,0.7235188293386259,0.742512882821011,0.7330158560798185
CCM2_Ser251Tyr,0,0,false,0,0,false,0.6512110781352758,0.5194873416652238,0.5853492099002497
BRIP1_Leu195Pro,0,0,false,0,0,false,0.6932444992837365,0.7059744540032825,0.6996094766435095
BRAF_Gly596Val,1,1,true,0,1,false,0.9482578557615872,0.9741295467681712,0.9611937012648792
SDHD_Val111Ile,0,0,false,0,0,false,0.7056077390191599,0.853173638019093,0.7793906885191264
CCM2_Ile197Leu,0,0,false,0,0,false,0.7474004074704473,0.657222198607773,0.7023113030391102
RAF1_Asn71Ser,0,0,false,0,0,false,0.6078786929973218,0.6933647575508478,0.6506217252740848
BAP1_Glu31Lys,0,0,false,0,0,false,0.5407078284656068,0.6695220224983454,0.6051149254819761
F9_Pro414Thr,0,0,false,0,0,false,0.6956623314910859,0.4970343909495347,0.5963483612203103
BRIP1_His587Arg,0,0,false,0,0,false,0.6711565082061615,0.7072685682577302,0.6892125382319458
BAP1_Arg59Pro,0,0,false,0,0,false,0.5616785217270508,0.786424681799012,0.6740516017630314
CCM2_Arg412Gln,0,0,false,0,0,false,0.6663063870644943,0.6583223374053424,0.6623143622349184
CCM2_Arg19Gln,0,0,false,0,0,false,0.7133248884938199,0.7001780096659388,0.7067514490798794
CCM2_Ala179Ser,0,0,false,0,0,false,0.7435284182295562,0.7145090638885596,0.7290187410590578
CCM2_Ser143Phe,0,0,false,0,0,false,0.7790428553499038,0.5512442107824742,0.665143533066189
CCM2_Pro77Ser,0,0,false,0,0,false,0.8568146368846907,0.8404299864169317,0.8486223116508111
BRAF_Lys499Asn,0,0,false,0,0,false,0.7442761275144163,0.6446737479442062,0.6944749377293112
CCM2_Ile92Thr,0,0,false,0,0,false,0.7960144438324419,0.7910775539510815,0.7935459988917617
FARS2_Thr246Met,0,0,false,0,0,false,0.7181488272762618,0.8062878030822573,0.7622183151792596
BRAF_Thr241Arg,0,,false,0,,false,0.7254872173563828,,0.7254872173563828
BCL10_Leu8Leu,0,0,false,0,0,false,0.6692021338111053,0.8214068829366784,0.7453045083738918
CCM2_Ser15Leu,0,,false,0,,false,0.7570848603484118,,0.7570848603484118
BRCA1_Glu631Lys,0,1,false,0,1,false,0.7093582366194777,0.9804234106448453,0.8448908236321615
F9_Glu73Lys,0,0,false,0,0,false,0.6119840871746385,0.6061045999709698,0.6090443435728041
CCM2_Val374Met,0,0,false,0,0,false,0.7981018153463512,0.7251338731523717,0.7616178442493614
F9_Arg3His,0,0,false,0,0,false,0.5473879859892453,0.6372885940059185,0.592338289997582
CCM2_Ala205Asp,0,0,false,0,0,false,0.7959157543167267,0.8361825350923433,0.816049144704535
BRAF_Phe468Ser,0,0,false,0,0,false,0.6889892933360351,0.6946634454699923,0.6918263694030137
BRCA1_His299Tyr,1,1,true,1,1,true,0.9752031306840094,0.9866165691443884,0.9809098499141989
F9_Ser220Thr,0,0,false,0,0,false,0.7936733457439815,0.6748268062114697,0.7342500759777256
CCM2_Ala123Val,0,0,false,0,0,false,0.8073933797105403,0.8098755848268218,0.8086344822686811
BRCA1_Cys39Arg,1,1,true,0,1,false,0.9364639288257339,0.9617973904972732,0.9491306596615036
RET_Val292Met,0,0,false,0,0,false,0.6861320769036594,0.6286570080903355,0.6573945424969975
ABCD1_Arg518Gln,0,0,false,0,0,false,0.7113247355953696,0.8412292317013286,0.7762769836483491
CCM2_Asp126Glu,0,0,false,0,0,false,0.7478885621106285,0.8092007959090323,0.7785446790098304
SDHD_His102Arg,0,0,false,0,0,false,0.7943144771668691,0.6443036445852556,0.7193090608760624
CCM2_Arg423Cys,0,0,false,0,0,false,0.6991206138055953,0.5579243247371323,0.6285224692713638
RAD51D_Val132Ile,0,0,false,0,0,false,0.8936757967996087,0.9021963969691602,0.8979360968843845
CCM2_Met439Ile,1,0,false,0,0,false,0.9228663027112802,0.7392124783360555,0.8310393905236679
FANCC_Leu496Arg,0,0,false,0,0,false,0.7634299285321762,0.7336550935775096,0.7485425110548429
RHO_Asp190Gly,0,0,false,0,0,false,0.8120486757689884,0.8507356676738568,0.8313921717214225
CCM2_Tyr261Asp,1,0,false,1,0,false,0.9763951289166702,0.8025837285247899,0.88948942872073
CCM2_Ala205Thr,0,0,false,0,0,false,0.7709494753088317,0.5628381829160429,0.6668938291124373
RPS19_Val15Phe,0,0,false,0,0,false,0.6475170178477266,0.7670219956120112,0.7072695067298689
SDHD_Leu139Arg,0,0,false,0,0,false,0.7312010881656248,0.8097633234335224,0.7704822057995736
BRCA1_Pro533Leu,0,1,false,0,1,false,0.883254391619669,0.9850347810732791,0.9341445863464741
CCM2_Ala405Ser,0,0,false,0,0,false,0.8235191448679862,0.7526068964876129,0.7880630206777995
LMNA_Arg377Leu,0,0,false,0,0,false,0.5853204468075616,0.7375168870877389,0.6614186669476503
F9_Cys335Trp,0,0,false,0,0,false,0.6591460740059693,0.5513817887262318,0.6052639313661006
CTCF_His455Gln,0,0,false,0,0,false,0.8485256835814248,0.8191446085399127,0.8338351460606688
CCM2_Ala232Val,0,0,false,0,0,false,0.8611147201882009,0.7422177936318466,0.8016662569100237
CTCF_Asp46Asn,0,0,false,0,0,false,0.7096353261712209,0.6576960819803214,0.6836657040757712
CCM2_Ile131Asn,0,0,false,0,0,false,0.827488907600339,0.6598738969103634,0.7436814022553512
BRCA1_His41Arg,0,1,false,0,1,false,0.6434383655497055,0.9801624795415822,0.8118004225456439
ZC4H2_Leu66His,0,0,false,0,0,false,0.7027769728972325,0.8957055964411619,0.7992412846691972
G6PD_Gly378Ser,0,0,false,0,0,false,0.5417714480127948,0.6162146186664712,0.5789930333396329
FH_Pro174Arg,0,,false,0,,false,0.8829582750334072,,0.8829582750334072
