allele_0,Altered_GFP_95_batch12,Altered_GFP_95_batch11,Altered_GFP_95_both_batches,Altered_GFP_95_any_batches,Altered_GFP_99_batch12,Altered_GFP_99_batch11,Altered_GFP_99_both_batches,Altered_GFP_99_any_batches,AUROC_batch12,AUROC_batch11,AUROC_Mean
MVK_Gly211Ala,1,1,true,true,1,1,true,true,0.99744827899821,0.9970299194566676,0.9972390992274388
STXBP1_Arg292Cys,1,1,true,true,1,1,true,true,0.9796252112132683,0.9901440172316625,0.9848846142224654
MLH1_Asn38His,1,1,true,true,1,1,true,true,0.9645400673985308,0.9833141136554414,0.9739270905269861
STXBP1_Arg190Gln,1,1,true,true,0,1,false,true,0.8938692397486433,0.9593009691562611,0.9265851044524522
STXBP1_Leu365Phe,1,1,true,true,0,1,false,true,0.9443007479714471,0.9783098680242652,0.9613053079978562
MLH1_Ser508Arg,1,1,true,true,0,1,false,true,0.8950640369459331,0.9740460347495913,0.9345550358477621
STXBP1_Arg406Cys,1,1,true,true,1,1,true,true,0.9834071669425493,0.9823516570605114,0.9828794120015303
STXBP1_Arg505His,1,1,true,true,0,1,false,true,0.955962120233606,0.9661203223014283,0.9610412212675172
MLH1_Asp485Glu,1,1,true,true,0,1,false,true,0.8770862611210657,0.853855559885201,0.8654709105031333
MLH1_His318Gln,1,1,true,true,0,1,false,true,0.8897932874377832,0.9555375771774419,0.9226654323076126
STXBP1_Pro462Leu,1,1,true,true,1,1,true,true,0.989122145839701,0.9935862227665231,0.9913541843031121
STXBP1_Val451Ile,1,1,true,true,1,1,true,true,0.9858722394098907,0.9896729072099002,0.9877725733098954
MLH1_Ala29Gly,1,1,true,true,0,1,false,true,0.8814137481853868,0.8795190297126754,0.8804663889490311
STXBP1_Leu183Pro,1,1,true,true,1,1,true,true,0.9832157678410085,0.9919677848553061,0.9875917763481573
STXBP1_Pro335Leu,1,1,true,true,1,1,true,true,0.9920221311272165,0.9945792109462049,0.9933006710367107
MLH1_Pro640Ser,1,1,true,true,0,1,false,true,0.9254066417923102,0.9555628921189406,0.9404847669556254
MLH1_Val716Met,1,1,true,true,0,1,false,true,0.907322463268265,0.9621944719546718,0.9347584676114684
STXBP1_Cys354Arg,1,1,true,true,1,1,true,true,0.9798160368325859,0.9845554315909956,0.9821857342117908
STXBP1_His245Arg,1,1,true,true,1,1,true,true,0.9792744217813895,0.9894683779771714,0.9843713998792805
STXBP1_Pro94Leu,1,1,true,true,1,1,true,true,0.979732789775259,0.9800644096110488,0.979898599693154
MLH1_Gln701His,1,1,true,true,1,1,true,true,0.9937396691020698,0.9921028887706105,0.9929212789363402
STXBP1_Leu426Pro,1,1,true,true,1,1,true,true,0.967913990214769,0.9856489170316,0.9767814536231845
MLH1_Pro747Ser,1,1,true,true,0,1,false,true,0.939811373824269,0.9767327627238317,0.9582720682740504
STXBP1_Pro480Leu,1,1,true,true,1,1,true,true,0.9828205929313134,0.9904428803520517,0.9866317366416826
MLH1_Ala586Asp,1,1,true,true,1,1,true,true,0.9876188861611159,0.9913304100415797,0.9894746481013479
STXBP1_Asp238Glu,1,1,true,true,0,1,false,true,0.9478240720099607,0.9773424080586237,0.9625832400342922
STXBP1_Arg305Gln,1,1,true,true,1,1,true,true,0.9859209003730516,0.9898987220032703,0.987909811188161
HPRT1_His204Asp,1,1,true,true,1,1,true,true,0.9837968321096022,0.9902191612187383,0.9870079966641703
MLH1_Ala160Val,1,1,true,true,0,1,false,true,0.9090784811565176,0.9744810311151371,0.9417797561358273
MLH1_Cys39Phe,1,1,true,true,1,1,true,true,0.9962645265776036,0.9979875416649617,0.9971260341212826
MLH1_Lys618Arg,1,1,true,true,0,1,false,true,0.8998524333571262,0.9208512532679183,0.9103518433125222
MVK_Ser329Asn,1,1,true,true,1,1,true,true,0.9985081909958125,0.9981074396584781,0.9983078153271453
MLH1_Cys680Arg,1,1,true,true,0,1,false,true,0.8916971078342439,0.9081438997974312,0.8999205038158375
MLH1_Ala681Val,1,1,true,true,1,1,true,true,0.9687497679505679,0.9781287038672073,0.9734392359088876
STXBP1_Arg406His,1,1,true,true,1,1,true,true,0.9704137267061219,0.9795346240018554,0.9749741753539887
MLH1_Ala681Thr,1,1,true,true,0,1,false,true,0.9199953717050358,0.9334420768909091,0.9267187242979724
STXBP1_Arg551Leu,1,1,true,true,1,1,true,true,0.9816994817747787,0.9880819594070316,0.9848907205909052
MLH1_Ile36Asn,1,1,true,true,1,1,true,true,0.9860314354284955,0.9861696692636921,0.9861005523460937
STXBP1_Arg235Gln,1,1,true,true,1,1,true,true,0.9681058907179578,0.9789587516014153,0.9735323211596866
STXBP1_Lys196Arg,1,1,true,true,1,1,true,true,0.9910518736565566,0.9685543724352742,0.9798031230459154
MLH1_Leu582Val,1,1,true,true,0,1,false,true,0.9297433761143081,0.9313357093107233,0.9305395427125157
MVK_Leu265Pro,1,1,true,true,1,1,true,true,0.992385438094336,0.9918154284956642,0.9921004332950001
MLH1_Ser44Phe,1,1,true,true,1,1,true,true,0.9962971268225173,0.9988080652869676,0.9975525960547424
MLH1_Gly147Arg,1,1,true,true,1,1,true,true,0.9844224247901062,0.9857222550376847,0.9850723399138954
STXBP1_Asp207Asn,1,1,true,true,1,1,true,true,0.9933115993290138,0.9959990538144162,0.9946553265717151
STXBP1_Arg190Trp,1,1,true,true,1,1,true,true,0.9609415205289895,0.9795596499059369,0.9702505852174632
STXBP1_Asn548Asp,1,1,true,true,1,1,true,true,0.9882927502025183,0.992651441678684,0.9904720959406011
MLH1_Ile36Met,0,0,false,false,0,0,false,false,0.7439549062357178,0.7425912866570388,0.7432730964463783
MLH1_Asn38Lys,1,1,true,true,1,1,true,true,0.9718942290083217,0.9841429778228754,0.9780186034155985
STXBP1_Tyr411His,1,,true,true,1,,true,true,0.9776055819597551,,0.9776055819597551
AGXT_Asp201Asn,1,1,true,true,1,1,true,true,0.9853511942866395,0.9534402990594184,0.969395746673029
MLH1_Asp41His,1,1,true,true,1,1,true,true,0.9575871037819896,0.9692597915186528,0.9634234476503212
MLH1_Cys39Tyr,1,1,true,true,1,1,true,true,0.9921072200504926,0.9870412133779605,0.9895742167142265
STXBP1_Gly544Asp,1,1,true,true,1,1,true,true,0.9942666368273085,0.9969384074228829,0.9956025221250957
STXBP1_Met443Arg,1,1,true,true,1,1,true,true,0.9825141641180208,0.9883612985402009,0.9854377313291109
STXBP1_Gly417Asp,1,1,true,true,1,1,true,true,0.9726312475092198,0.9763807498043202,0.97450599865677
MLH1_Ser295Thr,1,1,true,true,1,1,true,true,0.9839613217299961,0.9806067045279862,0.9822840131289912
MLH1_Leu653Pro,1,1,true,true,1,1,true,true,0.9790418745047496,0.9683926414738168,0.9737172579892832
MLH1_Lys670Arg,1,1,true,true,0,1,false,true,0.9322095322349836,0.9559556111340032,0.9440825716844934
MVK_Thr243IIe,0,0,false,false,0,0,false,false,0.5252836706790213,0.7430840376345993,0.6341838541568103
STXBP1_Lys333Glu,1,1,true,true,0,1,false,true,0.9508614738347934,0.9512138163899371,0.9510376451123652
KHL3_Cys164Phe,0,1,false,true,0,0,false,false,0.8153392459793022,0.7599211723268771,0.7876302091530896
MVK_Asn301Thr,1,1,true,true,1,1,true,true,0.9939011781236835,0.9894468213443831,0.9916739997340334
MLH1_Lys751Arg,0,1,false,true,0,1,false,true,0.8376483276591509,0.9328660434438285,0.8852571855514897
STXBP1_Arg406Leu,1,1,true,true,1,1,true,true,0.9658474936915438,0.9813440985013883,0.9735957960964661
STXBP1_Leu256Pro,1,1,true,true,1,1,true,true,0.9870689754778058,0.9914987550457162,0.989283865261761
STXBP1_Glu12Asp,1,1,true,true,1,1,true,true,0.9826069585837282,0.9667414866743734,0.9746742226290508
MVK_Pro288Leu,0,1,false,true,0,0,false,false,0.6534819402245485,0.7852177509796745,0.7193498456021115
MLH1_Val185Gly,1,1,true,true,1,1,true,true,0.9920417333317051,0.995939362301406,0.9939905478165556
MLH1_Gly244Asp,1,1,true,true,1,1,true,true,0.996387864129225,0.9981132732724743,0.9972505687008497
STXBP1_Thr419Met,1,1,true,true,1,1,true,true,0.9829760536299831,0.9896161194119649,0.986296086520974
GSS_Arg125Cys,0,1,false,true,0,0,false,false,0.731739106249129,0.7582223683875734,0.7449807373183512
