allele_0,AUROC_GFP_Mean,Altered_95th_perc_both_batches_GFP,Altered_99th_perc_both_batches_GFP,AUROC_DNA_Mean,Altered_95th_perc_both_batches_DNA,AUROC_AGP_Mean,Altered_95th_perc_both_batches_AGP,AUROC_Morph_Mean,Altered_95th_perc_both_batches_Morph,AUROC_GFP_ADJ_Mean,Altered_95th_perc_both_batches_GFP_ADJ,hit_multichannel_95,hit_multichannel_99,n_channels_hit_95,is_hit
AMPD2_Gln190Ter,0.9991560283097064,True,True,0.9803827893363886,True,0.9933853209584158,True,0.9935532248788946,True,0.995975813413258,True,True,True,2.0,True
STUB1_Gln196Ter,0.9966616617931456,True,True,0.6305722275560045,False,0.6456384839211602,False,0.6621861971245786,False,0.9965932727693512,True,False,False,1.0,True
THRA_Ser45Ile,0.9966472811136916,True,True,0.9133249786104574,True,0.8634768408120564,False,0.93064377927855,False,0.992461375181176,True,,,,True
FBXW11_Arg481Pro,0.9858711353254944,True,False,0.9711285573968677,True,0.9919940809236047,True,0.9924946516918052,True,0.9872896900064352,True,True,True,2.0,True
LHX4_Arg259Ter,0.9855263553969664,True,False,0.7555248708582514,False,0.6758868161697849,False,0.7932817742085049,False,0.9795717454230312,True,False,False,1.0,True
TCAP_Arg33Trp,0.9847126308068008,True,True,0.8944952072733,False,0.885773478786174,False,0.9099510188416152,False,0.9683151215555796,True,,,,True
ECEL1_Arg544Cys,0.9758612957466198,True,False,0.9417595138110108,False,0.9692298686946452,True,0.9661029095572724,False,0.9748482836141116,True,True,True,2.0,True
ACTC1_Met315Lys,0.966998196209394,True,False,0.6455232784936964,False,0.6698465554525316,False,0.6748030402731102,False,0.95235946698424,True,False,False,1.0,True
PNKP_Gly375Trp,0.9640540074909107,True,False,0.6752970347563003,False,0.6934687796122092,False,0.7061126762307813,False,0.9628695677697572,True,False,False,1.0,True
COQ8A_Tyr514Cys,0.9617492619314978,True,False,0.9321517445081692,False,0.98587296575852,True,0.953914459991235,False,0.951582241107678,True,True,True,2.0,True
CSNK2A1_Glu81Ala,0.9534969624191262,True,False,0.986067959232797,True,0.981833938105334,True,0.9909640442844349,True,0.9555996501610596,True,True,True,2.0,True
COQ8A_Arg299Trp,0.9531778240806712,False,False,0.7418743002794065,False,0.8224076086751708,False,0.7882020917588379,False,0.9186968486026348,True,False,False,1.0,True
CSNK2A1_Arg312Gln,0.9520891886947652,True,False,0.9390442997016026,False,0.9793828110141448,True,0.9761714727889544,True,0.9847276996334868,True,True,True,2.0,True
COQ8A_Arg187Cys,0.9511962302775224,False,False,0.5925736522158874,False,0.5885251029204963,False,0.5823546084038921,False,0.9467254569005258,True,False,False,1.0,True
CSNK2A1_Gln391Arg,0.9437656353960776,False,False,0.9597086758147062,True,0.9852096973802144,True,0.9825366307896042,True,0.9434007399552607,True,True,True,2.0,True
CALM3_Glu141Gly,0.9406901762155446,False,False,0.7605529885563647,False,0.7292817626593213,False,0.780145248968112,False,0.9128124050077436,True,False,False,1.0,True
COQ8A_Phe508Ser,0.9395003413469184,False,False,0.7488115258785056,False,0.8381683248461542,False,0.8124828864621823,False,0.9350300504489047,True,True,True,2.0,True
CALM2_Asp96Val,0.933156599238014,False,False,0.9735201348951616,True,0.9841941065737864,True,0.9864212880516988,True,0.9935492699145362,True,True,True,2.0,True
COQ8A_Gly272Asp,0.9302417529614836,False,False,0.5941004952888732,False,0.7106789910399778,False,0.6534328764906149,False,0.923953429452125,True,False,False,0.0,True
COQ8A_His85Gln,0.9270171877283196,False,False,0.6726324244377713,False,0.7174728880939951,False,0.7296529957477946,False,0.901573014131747,True,False,False,1.0,True
COQ8A_Gly129Arg,0.9243522974182534,False,False,0.5185858711304816,False,0.5957012144332939,False,0.5686074686954278,False,0.8785343857680026,True,False,False,1.0,True
DPPA2_Cys146Tyr,0.9202681927856056,False,False,0.9278916508363658,False,0.9617474816135652,False,0.9522169018106476,False,0.9287524578945509,True,True,False,2.0,True
CALM2_Asp130Asn,0.9197952102563473,False,False,0.919069111169016,False,0.98287503139586,True,0.966785983124274,False,0.9913409660540002,True,True,True,2.0,True
CALM2_Asp134His,0.9186947937751636,False,False,0.9579154747809562,True,0.98815403524798,True,0.985923466449208,True,0.8843011387612096,True,True,False,2.0,True
TPK1_Phe132Ser,0.9169400061730276,False,False,0.9840598985252657,True,0.9946066598370826,True,0.9949784005329558,True,0.9151004575788098,True,True,False,2.0,True
COQ8A_Gly549Ser,0.9165362960875704,False,False,0.8223885241073685,False,0.8833251114098812,False,0.8810279518951873,False,0.9084363518476196,True,True,False,2.0,True
COQ8A_Asp166Gly,0.9159842662430802,False,False,0.542453472491472,False,0.5616844622279564,False,0.5525280295346956,False,0.8946193631215182,True,False,False,0.0,True
CALM2_Asp134Asn,0.9146803135805154,False,False,0.9354512945148798,False,0.9832961056445048,True,0.970138424861827,True,0.8982201763284922,True,True,False,2.0,True
COQ8A_Glu585Gln,0.910983720620492,False,False,0.7915798883686991,False,0.8283825507249368,False,0.8101021484319936,False,0.8870400220460886,True,False,False,1.0,True
COQ8A_Asn465His,0.9102916991529296,False,False,0.5139068936923034,False,0.5917900056851253,False,0.5145803809450356,False,0.8886819899057891,True,False,False,0.0,True
COQ8A_Leu459Pro,0.90975066148425,False,False,0.6393288502687497,False,0.7095377009628197,False,0.6718311284971548,False,0.8834949550467812,True,False,False,0.0,True
PNKP_Cys409Arg,0.9071083090216876,False,False,0.9676533661156188,True,0.9512603031251236,True,0.9792611208332216,True,0.8184350043748732,True,False,False,1.0,True
CSNK2A1_Ala389Thr,0.9069752134704006,False,False,0.973203048238616,True,0.9851072275265864,True,0.98552676135487,True,0.9781237900408088,True,True,True,2.0,True
THRA_Ile170Val,0.9034988147452984,False,False,0.7346815723161544,False,0.6974800203140898,False,0.747900642123185,False,0.8973919401579183,True,False,False,0.0,True
COQ8A_Gln343Arg,0.9030003704839684,False,False,0.7757208376407638,False,0.8437717143209496,False,0.839465216376829,False,0.8810320413252539,True,False,False,1.0,True
CSNK2A1_Gly177Ser,0.9012950768054095,False,False,0.9414412065196668,True,0.9707371314156537,True,0.973313540832907,True,0.951206887668683,True,True,False,2.0,True
DPF2_Val317Gly,0.8790925347347107,False,False,0.7340093966502546,False,0.7740483429855312,False,0.7461972200754483,False,0.8658868551258327,True,True,True,2.0,True
