Gene,gene_variant,Bio_Batch,U2OS_cc_t_stat,U2OS_cc_t_pval,U2OS_cc_t_pval_fdr_bh_adj
BRIP1,BRIP1_Ser520Thr,B_13-14,0.371993516515847,0.7214710962483611,0.7789723975738281
SDHD,SDHD_Ala90Glu,B_13-14,6.330677185442039,0.0003987614285506209,0.002330406048520842
TPM1,TPM1_Asp175Asn,B_15-16,-3.2399761769906257,0.0444670083135223,0.07780214749484558
TPM1,TPM1_Glu40Lys,B_15-16,4.0199836271875276,0.027271210416650198,0.05127569301224804
GRN,GRN_Cys105Arg,B_7-8,-2.3017354405093404,0.07312972667728583,0.12457405851727525
MVK,MVK_Ser329Asn,B_11-12,-6.798587416326299,0.004352484529871623,0.014407704422971925
TPM1,TPM1_Arg160His,B_15-16,0.7871371081405313,1.0,1.0
FARS2,FARS2_Ile329Thr,B_13-14,-2.2456562230357777,1.0,1.0
RAF1,RAF1_Asp381Asn,B_13-14,0.5714162180205059,1.0,1.0
SDHD,SDHD_His102Leu,B_13-14,10.438326676694441,0.000021211171344780724,0.0003302927392368711
RAF1,RAF1_Leu613Val,B_13-14,-5.363339586207128,0.09863537623739276,0.12901306081435576
FARS2,FARS2_Ala166Thr,B_13-14,1.7169263893776356,1.0,1.0
RAD51D,RAD51D_Arg165Gln,B_13-14,2.2867183231461263,1.0,1.0
TPM1,TPM1_Ile92Thr,B_15-16,-1.2502316912487388,0.31406944578478146,0.3887245356420277
FARS2,FARS2_Asp142Tyr,B_13-14,-2.483576660753394,1.0,1.0
SDHD,SDHD_Ile31Val,B_13-14,4.150235795989882,0.009338842715277238,0.023396531585042936
TPM1,TPM1_Ala166Thr,B_15-16,-0.41350258055286304,1.0,1.0
ZC4H2,ZC4H2_Val63Leu,B_13-14,-3.772508957351957,0.009520442136421024,0.0248984626460583
ALK,ALK_Arg1275Gln,B_11-12,0.6908452747635014,1.0,1.0
DES,DES_Ala337Pro,B_7-8,-0.6922247706543194,1.0,1.0
BRIP1,BRIP1_Gln255His,B_13-14,0.732346824162546,0.5112396507139866,0.5857312145483293
FARS2,FARS2_Leu371Phe,B_13-14,0.24590492354475124,1.0,1.0
TPM1,TPM1_Asp230Asn,B_15-16,-0.2477303470947588,1.0,1.0
TPM1,TPM1_Ala22Thr,B_15-16,-1.7265206349833087,0.17400990159693325,0.24044050942335182
SDHD,SDHD_Gly106Val,B_13-14,3.3461453651413797,0.013103277931052443,0.03293317550325566
ALK,ALK_Arg1275Gln,B_15-16,-4.112468489045317,1.0,1.0
AGXT,AGXT_Phe152Ile,B_7-8,-2.8513354377107007,1.0,1.0
RAF1,RAF1_Asn140His,B_13-14,-0.04961800914186335,1.0,1.0
TPM1,TPM1_Met8Arg,B_15-16,-0.5032124142869533,0.6669170012115716,0.7166132307207395
SDHD,SDHD_Arg70Thr,B_13-14,6.934747073445434,0.00024459787473878774,0.001657378427046395
ZC4H2,ZC4H2_Pro201Ser,B_13-14,-5.809680916000794,0.002975023338819346,0.009532038051112692
TPM1,TPM1_Leu185Arg,B_15-16,-0.5124086915844789,0.6547815984357114,0.7101241421707876
RAF1,RAF1_Thr491Ile,B_13-14,-3.8359287255680843,0.2755942932717806,0.2898916811534458
SDHD,SDHD_Ala90Val,B_13-14,3.9356948777612146,0.00674516202223278,0.019503434702239645
SHOC2,SHOC2_Thr494Asn,B_13-14,-2.46768768795486,0.043748529350086024,0.08351442913549613
FARS2,FARS2_Asp325Tyr,B_13-14,-0.023869672948344745,1.0,1.0
SMAD3,SMAD3_Arg279Lys,B_15-16,-3.2062341702157955,0.29355315691956263,0.3332900585644264
TPM1,TPM1_Ala63Val,B_15-16,1.063885106635611,1.0,1.0
FARS2,FARS2_Gly3Val,B_13-14,-2.1910901347520046,0.41370840506561246,0.43718037222042894
LITAF,LITAF_Leu122Val,B_15-16,3.5171225798426944,0.013803433131317905,0.03248273593319857
SDHD,SDHD_Ser68Gly,B_13-14,6.045343083600106,0.0007737129719721013,0.0036753762634840507
BCL10,BCL10_Leu8Leu,B_13-14,-1.1226016048049448,0.3782708234845428,0.4694589167352025
TPM1,TPM1_Ala239Thr,B_15-16,-3.72209863256976,0.017828016996262155,0.03800020223683265
MVK,MVK_Pro288Leu,B_11-12,0.5908068930063018,1.0,1.0
BCL10,BCL10_Leu8Leu,B_7-8,-2.01871185484536,0.1368263172404369,0.2105868379768207
PYGL,PYGL_Glu673Lys,B_7-8,-1.136580061505976,0.36629232878432594,0.4427172095515431
TPM1,TPM1_Glu54Lys,B_15-16,1.4221627760561493,0.20571044172958064,0.28702520244695384
SMAD3,SMAD3_Pro263Leu,B_15-16,-1.2273911124280488,0.5108794534883149,0.5341817285459277
BRIP1,BRIP1_His587Arg,B_13-14,1.584238978026326,0.18073804788590883,0.2535530591818039
BRIP1,BRIP1_Arg848His,B_13-14,2.578571129238601,0.0754963461161795,0.1240866413373487
BRIP1,BRIP1_Val76Ile,B_13-14,0.573151287218121,0.5988089065274733,0.6694010845874362
TPM1,TPM1_Glu23Gln,B_15-16,-1.084672190848009,0.4777797621296539,0.5214616506835444
ALK,ALK_Arg1275Gln,B_13-14,-1.2934444843169426,1.0,1.0
SDHD,SDHD_His102Pro,B_13-14,4.677318243891225,0.0025703667270182804,0.009433774479178236
TPM1,TPM1_Ser215Leu,B_15-16,0.8458426010747999,0.543882278678881,0.5893086743493161
TPM1,TPM1_Lys248Glu,B_15-16,0.1784995283299159,1.0,1.0
BRIP1,BRIP1_Leu195Pro,B_13-14,1.2668702182308096,0.2718645879814718,0.3561622827899842
SDHD,SDHD_Leu107Pro,B_13-14,0.2849529271708783,1.0,1.0
SMAD3,SMAD3_Arg287Trp,B_15-16,-7.486942662719075,0.003293249393341989,0.0100736126684802
SDHD,SDHD_Tyr114Cys,B_13-14,4.506251060822262,0.004604751431917464,0.014150349754028013
BAP1,BAP1_Arg59Pro,B_13-14,-2.590423379221777,0.037552604621238606,0.07378006383873284
TPM1,TPM1_Val95Ala,B_15-16,-2.656946185578102,0.03904741294077495,0.07501605404550549
TPM1,TPM1_Lys37Glu,B_15-16,-4.692991736188501,0.002245016049664888,0.0086316575516612
SDHD,SDHD_Gly138Val,B_13-14,4.8838800111042024,0.0027079461804252287,0.009451440275791163
FARS2,FARS2_Ser57Cys,B_13-14,1.8559224483749528,1.0,1.0
SDHD,SDHD_Asp92Gly,B_13-14,8.432612836805006,0.00007012093234778765,0.0007188153754504045
FARS2,FARS2_Gly309Ser,B_13-14,0.9477119419492293,1.0,1.0
RAD51D,RAD51D_Arg165Gln,B_7-8,-2.027466743939777,1.0,1.0
TPM1,TPM1_Met281Thr,B_15-16,-0.18037368450093255,1.0,1.0
SDHD,SDHD_His50Arg,B_13-14,3.0284841744564357,0.020352148961914243,0.04584684731227244
RAF1,RAF1_Ser427Gly,B_13-14,-5.8571434739081925,0.08915991405016992,0.11849563920517865
GRN,GRN_Thr182Met,B_7-8,-2.294443880373474,0.062038468686328146,0.11075201289752186
RAF1,RAF1_Phe22Leu,B_13-14,0.9979103452561944,1.0,1.0
FARS2,FARS2_Ile388Ser,B_13-14,1.0162955675066876,1.0,1.0
RAF1,RAF1_Thr145Pro,B_13-14,-6.387994716345844,0.1333777500132942,0.16454164462826937
TPM1,TPM1_Lys15Asn,B_15-16,-5.99447756688485,0.0006165957430971712,0.0032410812924099862
RAF1,RAF1_Asn71Ser,B_13-14,0.6062636477246899,1.0,1.0
RAF1,RAF1_Thr491Arg,B_13-14,-5.242335541861087,0.17352561940663744,0.20105738555718086
RAF1,RAF1_Leu603Pro,B_13-14,-1.790881684197182,1.0,1.0
BRCA1,BRCA1_Ser611Arg,B_13-14,0.9435653387772786,1.0,1.0
KRT6A,KRT6A_Thr552Ser,B_7-8,-2.5012391739573627,0.05453524115290785,0.09984787722622337
TPM1,TPM1_Glu180Val,B_15-16,1.0899046126781857,0.4264390807405246,0.4857793463882033
SDHD,SDHD_His50Asp,B_13-14,5.2045723369280035,0.003547308842902077,0.011115206040339424
RAF1,RAF1_Asp486Asn,B_13-14,0.45327533329345343,1.0,1.0
RAF1,RAF1_Pro225Ser,B_13-14,0.045139855443872445,1.0,1.0
MVK,MVK_Pro288Leu,B_7-8,-0.8206785692732116,1.0,1.0
GSS,GSS_Arg125Cys,B_7-8,0.48886543770550767,0.6422912852987375,0.7140723835393414
SDHD,SDHD_Phe34Cys,B_13-14,7.204566186715207,0.00017742529934530618,0.001361720626841748
FARS2,FARS2_Tyr144Cys,B_13-14,-0.31983357585618055,1.0,1.0
SHOC2,SHOC2_Thr126Ile,B_13-14,-3.8344663468001308,0.010115727076797684,0.02552464912760532
FARS2,FARS2_Thr246Met,B_13-14,-0.10148333665327636,1.0,1.0
FARS2,FARS2_Arg419Cys,B_13-14,1.6552138932581775,1.0,1.0
RAF1,RAF1_Cys95Trp,B_13-14,2.1174108905084634,0.25563446626635816,0.29909014469337863
AGXT,AGXT_Ile340Met,B_7-8,0.35568646993869724,1.0,1.0
FARS2,FARS2_His135Asp,B_13-14,2.635252319289227,1.0,1.0
GSS,GSS_Arg125Cys,B_11-12,0.1335742704881812,0.8985909095391266,0.92423728444789
GRN,GRN_Ser120Tyr,B_7-8,-2.3917350857528663,0.06340280127616768,0.11259816727259042
MVK,MVK_Ser329Asn,B_7-8,-4.441402934725135,0.006756052314293126,0.020194146980124995
GRN,GRN_Ala324Thr,B_7-8,1.1705090577007184,0.29129986913297,0.3784539975034876
DES,DES_Pro419Ser,B_7-8,-0.21301204265961451,1.0,1.0
SDHD,SDHD_His102Arg,B_13-14,4.23284378127999,0.003902401439764406,0.013196326383901062
FARS2,FARS2_His84Pro,B_13-14,-0.6685215350519559,1.0,1.0
FARS2,FARS2_Asn280Ser,B_13-14,-1.5655811200139778,1.0,1.0
SDHD,SDHD_Glu69Lys,B_13-14,7.232879738605847,0.00017436415792478971,0.0013447395476878254
TPM1,TPM1_Ile172Thr,B_15-16,1.406936914465017,0.26621642046872634,0.34054984351624906
SDHD,SDHD_Val111Ile,B_13-14,7.7451222208037676,0.00011337695822120214,0.0010144598917170371
GSS,GSS_Arg125Cys,B_13-14,4.177442907234131,0.004150453370346064,0.01398124503943736
SDHD,SDHD_Leu139Arg,B_13-14,3.798682331808146,0.014136237819953438,0.03188236149791713
MVK,MVK_Ile268Val,B_7-8,1.46756550365208,0.1925952728239594,0.2734996067611617
DES,DES_Gly84Ser,B_7-8,0.8134272848864341,0.4470425426234478,0.5379480216215898
SMAD3,SMAD3_Tyr364Cys,B_15-16,1.5725827656049594,0.15981243364537567,0.2362552231135198
EIF2B4,EIF2B4_Ala228Val,B_7-8,3.5533877869986474,0.00930142988027952,0.025822283533915524
FBP1,FBP1_Gly164Ser,B_7-8,-4.526315789473684,0.006246562516494053,0.018949049230109028
AGXT,AGXT_Arg118Cys,B_7-8,-0.17143244749607361,0.8687342467258636,0.8973944895870197
COMP,COMP_Asp511Glu,B_7-8,-5.511470029564931,0.011761211861812806,0.030688408000085328
APOA1,APOA1_Trp74Arg,B_15-16,9.694201310270596,0.00002624527534123719,0.00038266012138750405
HPRT1,HPRT1_Ser104Arg,B_7-8,-0.22492312103311007,0.8284640116786027,0.8632658277720302
AGXT,AGXT_Met49Leu,B_7-8,-2.9281126893010554,0.02208350813263721,0.04859389462366021
THAP1,THAP1_Gly9Cys,B_7-8,2.4727257200927877,0.05634147004196475,0.10239030235980273
GFAP,GFAP_Lys236Thr,B_15-16,-1.1436242618907324,0.2903773364473676,0.37883928457272686
POMT1,POMT1_Gln568His,B_7-8,-4.827839338690873,0.016939250267220634,0.04039197005042623
EMD,EMD_Met1Val,B_7-8,4.514303483284716,0.02031631690859029,0.04565195917106759
HPRT1,HPRT1_Gly71Arg,B_7-8,0.0,1.0,1.0
PYGL,PYGL_Asn339Ser,B_7-8,1.6794603639239638,0.14406559166621677,0.219780575145746
KRT6A,KRT6A_Gln166Pro,B_7-8,-4.158104888900067,0.025293958588157885,0.05410018018295808
AGXT,AGXT_Ala248Val,B_7-8,-0.7186227279072356,0.4956546427067293,0.5804416723297688
DCX,DCX_Ala251Ser,B_7-8,4.221390694049208,0.003929824305219644,0.013332086008826858
GCK,GCK_Ala387Glu,B_7-8,2.3384730497773156,0.10136246406783898,0.1668373183716361
PLP1,PLP1_Val184Phe,B_7-8,1.9299520189768038,0.10185098230952257,0.16726061426239883
DES,DES_His243Tyr,B_7-8,0.4612203639404763,0.6608869624325451,0.7314708374452107
DES,DES_His441Leu,B_7-8,0.01750853064760641,0.9865986218565289,0.9897076511270853
GFAP,GFAP_Ala364Pro,B_15-16,-2.2464246117882904,0.059511161984062096,0.10706864130773165
KLHL3,KLHL3_Ala77Glu,B_7-8,4.549140117826014,0.0026387982917211975,0.00972993192507237
PLP1,PLP1_Ile152Thr,B_7-8,-0.457445290904105,0.6710948294052727,0.7389440704801239
ALAS2,ALAS2_Lys262Gln,B_7-8,-5.574782102353581,0.011392929488026381,0.02989079027765163
HPRT1,HPRT1_Gly70Glu,B_7-8,-0.4212350357346021,0.6862161423356621,0.7506717250063658
SH3BP2,SH3BP2_Arg415Gln,B_7-8,0.21958364327465738,0.836945917624612,0.8692586746400266
NCF2,NCF2_Gly44Arg,B_7-8,0.36919829546845473,0.7270989975657536,0.7832820560353013
ZMYND10,ZMYND10_Arg243Cys,B_7-8,5.472055941455194,0.011998373084755628,0.03113708232592833
AIPL1,AIPL1_Met79Thr,B_7-8,-0.08813052984784635,0.9326408208990806,0.9490378092260223
HPRT1,HPRT1_Ala161Ser,B_7-8,-1.1145244819573936,0.30185197605685443,0.38928917911451183
PMP22,PMP22_His51Arg,B_7-8,1.3999160915774596,0.21106529029849624,0.29318887597827475
LITAF,LITAF_Val144Met,B_15-16,1.4358678886229772,0.19418094391154317,0.2753419471945415
DES,DES_Thr453Ile,B_7-8,0.48948912392630456,0.6452129048854832,0.7169032276505369
TAT,TAT_Pro220Ser,B_7-8,-1.1378174817141942,0.29263800150049146,0.38132489770045236
AGXT,AGXT_Asp129His,B_7-8,-0.3655291571807772,0.7255120513220915,0.7824551202852597
TTPA,TTPA_Arg192His,B_7-8,-1.1228204799298365,0.30442419370573987,0.3915489629481233
SMAD3,SMAD3_Met212Ile,B_15-16,-0.6266607611375039,0.5507634944169102,0.6302925550247443
CTH,CTH_Ser403Ile,B_15-16,2.4805173069271156,0.04217814902743756,0.08129189166741245
COMP,COMP_Asp319Val,B_7-8,-1.8497832021564953,0.1614594513937135,0.23832113768314744
POMT1,POMT1_Asn144Asp,B_7-8,-4.6723683653684205,0.009501537610850881,0.026225342249602865
SUCLA2,SUCLA2_Pro230Ser,B_7-8,0.35050576378974957,0.7379366215960983,0.7909421701731469
KRT6A,KRT6A_Glu472Lys,B_7-8,-1.4112348825711147,0.21726286336781103,0.30003951454409555
MLH1,MLH1_Lys670Arg,B_11-12,3.09202843062044,0.024508243285919672,0.05295333108156852
MVK,MVK_Val5Ala,B_7-8,-0.1041024907300826,0.9204806425657968,0.9411766741438286
TTPA,TTPA_Gly246Arg,B_7-8,-4.592686229844849,0.005879243331272881,0.0181118625205342
MLH1,MLH1_Ala681Thr,B_11-12,0.87831006565368,0.41603626254272935,0.50840003931965
DES,DES_Arg222His,B_7-8,-0.7510189892448769,0.48104803727177536,0.5662707186719755
UBQLN2,UBQLN2_Pro497Ser,B_7-8,1.5477904479144684,0.16559856417172467,0.2427423312110469
NCF2,NCF2_Ala140Asp,B_7-8,-0.48868114481836955,0.6457460899738856,0.7170785068896056
SMAD3,SMAD3_Glu239Lys,B_15-16,-5.120224588181966,0.0013684061501671107,0.0059401266973163214
RP2,RP2_Cys86Tyr,B_7-8,-4.961815998135415,0.002547617072175259,0.009466826085320516
FA2H,FA2H_Arg143Cys,B_7-8,-2.4316945168017323,0.05925679876594322,0.10687486840694198
MLH1,MLH1_Lys618Arg,B_11-12,1.44789232475568,0.22405593644573069,0.3054926960948052
FA2H,FA2H_Arg62Cys,B_7-8,0.25895478118151044,0.8043252017797662,0.8450640524624379
SMAD3,SMAD3_Asn197Ile,B_15-16,2.234758690270437,0.06054426435918988,0.10868378282523748
SFTPA2,SFTPA2_Phe198Ser,B_15-16,-2.599657400436074,0.0354428365372903,0.07092596538390382
EMD,EMD_Ala56Thr,B_7-8,-0.5954913341754137,0.5934476332275811,0.6699083802982742
DES,DES_Gly20Arg,B_7-8,-0.4582769510913665,0.6628829161580638,0.7323641835036074
GCM2,GCM2_Arg47Leu,B_7-8,4.012789110229252,0.015959597826731908,0.03863476786952844
PLP1,PLP1_Asp168His,B_7-8,1.3441001800719468,0.22750767123095447,0.30906091895527954
KCTD7,KCTD7_Leu108Met,B_7-8,-5.321048051701406,0.003137477538270808,0.011133375485252455
HBD,HBD_Asn58Lys,B_7-8,2.027366722459982,0.09844110759070691,0.16250865643755422
POMT1,POMT1_Trp560Cys,B_7-8,2.9287807980457896,0.02632878468449848,0.055937684924796546
POLR1C,POLR1C_Arg279Gln,B_7-8,0.024626383942261253,0.9811515742167104,0.9852783947181476
SMAD3,SMAD3_Ser355Leu,B_15-16,-1.6947433507279288,0.13394834931330357,0.20749500988516612
AGXT,AGXT_Arg111Gln,B_7-8,0.600532412516807,0.5670781186416904,0.6450978002415895
THAP1,THAP1_His23Pro,B_7-8,1.5510308051558104,0.18159101452039927,0.2615677509305902
MVK,MVK_Asn205Asp,B_7-8,-1.9236731947899144,0.10274153428479774,0.1680105569212018
THAP1,THAP1_Lys89Arg,B_7-8,1.175594095139583,0.2926818324758446,0.38132489770045236
SMAD3,SMAD3_Leu219Phe,B_15-16,-0.014922583394858828,0.9885103532784623,0.9911048686413978
LITAF,LITAF_Gly53Ala,B_15-16,-5.262481020621308,0.0011701725381026025,0.005340119263637647
AGXT,AGXT_Lys12Arg,B_7-8,0.3977167369997957,0.7026886021167903,0.7648215392464136
MLH1,MLH1_Cys39Tyr,B_11-12,3.0291886122262994,0.02496742012076532,0.05364203872965327
KRT2,KRT2_Gly219Asp,B_7-8,-4.7552102051304015,0.0031418269039534415,0.011133375485252455
PLP1,PLP1_Pro181Ser,B_7-8,0.8082387533135127,0.44980262275572147,0.5382976249770852
NMNAT1,NMNAT1_Asn273Asp,B_7-8,-1.232910914456366,0.26372049522368,0.35028243802310766
AGXT,AGXT_Pro10Ala,B_7-8,-3.0519262638196674,0.0224563437708676,0.04924410631728716
COMP,COMP_Asn555Lys,B_7-8,-3.0531014675946446,0.03791310685055363,0.07442346771280312
MLH1,MLH1_Lys751Arg,B_11-12,-1.4003858928575363,0.2484228025339096,0.332740219382726
AGXT,AGXT_Arg197Gln,B_7-8,-2.783805212147841,0.03183668456684964,0.06566745952773521
KCTD7,KCTD7_Arg184Cys,B_7-8,-3.7998864874691014,0.008968990770634318,0.025044988847823902
APOA1,APOA1_Ala199Pro,B_15-16,7.946525538492515,0.00009513500072303456,0.0008995438187178021
SMAD3,SMAD3_Arg268Cys,B_15-16,1.9622759137633665,0.09051564826149161,0.15152049796621295
GCK,GCK_Gly175Arg,B_7-8,5.1203726837517305,0.014418835884813175,0.03604708971203294
SMAD3,SMAD3_Arg385Thr,B_15-16,-0.12216542465932571,0.9062012625213021,0.9295619825003689
NMNAT1,NMNAT1_Arg207Trp,B_7-8,-1.6730032682427427,0.14535419807248953,0.2212797974466962
SFTPC,SFTPC_Val48Met,B_7-8,-1.5024466497120352,0.18366731063674038,0.2635646606432563
KRT6A,KRT6A_Asn171Ser,B_7-8,-0.6157439037929581,0.5606795230260277,0.6393420232714705
TH,TH_Ile209Met,B_7-8,0.0,1.0,1.0
AGXT,AGXT_Gly116Arg,B_7-8,-3.209929374320814,0.014859535225655689,0.03671832610606634
AMPD2,AMPD2_Glu697Asp,B_7-8,4.567802685219396,0.019681901216605714,0.04505534370057188
APOA1,APOA1_Leu84Arg,B_15-16,7.339511430677596,0.00015733680781251263,0.0012573778364933016
MVK,MVK_Arg388Gln,B_7-8,0.8176754845216556,0.4447917728502375,0.5366723222640263
MVK,MVK_Val80Ile,B_7-8,1.4600743291691731,0.19456453607493554,0.2756812046759102
NCF2,NCF2_Val297Ala,B_7-8,2.6597867473078605,0.04489540816810074,0.08575022960107241
GALE,GALE_Val94Met,B_7-8,1.201423328330532,0.31578480856030877,0.404255351441146
GAMT,GAMT_Ala196Val,B_7-8,0.9946837864165531,0.35302251582401656,0.44506468991674697
GFAP,GFAP_Glu205Lys,B_15-16,2.710647620962309,0.030170745833020405,0.06270524977265395
DCX,DCX_Arg59His,B_7-8,-0.218109727706306,0.83596589209559,0.8687131958120657
HBD,HBD_His147Arg,B_7-8,-0.8995045416635244,0.4030387608705062,0.49568836655677195
PRPF31,PRPF31_Ala194Glu,B_7-8,-4.695721156165871,0.018265912694054788,0.04239112180515753
PHYH,PHYH_Arg275Trp,B_15-16,4.133085492605546,0.004386992330540224,0.014471770900400393
COMP,COMP_Thr529Ile,B_7-8,-0.7648960072759741,0.4788601955883225,0.564233789989942
SERPINF1,SERPINF1_Thr72Met,B_7-8,-2.3089389597035366,0.06899851696115172,0.12090565816128422
ALAS2,ALAS2_Tyr549Phe,B_7-8,-1.2419785938348975,0.3024900913252658,0.38984890312500514
FBP1,FBP1_Asn273Ser,B_7-8,-2.9888560947660427,0.020259131152445507,0.04563082606270156
GAMT,GAMT_Asp219Asn,B_7-8,0.5710755662795356,0.5858072190842827,0.662850585575225
PYGL,PYGL_Pro382Leu,B_7-8,-5.694681274020533,0.010735835113786826,0.028519395086693794
BAG3,BAG3_Pro380Ser,B_15-16,0.7316697778764504,0.48813555191554203,0.5733941599991914
NCF2,NCF2_Asp108Val,B_7-8,-1.1101663640562776,0.3174438498804712,0.40603892668495056
DCX,DCX_Lys174Glu,B_7-8,2.371954723362576,0.04946381711661194,0.09244216310443132
AGXT,AGXT_Ile202Asn,B_7-8,-2.991273621486499,0.020189910078362325,0.04563082606270156
GCK,GCK_Val253Ala,B_7-8,3.246908235219246,0.047600907638126466,0.08966245916057353
PRKAR1A,PRKAR1A_Arg335Pro,B_7-8,-2.7537652378320385,0.033126193623972365,0.06774200195052164
DES,DES_Gln389Pro,B_7-8,-0.9958804519329355,0.36503116043001516,0.4577869444657446
PRKAR1A,PRKAR1A_Arg74His,B_7-8,-1.9899247021105682,0.09372581795897901,0.15618449684165328
GCK,GCK_Met251Thr,B_7-8,5.080191792436492,0.014734661649919168,0.03664479655123126
AGXT,AGXT_Gly82Arg,B_7-8,-1.5877940230097234,0.1563554350776465,0.2323488885533794
HPRT1,HPRT1_Pro176Leu,B_7-8,0.2940071672531553,0.7772789755757039,0.8243214010825066
MYOZ2,MYOZ2_Ile246Met,B_7-8,0.1659134265232056,0.8736745794044194,0.9015226616220643
HGD,HGD_Ala48Ser,B_15-16,8.728415918821169,0.00005204185797394759,0.0005847055807661171
STAR,STAR_Arg188Cys,B_7-8,2.1308382052545545,0.12291360586098159,0.19351239454307825
SMAD3,SMAD3_Cys109Tyr,B_15-16,-7.2586046156903405,0.00016867116076930302,0.001303028178754318
KRT6A,KRT6A_Val523Phe,B_7-8,-2.3698270611154175,0.07683540953419025,0.13233149883706347
FTH1,FTH1_Lys54Arg,B_7-8,-0.8580348974407832,0.4192794455694183,0.5113816992577197
HBD,HBD_Pro37His,B_7-8,2.0613012594223266,0.08490339847660626,0.14363639600559608
PYGL,PYGL_Ser675Thr,B_7-8,2.588045061793996,0.041320287072472185,0.07988031205305858
SMAD3,SMAD3_Pro263Ala,B_15-16,1.9642518756355836,0.09025248344437437,0.1513452531859131
SMAD3,SMAD3_Val294Met,B_15-16,-5.832147020816436,0.0006421479386354469,0.0033975140243592897
DOLK,DOLK_Tyr441Ser,B_7-8,0.8219918257022747,0.47132382160174097,0.5569056092283384
ALAS2,ALAS2_Ser531Gly,B_7-8,-2.1726529262997714,0.11816118482549298,0.18756224100101315
SMAD3,SMAD3_Arg323His,B_15-16,-4.123073494706248,0.004442401882669836,0.014529088349142787
HBD,HBD_Arg105Ser,B_7-8,1.3598378195486276,0.22275808158860702,0.3043848849467673
NMNAT1,NMNAT1_Glu257Lys,B_7-8,-3.0777052246762864,0.09133802916387775,0.15276325368039095
COMP,COMP_His441Arg,B_7-8,-4.437536402476972,0.021273757266615095,0.04719265549272338
MYOZ2,MYOZ2_Gln10Pro,B_7-8,-0.1284603452618523,0.9019823856628111,0.9269503656984623
MLH1,MLH1_Leu653Pro,B_11-12,2.117539864937324,0.07973392937962612,0.13621807255374407
AGXT,AGXT_Ala85Asp,B_7-8,-0.32092395182730593,0.7693249601732763,0.8172473158681633
AGXT,AGXT_Gly161Arg,B_7-8,-2.748265176299886,0.03336830143381568,0.0681562803173246
FAM161A,FAM161A_Leu269Arg,B_7-8,-7.699562678869016,0.004553120417400291,0.014815093692052056
NR0B1,NR0B1_Val126Met,B_15-16,0.09703910246071458,0.9254152980834089,0.9442004376812559
HPRT1,HPRT1_Gly58Arg,B_7-8,-1.7633947398681797,0.12120004644652613,0.19147401878648876
COMP,COMP_Ala171Thr,B_7-8,-4.820835090215407,0.017006376789567096,0.040501470907821885
TTPA,TTPA_Glu141Lys,B_7-8,-4.408351219787474,0.006967290626200585,0.02066385884478745
SFTPC,SFTPC_Val39Leu,B_7-8,-1.2627805536735215,0.25352400122526353,0.3383863328722944
MLH1,MLH1_Ile36Asn,B_11-12,-1.6465738081255772,0.1954781838308756,0.2765654304570166
AGXT,AGXT_Pro11His,B_7-8,-1.1805553567349742,0.27633498205567636,0.3632407830706175
GLYCTK,GLYCTK_Thr394Ile,B_7-8,-1.622294916474776,0.20319406232014894,0.2851584563052788
NCF2,NCF2_Asp93Glu,B_7-8,2.79247555666314,0.038332618365722146,0.0750156773345587
SUOX,SUOX_Ala265Asp,B_7-8,-7.438648924404515,0.0050284152056731275,0.015953941931620717
GATA2,GATA2_Cys373Arg,B_7-8,4.078973170651033,0.004695761202146587,0.015096486097988653
MLH1,MLH1_His318Gln,B_11-12,4.073786780980698,0.017186563361212374,0.04077805716759707
GCM2,GCM2_Gly63Ser,B_7-8,3.5761521272508947,0.023247479030366617,0.050572263942289586
FXN,FXN_Met1Ile,B_7-8,3.283046695660289,0.016758670346644175,0.040068081213603536
NCF2,NCF2_Arg184Pro,B_7-8,-3.301371238422491,0.08078846472949794,0.1378963070896703
AGXT,AGXT_Gly41Arg,B_7-8,0.8028800598994426,0.44844179251003846,0.5379480216215898
FOXP3,FOXP3_Gln70His,B_15-16,-5.1305318328863745,0.0013528524463037638,0.005886725616821478
SMAD3,SMAD3_Asn59Asp,B_15-16,1.473924571349479,0.1839955103421203,0.2638374059710584
GCK,GCK_Gly299Arg,B_7-8,3.701133173422515,0.03425107917849796,0.06907326546076094
GCK,GCK_Met381Arg,B_7-8,3.872517955272523,0.030475796657166845,0.06320170642257185
EMD,EMD_Pro183His,B_7-8,4.520699598386348,0.020239086761543193,0.04563082606270156
FBP1,FBP1_Arg218Lys,B_7-8,-2.225607225288514,0.061367361780469046,0.10974874625533322
UBQLN2,UBQLN2_Pro509Ser,B_7-8,3.1234977236195824,0.016761464340140957,0.040068081213603536
SH3BP2,SH3BP2_Pro418Leu,B_7-8,-4.743349821948639,0.017772580125270953,0.0417022457484859
NMNAT1,NMNAT1_Arg237Leu,B_7-8,-1.3606945030537385,0.22250212347499365,0.3043848849467673
DES,DES_Leu274Pro,B_7-8,-1.8696759085644523,0.13488166449166744,0.2082651408076676
KRT6A,KRT6A_Leu170Phe,B_7-8,-0.7339332409121162,0.4906630138857567,0.5758050205517729
TAT,TAT_Leu273Pro,B_7-8,-3.1413107795303365,0.016349222691164414,0.03922991876900004
SMAD3,SMAD3_Gly272Arg,B_15-16,-5.526501549075985,0.0008814842065896165,0.004350477608749787
SFTPA2,SFTPA2_Gln223Lys,B_15-16,1.2604983565750476,0.24787927364655718,0.33224520187012224
SFTPC,SFTPC_Ile73Thr,B_7-8,-1.5761000789888402,0.16607383206952775,0.2432523153779126
SFTPC,SFTPC_Glu66Lys,B_7-8,-1.5037338958480757,0.18334533802811867,0.2633004478448922
HBD,HBD_Gly26Asp,B_7-8,3.1084279241696118,0.020890673361428348,0.04677747493590639
LITAF,LITAF_Pro135Thr,B_15-16,-4.524171485538316,0.0027185671950240467,0.00996634038866781
MVK,MVK_Pro167Leu,B_7-8,-0.12362091919024873,0.9056526703202008,0.9294984418654398
NFU1,NFU1_Gly208Cys,B_7-8,1.8818630817711928,0.10887343826708253,0.17592915997472727
MLH1,MLH1_Ser44Phe,B_11-12,7.229935281561982,0.00040258609835087933,0.0023234033885778153
SMAD3,SMAD3_Trp94Leu,B_15-16,-0.8753706257859403,0.4104008292533864,0.5031229678266803
PLP1,PLP1_Ser135Phe,B_7-8,0.45440766386553494,0.6655113315706339,0.7343308164644198
DCX,DCX_Arg78His,B_7-8,3.6348888527255823,0.008343501091592523,0.023714415304972796
MLH1,MLH1_Val185Gly,B_11-12,9.817384920440686,0.001483029463646828,0.006322737222244289
MIP,MIP_Val67Ile,B_7-8,3.225589550567309,0.01801008888036776,0.04200155038034483
DES,DES_Gln131Lys,B_7-8,-0.42971978184520543,0.685288479839577,0.7505166264298119
HBD,HBD_Leu76Val,B_7-8,0.8216533836064227,0.44866554892313754,0.5379480216215898
CDKN1A,CDKN1A_Asp149Gly,B_15-16,-9.120145820154805,0.00003912877191801131,0.00048541851243916277
HBD,HBD_Asn13Lys,B_7-8,1.3722587310750038,0.2190729285313255,0.3013855777863203
GFAP,GFAP_Met74Thr,B_15-16,2.8382155689404236,0.025108732188749008,0.053764213543173324
GALE,GALE_Leu313Met,B_7-8,3.095523350619567,0.01743138323778645,0.041205587073043115
PYGL,PYGL_Tyr821His,B_7-8,1.548645980190947,0.17243738972314976,0.25153990448646213
GFAP,GFAP_Arg88Cys,B_15-16,-0.09420888305581449,0.9275831682326516,0.9458924177188708
GYG1,GYG1_Arg33Lys,B_7-8,1.8513025770418732,0.10656320802744484,0.17303013441063575
KRT2,KRT2_Asn186Tyr,B_7-8,0.7145126769847091,0.4980389283434763,0.5816908968858999
LITAF,LITAF_Thr49Met,B_15-16,-0.7141595326147416,0.4982441399504357,0.5816908968858999
DES,DES_Arg350Pro,B_7-8,-3.517811819867572,0.012551824486918245,0.032309952520234296
TMEM43,TMEM43_Ala366Thr,B_15-16,-6.260588903027929,0.00041982861542374524,0.002400816333710639
GFAP,GFAP_Arg376Trp,B_15-16,1.1193986023820854,0.29990456020762424,0.38756272665531954
KRT6A,KRT6A_Ile178Asn,B_7-8,-1.1617413445341893,0.2894610404668932,0.37790197354187693
CTH,CTH_Gln240Glu,B_15-16,-1.9083035021861599,0.09800183987977297,0.16206364863235184
NR0B1,NR0B1_Arg267Pro,B_15-16,-1.3377922934499746,0.2227906121233407,0.3043848849467673
FKBP6,FKBP6_Phe72Leu,B_15-16,24.901243029146652,4.295945124712945e-8,0.000010256568985252155
DCX,DCX_Met1Thr,B_7-8,-1.445924077559005,0.19144128746898986,0.27206313918584124
MVK,MVK_Val278Met,B_7-8,1.7800854766599254,0.12536181122990117,0.19658543468728343
KRT2,KRT2_Thr479Pro,B_7-8,-1.727460311572558,0.1348273212361642,0.2082651408076676
PMP22,PMP22_Leu80Pro,B_7-8,2.7283016909967612,0.034263132950688585,0.06907326546076094
DES,DES_Asp312Ala,B_7-8,0.2321866144443234,0.8255971997985732,0.8616888806640846
KLHL3,KLHL3_Cys164Phe,B_7-8,-0.19407783784323293,0.8516269310911996,0.8821081553059605
SMAD3,SMAD3_Ile170Val,B_15-16,-2.6897306429972216,0.03606559946424511,0.07175551560073767
SNIP1,SNIP1_Arg116Gln,B_7-8,4.332262105866537,0.02268398916439899,0.04962934628178931
NCF2,NCF2_Arg188Lys,B_7-8,-0.5665039272434266,0.595533446642411,0.6710730873669647
DES,DES_Leu338Arg,B_7-8,0.2271406227016986,0.8278558947992416,0.8631030344249735
DES,DES_Ala357Pro,B_7-8,1.032047524545696,0.3493618639104882,0.4413235185641749
MLH1,MLH1_Pro28Leu,B_11-12,-19.521640475985453,0.0024184923136736022,0.009140064816662566
MIP,MIP_Val107Ile,B_7-8,2.791708791443897,0.03150643900900999,0.06512694643637347
COMP,COMP_Thr585Met,B_7-8,-4.2207151232608355,0.02431306532767415,0.052591115261446914
NEXN,NEXN_Tyr544Cys,B_7-8,0.11971645615453054,0.9086157343061153,0.9315384071522707
MVK,MVK_Thr209Ala,B_7-8,-1.5068693182896413,0.18256329664124,0.2625722112837111
NCF2,NCF2_Asn419Ile,B_7-8,2.8455250965381618,0.03601221121809651,0.07172400774407124
GFAP,GFAP_Arg239Leu,B_15-16,0.10779392361630347,0.9171837636851483,0.9388108192061271
DES,DES_Arg227Cys,B_7-8,-2.870757142339565,0.06401066318247077,0.11299479360306762
SMAD3,SMAD3_Asp408His,B_15-16,2.0117278728368957,0.08415100825460003,0.14299682007676695
KRT6A,KRT6A_Ile462Asn,B_7-8,-1.8055642350673042,0.13081717881904592,0.20346971624134993
FA2H,FA2H_Phe144Ser,B_7-8,-2.0041084028443055,0.11557321737737615,0.18422123158387063
PYGL,PYGL_Lys681Thr,B_7-8,-1.471348510579353,0.20116698418308046,0.2831458657256328
GCK,GCK_Gly44Asp,B_7-8,4.1723512498170585,0.02506634014909403,0.05375236989859092
DES,DES_Gly44Ser,B_7-8,-1.1336437490917708,0.3001990995773189,0.3876810548970109
KRT6A,KRT6A_Asn171Asp,B_7-8,-1.5051158873817092,0.18300025453549157,0.2630026231473205
KRT8,KRT8_Tyr54His,B_7-8,-12.630864580203795,0.0010701815564362407,0.005048372804933851
TH,TH_Thr283Met,B_7-8,-4.805128036937354,0.01715817096343997,0.04076132654250043
EMD,EMD_Ser54Phe,B_7-8,0.4443266231011712,0.6869043853783797,0.7507367370701966
TMEM43,TMEM43_Arg299Thr,B_15-16,-1.2014325936773036,0.26865041486634833,0.3551426396210305
APOA1,APOA1_Arg34Leu,B_15-16,18.643315252311247,3.1707843549310316e-7,0.00003363309873058644
MVK,MVK_Leu255Pro,B_7-8,0.3806518822719304,0.7190973452002799,0.7772925463115645
TH,TH_Ile219Thr,B_7-8,0.8116157962686673,0.44800479097139956,0.5379480216215898
GFAP,GFAP_Glu371Gly,B_15-16,-1.4372809441791912,0.19379386313564723,0.27499723520734487
AGXT,AGXT_Arg381Lys,B_7-8,-1.4040789921856829,0.20307399120206732,0.2851584563052788
SMAD3,SMAD3_Glu284Gln,B_15-16,-1.7252255525962519,0.12813815392048822,0.19995414541514092
DES,DES_Ala135Val,B_7-8,0.08051174882970531,0.9389535249335204,0.9539368258633105
MLH1,MLH1_Asp485Glu,B_11-12,-9.812238063428847,0.0017148294068087078,0.0070588882909582585
GFAP,GFAP_Leu235Pro,B_15-16,-0.260703808172917,0.8018239410818208,0.8433280437589635
HBD,HBD_Asp100Asn,B_7-8,1.2066019300732655,0.2940641974982203,0.3820834130759189
DES,DES_Met349Ile,B_7-8,0.9768303093862564,0.3735155193403517,0.46537158639274084
DES,DES_Arg278Pro,B_7-8,-0.5999042892953972,0.5705160197057937,0.6486223795464678
GCK,GCK_Gly385Arg,B_7-8,4.762989565362199,0.017574197821893525,0.041389294500390424
KCTD1,KCTD1_Ala30Glu,B_7-8,2.3156238386015326,0.05373973471982695,0.09879008018755485
GCM2,GCM2_Gly203Ser,B_7-8,3.091972100055773,0.03650435157956673,0.07229997535101414
POMT1,POMT1_Ser515Arg,B_7-8,-1.105332324690641,0.3113564101649565,0.39938935084960847
SDC3,SDC3_Val136Ile,B_7-8,3.3314077236430135,0.01577909120412431,0.038442175224744725
GFAP,GFAP_Glu207Lys,B_15-16,3.5078217360875152,0.009888331448823923,0.027019618121965225
EMD,EMD_Asp72Val,B_7-8,-1.713010550082671,0.18522801069545738,0.2652065220602126
DCX,DCX_Thr203Arg,B_7-8,2.452306279246002,0.04395835426175361,0.08412871406808556
IL2RG,IL2RG_Arg285Gln,B_7-8,0.2692733669982634,0.7954838003478025,0.8385066548919994
KCTD1,KCTD1_His33Pro,B_7-8,1.976958404049458,0.08857805836182597,0.14906087354280848
DES,DES_Tyr331Asn,B_7-8,-0.9596290908092282,0.3742995834541779,0.46604446179757486
DCX,DCX_Lys50Asn,B_7-8,1.1745341621197936,0.2930690293703971,0.38156908391101463
DES,DES_Asn342Asp,B_7-8,-1.5161290322580645,0.189926989671972,0.27071682856228846
APOA1,APOA1_Arg197Cys,B_15-16,9.760219832244827,0.0006173266846626049,0.003302784223264917
PYGL,PYGL_Thr586Met,B_7-8,-2.0721934287569113,0.08363322489823241,0.14224350806377908
MVK,MVK_Leu41Pro,B_7-8,-0.580769126709319,0.5825368693588792,0.6599320406141513
GFAP,GFAP_Arg79Ser,B_15-16,-0.8818582235662402,0.40711356826039713,0.49973452145074454
GCK,GCK_Arg377His,B_7-8,4.463238968736741,0.020946807553891982,0.04684824640273265
CUL3,CUL3_Lys459Arg,B_15-16,-0.3910350377611268,0.7074004543445305,0.7681267014201553
NT5C3A,NT5C3A_Gly275Arg,B_15-16,-1.9697388740313049,0.08952564242399018,0.1503904811168173
PMP22,PMP22_Arg157Trp,B_7-8,0.810462282254141,0.448618304110326,0.5379480216215898
DES,DES_Ala397Thr,B_7-8,0.8734268183045724,0.41601404106116663,0.50840003931965
DCX,DCX_Arg102Cys,B_7-8,5.275853520244242,0.0011532460877933894,0.005295751744444094
AGXT,AGXT_Pro11Leu,B_7-8,-1.3049612264903971,0.23316424472782096,0.3156227550886875
RP2,RP2_Arg282Trp,B_7-8,-0.6963243956530519,0.512283949750431,0.5942193878723715
AGXT,AGXT_Ser187Phe,B_7-8,-2.1091882379095477,0.07946191920651298,0.13599665383910375
SFTPB,SFTPB_Ala280Thr,B_7-8,2.3961304182146494,0.06191633790902039,0.11056456358802741
GFAP,GFAP_Arg239Pro,B_15-16,1.1081617173696656,0.30440966323989144,0.3915489629481233
PNPO,PNPO_Arg116Gln,B_7-8,-2.8153602323412446,0.03731187912395698,0.07346978260490498
ALAS2,ALAS2_Gly254Ser,B_7-8,-0.5608277588560456,0.6140754769279635,0.6879085987873373
GFAP,GFAP_Lys279Glu,B_15-16,-2.164273294780919,0.06718269669094776,0.11804871267682633
MVK,MVK_Arg106His,B_7-8,1.6495688051162365,0.15012490314098031,0.22584813224281203
PYGL,PYGL_Asp634His,B_7-8,-1.7129389463846318,0.14739758354016155,0.22336623769123198
AGXT,AGXT_Ala186Val,B_7-8,-2.9286126661822185,0.022067801734436412,0.04859389462366021
MVK,MVK_Ile119Met,B_7-8,-1.4570504063598197,0.19536472846022682,0.2765654304570166
KRT8,KRT8_Gly434Ser,B_7-8,-2.8285061284738284,0.03001662905240647,0.06246141032836109
IRAK4,IRAK4_Ala428Thr,B_7-8,5.01962896640939,0.0015310912217215088,0.006484222247201955
HPRT1,HPRT1_Met143Lys,B_7-8,-0.7966174433731525,0.45184075913120036,0.5403981527492754
NT5C3A,NT5C3A_Asp132Val,B_15-16,2.0523656175236207,0.07925318527722482,0.13576106177533578
PHYH,PHYH_Gly204Ser,B_15-16,-0.31640049777752755,0.760924876772656,0.8096749385157509
KCTD1,KCTD1_His33Gln,B_7-8,1.5400885256381909,0.17446753860404976,0.2535713759521961
KRT8,KRT8_Ile63Val,B_7-8,-3.7478310561932684,0.019984663259338297,0.04533338102771514
MLH1,MLH1_Cys680Arg,B_11-12,2.960290486332099,0.03615945488222715,0.07186738691472826
KRT6A,KRT6A_Leu468Pro,B_7-8,-1.088095214869225,0.3183174055181514,0.4064079174730409
MLH1,MLH1_Gly147Arg,B_11-12,-4.881361726782016,0.003130631719335639,0.011133375485252455
DCX,DCX_Arg186His,B_7-8,3.6010330692318058,0.011352419630740547,0.029866558532664525
THAP1,THAP1_Lys24Glu,B_7-8,1.7276117909877928,0.14463597822566143,0.2204746356033626
DES,DES_Pro433Thr,B_7-8,0.3641508281359701,0.73063787165185,0.7859046535825599
DES,DES_Leu345Pro,B_7-8,0.18357321576630903,0.8615605595531775,0.8909478444756735
FGD4,FGD4_Arg194His,B_7-8,-0.4964522660332161,0.6347834092244535,0.706136465706876
PNPO,PNPO_Arg95His,B_7-8,-3.300656364392516,0.01639445745392115,0.03928910130111593
GALE,GALE_Arg239Trp,B_7-8,1.6366027362742306,0.1457263777809613,0.22142989782150843
SMAD3,SMAD3_Gln316Pro,B_15-16,-2.614826717155882,0.034669051113472384,0.06970303960708658
IER3IP1,IER3IP1_Leu78Pro,B_7-8,0.6544613452323619,0.5337194391508093,0.6129910575935332
GFAP,GFAP_Glu371Val,B_15-16,-0.18990433174008153,0.8547736515913534,0.8848876284766857
DES,DES_Val56Leu,B_7-8,-1.7503778347027323,0.1783574281808817,0.2578824283311764
GFAP,GFAP_Asn77Ser,B_15-16,0.602115775755446,0.566081412549674,0.644731960626045
AGXT,AGXT_Ser221Pro,B_7-8,-1.3757279735161365,0.21130958531284005,0.2933149040316312
NT5C3A,NT5C3A_Gly202Arg,B_15-16,-0.9245292635559598,0.38597267577385513,0.4771571590472901
DES,DES_Ser424Phe,B_7-8,0.10369691170729708,0.9214407947616203,0.941654316744085
HPRT1,HPRT1_Ile132Met,B_7-8,-0.8760142266321899,0.4100738553936838,0.5030449992305306
TPK1,TPK1_Asn50His,B_7-8,2.973710934217195,0.020698545446724354,0.04640166878314967
STAR,STAR_Val187Met,B_7-8,5.003447087620763,0.01536338488453455,0.037765849587465886
DCX,DCX_Arg89Gly,B_7-8,5.261463943179778,0.0011714711892482587,0.005340119263637647
TH,TH_Glu27Asp,B_7-8,1.7673778966898954,0.12758610808626697,0.19941854864547456
MVK,MVK_Cys101Tyr,B_7-8,2.3033948515040046,0.06081680740371664,0.10907051844234626
PLP1,PLP1_Trp128Arg,B_7-8,2.1757385656383215,0.07248599802252874,0.12586205111184534
KCTD1,KCTD1_His74Pro,B_7-8,2.38113342512119,0.048800722244499474,0.09156127650981728
TH,TH_Pro2Leu,B_7-8,1.462558987836403,0.21741083148116663,0.30003951454409555
AP2S1,AP2S1_Arg15Cys,B_15-16,0.4571864702465914,0.661387505899413,0.7314708374452107
TMEM43,TMEM43_Glu85Lys,B_15-16,-13.597793938724031,9.819113902807576e-6,0.00022326794707574368
SMAD3,SMAD3_Arg385Gly,B_15-16,0.5327285922433171,0.6107074037701461,0.6849390142107922
GALE,GALE_Asp103Gly,B_7-8,-8.19782294729941,0.0012063073679603913,0.005437096745134649
TTPA,TTPA_Ala120Thr,B_7-8,1.6254241793867499,0.1551974652328554,0.23122243260121203
APOA1,APOA1_Leu114Pro,B_15-16,11.261270721570195,9.728127998751783e-6,0.00022326794707574368
LIG4,LIG4_Thr9Ile,B_7-8,1.068741134003076,0.3206498828229803,0.4088393031988601
DES,DES_Ser46Tyr,B_7-8,0.6794433572054654,0.5221908864727175,0.6022853823447406
PMP22,PMP22_Leu16Pro,B_7-8,2.8798992072908893,0.02806143449889629,0.05896297017919902
SMAD3,SMAD3_Met255Arg,B_15-16,-6.610829237427121,0.0005765908008770303,0.0031022209286623316
TH,TH_Leu205Pro,B_7-8,0.9747428380896954,0.3673322419030473,0.4597068625044301
MVK,MVK_Val250Ile,B_7-8,3.200225287914478,0.018594773667486436,0.04289374118949166
DES,DES_Arg127Pro,B_7-8,-1.2911737219185722,0.2662083468037565,0.352850758081315
POMT1,POMT1_Ala647Thr,B_7-8,-1.243076568452781,0.26021072351623276,0.34586115651774846
NMNAT1,NMNAT1_Ser255Asn,B_7-8,-2.6807337085061436,0.03650044845309651,0.07229997535101414
FBP1,FBP1_Pro284Arg,B_7-8,-3.630418150840422,0.008393180172068566,0.023749591301705127
DCX,DCX_Pro191Arg,B_7-8,-0.6689361318589961,0.5284198482620597,0.6083676372396226
WRAP53,WRAP53_Arg68Gly,B_7-8,-1.6358470484842618,0.16279875937054772,0.2395574964543499
SFTPC,SFTPC_Leu194Pro,B_7-8,-1.2557078627493705,0.2559066302307894,0.34108978628109404
SFTPC,SFTPC_Leu188Gln,B_7-8,-3.2688936557097956,0.017057825342994496,0.04057340772742153
SH3BP2,SH3BP2_Pro418Arg,B_7-8,0.7750117182411813,0.4677668958664164,0.5540720322340337
SUOX,SUOX_Gly530Asp,B_7-8,-7.862749033071669,0.004285673745783497,0.014310553941339997
PLP1,PLP1_Gly186Cys,B_7-8,-0.27908609396766687,0.7913542438090195,0.8350754727487444
SNIP1,SNIP1_Ala174Val,B_7-8,0.9963025829177942,0.3754912961495076,0.4668913117514265
DES,DES_Ala213Val,B_7-8,-1.6659599252612116,0.146772484001518,0.2226651663565523
FBP1,FBP1_Gly260Arg,B_7-8,-4.254259447448213,0.008058930801087726,0.023111948693810145
NMNAT1,NMNAT1_Leu153Val,B_7-8,-0.06228343873617609,0.952360103879343,0.9619765462902784
DES,DES_Leu136Pro,B_7-8,-0.18547341085754296,0.8601469817836266,0.8899678955616072
DCX,DCX_Thr203Ala,B_7-8,2.424475713960376,0.051548275893801676,0.09549680597202832
GSS,GSS_Pro314Leu,B_7-8,-2.545790263326417,0.051529303803173554,0.09549680597202832
MVK,MVK_His20Gln,B_7-8,0.9650655955250064,0.3717815498182178,0.4637292666101161
KLHL3,KLHL3_Met78Val,B_7-8,3.9423463135361607,0.0055865171988150894,0.017349996503637107
DES,DES_Ser298Leu,B_7-8,0.22748088667772784,0.8312040011757516,0.8656486598940488
DES,DES_Ala237Thr,B_7-8,-0.5897375314913874,0.5870680848191814,0.6634911491151695
HPRT1,HPRT1_Thr168Ile,B_7-8,-4.029029850692735,0.015746204471928933,0.038442175224744725
DES,DES_Arg355Pro,B_7-8,-1.8383353133829674,0.1156446369995083,0.18422123158387063
DES,DES_Glu413Lys,B_7-8,0.5630462919917797,0.5977140168166843,0.6731331203536952
MLH1,MLH1_Pro640Ser,B_11-12,2.8885448473651314,0.03002071972850025,0.06246141032836109
TH,TH_Arg133His,B_7-8,-0.33635557876328814,0.7480546133046534,0.7990963710357316
PLP1,PLP1_Cys193Tyr,B_7-8,-2.550585641673705,0.06326611186766325,0.11199098578983949
PYGL,PYGL_Val456Met,B_7-8,-1.4497648712181508,0.20681050967619768,0.28832706093542887
GFAP,GFAP_Leu90Pro,B_15-16,0.6450381398787114,0.5394598959642993,0.6192117796224831
SFTPA2,SFTPA2_Gly231Val,B_15-16,-4.916843443272604,0.0017198066617549843,0.007064152094520473
DIABLO,DIABLO_Ile59Val,B_7-8,-1.9098382168101278,0.15215021311874846,0.2273919460538416
ALAS2,ALAS2_Cys358Tyr,B_7-8,-0.06950480468569159,0.9489614283126149,0.9600192415662576
MVK,MVK_Pro200Ser,B_7-8,1.2029342935602756,0.27431099294547645,0.3610847667304342
KCTD7,KCTD7_Asp115Tyr,B_7-8,-1.338949681766492,0.2224323899825018,0.3043848849467673
HPRT1,HPRT1_Asp194Glu,B_7-8,-1.7648722027773964,0.12093882250591405,0.19147401878648876
GALE,GALE_Lys257Arg,B_7-8,-0.5210813489145409,0.6209747316033636,0.6936033551827043
AGXT,AGXT_Ala280Val,B_7-8,-0.7297943079980777,0.49301177301517873,0.5780555472430886
FBP1,FBP1_Asn213Lys,B_7-8,-0.4051552500348869,0.697459498926623,0.7599244968339132
GYG1,GYG1_Ala16Thr,B_7-8,0.46758661170577587,0.6542875728359084,0.7257196655729298
HPRT1,HPRT1_Asp80Val,B_7-8,0.4086460531925218,0.6950115864198108,0.7576895719531042
KRT6A,KRT6A_Asn171Thr,B_7-8,-1.9383314929042983,0.11030637849928432,0.1779435666669198
BAG3,BAG3_Arg258Trp,B_15-16,2.729378516780091,0.02936503190346213,0.06143177539497554
AGXT,AGXT_Ala295Thr,B_7-8,-0.2537636482578714,0.8069703666616075,0.8464104340053104
HPRT1,HPRT1_Gly140Asp,B_7-8,-1.2627931516071806,0.2471007161515184,0.3314342470852529
LITAF,LITAF_Gly112Ser,B_15-16,2.3008168845221455,0.054924940485426565,0.10038912567192798
KLHL3,KLHL3_Glu85Ala,B_7-8,3.434851336992985,0.010913131968237651,0.0289501139712971
STAR,STAR_Arg182Leu,B_7-8,11.886087235395921,0.001280550825604212,0.0056616946224630664
PLP1,PLP1_Gly74Arg,B_7-8,-3.0183580514664223,0.03922649801159243,0.07637371172491492
GFAP,GFAP_Pro47Leu,B_15-16,1.3385918962767767,0.22254307390633263,0.3043848849467673
MLH1,MLH1_Ile36Met,B_11-12,1.213246402440362,0.2726863206798536,0.3594415959272052
PLP1,PLP1_Thr43Ile,B_7-8,-0.8244372480433396,0.44722186327933716,0.5379480216215898
LITAF,LITAF_Ser118Pro,B_15-16,-4.761101686604823,0.002056832159782133,0.00808343503124254
PLP1,PLP1_Thr121Ile,B_7-8,-1.0897756785605663,0.3176331388485335,0.40603892668495056
KRT2,KRT2_Glu488Lys,B_7-8,-2.9083570327905788,0.027038244789788994,0.057064140937565726
MLH1,MLH1_Ser295Thr,B_11-12,-5.508977801594286,0.007106063778041287,0.020977715326211527
HPRT1,HPRT1_Asp194Asn,B_7-8,-2.2102064193912323,0.06277811252292047,0.11144257887233627
PMP22,PMP22_Cys109Arg,B_7-8,1.4862326071300347,0.1877683067257142,0.26826963160167505
DES,DES_Tyr122Asp,B_7-8,-2.8642422200550066,0.0352311026071162,0.07067660027939895
LITAF,LITAF_Ser15Leu,B_15-16,5.671832770763355,0.0007571151989367121,0.0038459841222582983
AGXT,AGXT_Glu274Asp,B_7-8,-0.22820421056087306,0.8341574306900164,0.8675281603921643
SFTPC,SFTPC_Arg167Gln,B_7-8,-2.7016052906347334,0.03550011670524191,0.07092596538390382
MYOZ2,MYOZ2_Ser48Pro,B_7-8,0.6367117527321438,0.5478196120204102,0.6272994358267286
PYGL,PYGL_Thr59Met,B_7-8,0.7214731966721494,0.4977568631001066,0.5816908968858999
FXN,FXN_Gly130Val,B_7-8,-1.1677484162422846,0.2955586447345284,0.3832430491805494
PDGFRB,PDGFRB_Pro660Thr,B_7-8,-2.04853035133062,0.09582199453046765,0.1590095652069446
TH,TH_Ala226Thr,B_7-8,-1.6921789981439066,0.15139559080811088,0.22697455136851788
PUF60,PUF60_His152Tyr,B_7-8,1.7168792673349664,0.22813881900551278,0.309698041436055
AGXT,AGXT_Gly161Ser,B_7-8,-1.4002285246957424,0.20417549306737212,0.2854869632201177
HPRT1,HPRT1_Phe199Val,B_7-8,-7.613638397561765,0.004702832056703272,0.015096486097988653
SIX1,SIX1_Tyr129Cys,B_7-8,1.6192220018452,0.2038361743499388,0.28522131355925506
CTNNA3,CTNNA3_Val94Asp,B_15-16,0.8286182388535513,0.4346601957037892,0.5274466161335689
MLH1,MLH1_Gln701His,B_11-12,2.2962860370179023,0.07323709473336355,0.12682035443402032
PMP22,PMP22_Ala135Thr,B_7-8,1.660896936169992,0.14780022856678512,0.22351420155388724
GATA2,GATA2_Pro41Ala,B_7-8,0.3726603001839369,0.7204286315574644,0.777851151088048
THAP1,THAP1_Val193Ile,B_7-8,-0.35345791324667947,0.7415873634922885,0.7944093461975721
AGXT,AGXT_Arg301Cys,B_7-8,-1.938306151803061,0.09376859338960537,0.15618449684165328
SH3BP2,SH3BP2_Pro418His,B_7-8,1.0825061496894879,0.3284478687765013,0.41794498958235676
GFAP,GFAP_Glu210Lys,B_15-16,-0.5011658970741384,0.6316272307816764,0.7034449042524793
SMAD3,SMAD3_Trp232Cys,B_15-16,-8.604777403381942,0.000057072976575916114,0.0006193715071590896
TH,TH_Val136Met,B_7-8,1.9101262528501846,0.10468959073278017,0.1704664265128816
COMP,COMP_Ser681Cys,B_7-8,-16.169945666487035,0.003802770229342736,0.012924005583709298
HPRT1,HPRT1_Asp201Gly,B_7-8,-1.7636328196095692,0.12115791616579123,0.19147401878648876
TH,TH_Arg306His,B_7-8,0.3175377478182183,0.7615954977388906,0.8099373055018269
COMP,COMP_Cys348Arg,B_7-8,-3.532829751438318,0.03856100316353881,0.07530829861181915
DCX,DCX_Arg196Cys,B_7-8,4.621657951668667,0.0024213993702781457,0.009140064816662566
AGXT,AGXT_Ser218Leu,B_7-8,0.561600194878897,0.5919060822164763,0.6685633453775693
TMEM43,TMEM43_Arg28Trp,B_15-16,-13.068306348978123,0.00001237673864806233,0.00025480056854745544
ALAS2,ALAS2_Asp153Val,B_7-8,-1.7070343018992538,0.18635459961215084,0.26661968933274016
MVK,MVK_Asp386Asn,B_7-8,2.5995672600776927,0.0406858990080481,0.07873425228067467
DCX,DCX_Ala71Ser,B_7-8,2.9576168842851,0.021176573127721702,0.04708644315942777
CDKN1A,CDKN1A_Arg84Gln,B_15-16,-5.664253455952892,0.0013019067116299345,0.005729589445191647
GMPPB,GMPPB_Pro32Leu,B_7-8,-0.7507795636889057,0.4811818724631499,0.5662707186719755
TH,TH_Val468Met,B_7-8,-0.8946450601034721,0.4054332005420779,0.4983123636006234
LITAF,LITAF_Ala129Val,B_15-16,1.627831307591165,0.14758544082007055,0.22336623769123198
EMD,EMD_Pro183Thr,B_7-8,3.1843366656181322,0.04992749901990296,0.09314780162569
FBP1,FBP1_Phe194Ser,B_7-8,-4.374858083000476,0.004694261050594037,0.015096486097988653
DES,DES_Arg37Trp,B_7-8,1.5387506142886784,0.17478696980251116,0.25365433325446285
PMP22,PMP22_Arg157Gly,B_7-8,3.037681899141542,0.02287090261291949,0.0499239131322014
CDKN1A,CDKN1A_Ser31Arg,B_15-16,-1.951863741646784,0.09191486441456846,0.15359351796310217
GLYCTK,GLYCTK_Phe493Cys,B_7-8,10.457055034760026,0.0018669234198676883,0.007506997330415335
ALAS2,ALAS2_Phe128Leu,B_7-8,0.05195892634569444,0.9618276197052229,0.9699528794281814
DCX,DCX_Ser129Leu,B_7-8,-7.538492007847747,0.004839134801910486,0.015481989064738742
UBQLN2,UBQLN2_Pro525Ser,B_7-8,2.120584303367721,0.07165964328779754,0.12465384214908316
LITAF,LITAF_Asn30Tyr,B_15-16,2.807651247691414,0.026234273282023154,0.055861161615010285
DES,DES_Thr445Ala,B_7-8,-3.345179823198169,0.028697143616057023,0.06016634940358827
NCF2,NCF2_Asn448Asp,B_7-8,1.9360336338767798,0.11063159667344669,0.1781683662695935
DIABLO,DIABLO_Ser126Leu,B_7-8,-1.936869611175766,0.14816527924871614,0.22388899000399354
ALAS2,ALAS2_Asp122Asn,B_7-8,-6.966892750017265,0.006067987426519381,0.018603300135878038
TH,TH_Gln381Lys,B_7-8,-0.8118485755489554,0.4537780607691476,0.5416975600431699
POMT1,POMT1_Thr392Met,B_7-8,1.384695758221824,0.21543845687128904,0.29817931349576965
TMEM43,TMEM43_Tyr371His,B_15-16,-1.892049657019767,0.10037248540292343,0.16541108465882978
RP2,RP2_Arg118His,B_7-8,-1.3589795170973735,0.22301479022073398,0.30447337335353963
TH,TH_Gln39Glu,B_7-8,-5.7937417648487886,0.010229924714018282,0.027636713159511907
AGXT,AGXT_Ile279Thr,B_7-8,-1.7121985069289054,0.14753834017229125,0.22336623769123198
TH,TH_Thr7Pro,B_7-8,-0.8677618911520972,0.4252048402144023,0.5176171095025548
AGXT,AGXT_Gly156Arg,B_7-8,-6.381627116885964,0.00779038296812458,0.02259498253679122
AGXT,AGXT_Asn22Ser,B_7-8,-0.11440360668710005,0.9121301690423005,0.9341386717805865
EIF2B4,EIF2B4_Arg306Gly,B_7-8,-0.7878660290915689,0.4664657801149744,0.5533848695773921
ALAS2,ALAS2_Arg374Cys,B_7-8,0.2810913475705226,0.7969124956548266,0.8395492921680744
AIPL1,AIPL1_Arg302Leu,B_7-8,-0.8394368335242169,0.43339077201359616,0.5265753018740259
AGXT,AGXT_Gly41Glu,B_7-8,-0.3308704281239826,0.7504259886412553,0.8007338761479316
NEXN,NEXN_Arg171Cys,B_7-8,3.1463038356279194,0.01990789375583609,0.04526675842100825
GCK,GCK_Arg303Trp,B_7-8,7.216216216216216,0.005486614190920422,0.017151281677018012
FBP1,FBP1_Met289Leu,B_7-8,-1.1916330230562582,0.2722348667819067,0.35909433394574714
PLP1,PLP1_Thr147Pro,B_7-8,-0.7058461467835201,0.5067509741234404,0.5894606337245866
TAT,TAT_Arg119Trp,B_7-8,-3.6097970417543794,0.008626510064041878,0.024266029782503664
LITAF,LITAF_Pro34Thr,B_15-16,3.0209001547102066,0.019361689299216767,0.04439474977371431
FOXP3,FOXP3_Pro187Leu,B_15-16,-4.467356722023371,0.0029101734485915643,0.010527331982594484
COMP,COMP_Asp605Asn,B_7-8,-0.7173305422161504,0.5128294513470152,0.5943593762577664
KRT2,KRT2_Glu476Val,B_7-8,-10.152967575184636,0.0001589374414268726,0.0012596286851673305
NR0B1,NR0B1_Tyr380Asp,B_15-16,1.166968310258347,0.28143413041548543,0.36868257139477173
SMAD3,SMAD3_Ser423Arg,B_15-16,1.6131488216432766,0.15074696978275082,0.22653557221483403
MLH1,MLH1_Ser508Arg,B_11-12,13.978417304860892,0.0000832838097034532,0.0008115922272122225
BAG3,BAG3_Leu462Pro,B_15-16,12.862152736149255,3.9862282440461315e-6,0.00013357361308996685
GFAP,GFAP_Tyr366Cys,B_15-16,0.25465226319010015,0.8063108417668634,0.8461833559201698
AIPL1,AIPL1_Thr114Ile,B_7-8,2.974152641424134,0.020685588019864417,0.04640166878314967
TH,TH_Thr368Met,B_7-8,-31.902614395244182,0.0009810879984702803,0.004768137600707978
APOA1,APOA1_Val180Glu,B_15-16,8.434661744647073,0.001082035961142358,0.005053412638269026
MVK,MVK_His20Pro,B_7-8,0.9732293792511769,0.3751372851395143,0.4667832017045422
PSAP,PSAP_Met76Lys,B_7-8,0.8149304296010075,0.44624521429036246,0.5379480216215898
TH,TH_Pro121Leu,B_7-8,-2.4133545624166026,0.09473149550788156,0.1576107634321026
AGXT,AGXT_Ala248Ser,B_7-8,-0.3332991636980899,0.7608437318378843,0.8096749385157509
LITAF,LITAF_Ala111Gly,B_15-16,1.5777753572891533,0.1586244598779815,0.23504477763145434
KRT4,KRT4_Glu449Lys,B_7-8,0.5335428764098861,0.6101726993951206,0.6848406332397136
KCTD1,KCTD1_Gly62Asp,B_7-8,1.1885934163489962,0.27335479857460127,0.3600742519155093
PYGL,PYGL_Asp629Tyr,B_7-8,-1.7127752151356586,0.1375908406942753,0.21145386178969136
POLR1C,POLR1C_Arg279Trp,B_7-8,-1.7837498431526742,0.12472751099995734,0.19591245560026196
AGXT,AGXT_Met195Leu,B_7-8,-2.927621801454708,0.02636850143509696,0.05595981971226133
DES,DES_Arg212Gln,B_7-8,-4.58790730766391,0.010122802958216645,0.027468798763494402
AGXT,AGXT_Pro319Leu,B_7-8,-2.470719277441793,0.09000698519077265,0.15106620537291368
SMAD3,SMAD3_Val410Phe,B_15-16,-2.215664893573161,0.06227439914219918,0.11095531936716459
GLYCTK,GLYCTK_His490Tyr,B_7-8,-1.7341152311950354,0.22503443126421827,0.30635478525634846
SFTPC,SFTPC_Ala116Asp,B_7-8,-1.2955341593171297,0.2427431894998113,0.3269672016534835
GFAP,GFAP_Arg79Cys,B_15-16,1.4060838453425686,0.2025025619103891,0.2848158271346415
KCTD1,KCTD1_Val248Ile,B_7-8,2.6037431100190918,0.035232675851661094,0.07067660027939895
PNKP,PNKP_Glu326Lys,B_15-16,-4.147863331311847,0.004306586193532413,0.014330278100430154
PLP1,PLP1_Leu189Pro,B_7-8,-1.9579359318679646,0.12184270042162369,0.19217139372857248
PNPO,PNPO_Arg95Cys,B_7-8,-2.761608163935253,0.03278420719430722,0.06725868500658087
FKBP6,FKBP6_Arg202His,B_15-16,21.198800947290326,1.3083044348742234e-7,0.000017849010504355474
HPRT1,HPRT1_Phe74Leu,B_7-8,-1.7713628288495669,0.11979760532728448,0.18988666072623517
ALAS2,ALAS2_Ala135Thr,B_7-8,0.46275313735817614,0.6750416417101974,0.7422737683744831
PYGL,PYGL_Leu739Met,B_7-8,-1.4986798374371693,0.18461252245791457,0.2645235693132909
RP2,RP2_Leu253Arg,B_7-8,-6.62744101759334,0.0011777976544242003,0.00535617504750053
MVK,MVK_Pro165Leu,B_7-8,1.4859588141755817,0.18783828409349979,0.26826963160167505
COMP,COMP_Thr585Arg,B_7-8,-2.9086459133911786,0.06206479525216109,0.11068511571580548
KRT6A,KRT6A_Ser176Pro,B_7-8,-3.454460025660637,0.025948579446990697,0.05537629803771199
TH,TH_Arg89Arg,B_7-8,0.5888060754880526,0.5774697708088052,0.656137574208696
NT5C3A,NT5C3A_Cys108Arg,B_15-16,-2.5229825460026913,0.03963735544814745,0.07701663164390807
DIABLO,DIABLO_Gly224Arg,B_7-8,-1.7973807282663197,0.17012564654431792,0.24842506490798716
TH,TH_Thr245Pro,B_7-8,-25.054007597653847,0.0015893124483298382,0.006656988544539453
HBD,HBD_Val99Met,B_7-8,-4.954880405966184,0.01577940595612558,0.038442175224744725
SIX1,SIX1_Val106Gly,B_7-8,-2.9602420805325114,0.059532406842309434,0.10706864130773165
COMP,COMP_Asp271His,B_7-8,-2.459477382708509,0.06973060433470316,0.1218531146196551
MID1,MID1_Leu295Pro,B_7-8,-4.943666024684202,0.01587754722361081,0.038582843762209475
LITAF,LITAF_Ile92Val,B_15-16,-6.379654154375062,0.0003744690884580047,0.0022281494048435792
FOXP3,FOXP3_Leu242Pro,B_15-16,-2.7270833586918006,0.029462536943896656,0.06156832118472934
GSS,GSS_Arg283Cys,B_7-8,-2.5001690812128836,0.04651759032427951,0.08823098065479032
GMPPB,GMPPB_Pro22Ser,B_7-8,-5.135325157367588,0.014303563475901643,0.03580577488725051
TH,TH_Asp267His,B_7-8,2.7421026713323515,0.03364182428560032,0.0682831826274641
POMT1,POMT1_Ala200Pro,B_7-8,-2.824313046750751,0.036920787952894434,0.07277472135193847
STAR,STAR_Arg182His,B_7-8,0.41576092031014994,0.717948717948718,0.7764904027644685
TMEM43,TMEM43_Arg220Cys,B_15-16,-5.114964270701266,0.001376420511415188,0.0059613677478526274
DES,DES_Glu245Asp,B_7-8,-6.227710814940649,0.024827389357610606,0.05346145848143885
MVK,MVK_Thr243IIe,B_11-12,0.35654372110740784,0.735218066839411,0.788923624440319
MVK,MVK_Asn301Thr,B_11-12,-1.2333145110109436,0.2671720617476461,0.35380940264283617
CFP,CFP_Tyr414Asp,B_15-16,2.987198395573705,0.02030674142104034,0.04565195917106759
CDKN1A,CDKN1A_Arg67Leu,B_15-16,-2.0080660272332036,0.0846067794697647,0.14338859697182837
NR0B1,NR0B1_Asn440Ile,B_15-16,-3.2576129554658255,0.013910176635705743,0.035032371242416975
LITAF,LITAF_Phe136Leu,B_15-16,1.6572231862946003,0.1414419739623293,0.2164696877147828
LITAF,LITAF_Pro39Ser,B_15-16,1.714485014223526,0.1301575949289161,0.20277406714048102
GFAP,GFAP_Leu352Pro,B_15-16,-0.34846343008897124,0.7377372901285819,0.7909421701731469
APOA1,APOA1_Ala188Ser,B_15-16,11.72794201782346,7.4151236159767266e-6,0.00018802063022898137
CTH,CTH_Thr67Ile,B_15-16,2.0687059418227256,0.07736440760268969,0.13300271694071764
LITAF,LITAF_Pro135Ser,B_15-16,-5.22826758660464,0.0012147510324238629,0.005459234051599007
LITAF,LITAF_Pro135Arg,B_15-16,2.6633708415624735,0.0323087730878085,0.06640507665564321
LITAF,LITAF_Pro84Leu,B_15-16,1.3262248766655964,0.2263986615950635,0.3079924812297516
NR0B1,NR0B1_Arg425Ile,B_15-16,0.25188761123065967,0.8083633030903852,0.8474060970925553
LITAF,LITAF_Trp116Gly,B_15-16,0.9282762239775726,0.38415609302232573,0.47552698488181605
BAG3,BAG3_Arg218Trp,B_15-16,3.0623901535053406,0.01826191501497289,0.04239112180515753
BAG3,BAG3_Arg477His,B_15-16,4.362827008836926,0.012035453922377305,0.03119093214618813
PHYH,PHYH_Gln176Lys,B_15-16,1.0895334882131429,0.31199913092641357,0.3999451946774832
FOXP3,FOXP3_Gly52Val,B_15-16,-0.2859307959501351,0.7832076011433657,0.8279032453594403
CLDN19,CLDN19_Arg200Gln,B_15-16,-2.8767116411631983,0.023762962425675483,0.051576429810272925
CCBE1,CCBE1_Gly136Arg,B_15-16,6.440563496065129,0.0003534099533398642,0.0021399848055050066
BRCA1,BRCA1_Met548Ile,B_13-14,0.2873204807817469,0.7821863607221871,0.8277977908320524
BRAF,BRAF_Gly464Val,B_13-14,-4.383115862384623,0.003222238147491784,0.011313527689424266
SHOC2,SHOC2_Met173Val,B_13-14,-0.3926407601204963,0.7062668529828494,0.7677687474087891
SHOC2,SHOC2_Leu174Phe,B_13-14,1.1759562196714102,0.2780523239715201,0.3647527052098924
BCL10,BCL10_Ala5Ser,B_13-14,-2.0041407511215463,0.11556895061623532,0.18422123158387063
F9,F9_Cys170Tyr,B_13-14,-5.196104915678863,0.0012583859585505689,0.005590344638434028
SHOC2,SHOC2_Ile112Thr,B_13-14,-1.6941158363159368,0.13407053946967112,0.2075159889684537
RAD51D,RAD51D_Arg55Trp,B_13-14,1.021432754244928,0.341046466783239,0.4322486738924927
ZC4H2,ZC4H2_Leu66His,B_13-14,-6.503081082564646,0.0003331667654269905,0.0020753738761177943
BAP1,BAP1_Thr93Ala,B_13-14,-0.6567658065858207,0.5323213743048774,0.6121215080808644
F9,F9_Arg3His,B_13-14,-0.6646270003672425,0.5275693100249713,0.6081215341869012
BRCA1,BRCA1_Cys39Arg,B_13-14,0.8472010433103342,0.4248979667525149,0.5175734161334844
BAP1,BAP1_Pro12Thr,B_13-14,1.2327266947006599,0.2574688649083334,0.3426937505051684
BRAF,BRAF_Phe468Ser,B_13-14,-5.287701209677223,0.0011384771237647243,0.005252394459880733
F9,F9_Arg384Pro,B_13-14,-3.6845709938138382,0.007812380013432871,0.022608554281298158
SHOC2,SHOC2_Ser57Phe,B_13-14,-1.2094902213471577,0.26573292360703604,0.3524651972843325
BRCA1,BRCA1_Glu455Lys,B_13-14,-0.7002018322598149,0.5063990015883388,0.5894101724763725
ABCD1,ABCD1_Arg389Gly,B_13-14,7.214936905963234,0.00017516911910830517,0.0013329602290711668
F9,F9_Val257Ile,B_13-14,-1.8257507063326923,0.11063229444803031,0.1781683662695935
RET,RET_Gly321Arg,B_13-14,1.6968224836440589,0.13354425044658957,0.2070369467150861
BAP1,BAP1_Cys91Gly,B_13-14,1.5164097053786887,0.17319848524644227,0.25214108751578107
RET,RET_Arg67His,B_13-14,0.8659334758591015,0.4152170581728022,0.5080490590070802
SHOC2,SHOC2_Asn527Ser,B_13-14,2.1059774962464166,0.0732220540664537,0.12682035443402032
BRCA1,BRCA1_Leu660Pro,B_13-14,0.7722291595565172,0.4652467741162628,0.5529690968027765
BAP1,BAP1_Glu31Lys,B_13-14,0.06824504354142172,0.9474990528833314,0.959047795976239
RET,RET_Val292Met,B_13-14,-6.302622328210597,0.00040314669841361,0.0023234033885778153
F9,F9_Cys407Arg,B_13-14,-3.15553232850932,0.016027863050384276,0.03870191962861438
F9,F9_Arg191Cys,B_13-14,-2.6399707567644133,0.04597780860921224,0.08745605509707807
SHOC2,SHOC2_Ser2Gly,B_13-14,-3.1962184734631762,0.015145173112769224,0.037277423512099506
CTCF,CTCF_Ala697Thr,B_13-14,-1.1232772209850925,0.298362229751802,0.38609204527502833
ZC4H2,ZC4H2_Arg211Trp,B_13-14,-11.187153169578217,0.00001016631686776567,0.00022672355626272045
BRCA1,BRCA1_Ala102Gly,B_13-14,-1.4050219512461604,0.20280504742642533,0.28503137644184867
F9,F9_Asp110Gly,B_13-14,-4.032269083219418,0.00498144213801118,0.015857590806002256
RAD51D,RAD51D_Ser46Cys,B_13-14,0.7829957094149949,0.4592952894564183,0.5469164606370068
BRCA1,BRCA1_Met1Thr,B_13-14,2.6505609192138624,0.03291488248938516,0.0674543192647271
F9,F9_Trp453Arg,B_13-14,-4.222977072156634,0.0055429861400118005,0.017246641574135933
F9,F9_Cys28Arg,B_13-14,2.152584623455668,0.06835226540196286,0.11999340709351936
BRAF,BRAF_Thr241Arg,B_13-14,-8.877044476380464,0.0000466454663945854,0.0005465818454825651
BRCA1,BRCA1_Val632Ala,B_13-14,2.1490587662768768,0.06870905490576534,0.1205089943709934
F9,F9_Pro197Ser,B_13-14,-3.0775892024267777,0.017875819223215413,0.04184168470139882
BRAF,BRAF_Lys499Asn,B_13-14,-4.944762682826767,0.0016661142958100037,0.006902989815611946
F9,F9_Val195Gly,B_13-14,1.4590067567152354,0.18792919742567601,0.26826963160167505
G6PD,G6PD_Glu398Lys,B_13-14,-2.2270130039444096,0.061240193067420415,0.1097267999613255
FANCC,FANCC_Asp195Val,B_13-14,1.2566203609821562,0.24919974099408038,0.33354695535998147
SHOC2,SHOC2_Gly53Arg,B_13-14,-1.3521828512316285,0.21837236832015264,0.3009316186807298
F9,F9_Ser406Leu,B_13-14,-4.062357799312671,0.006632809747877582,0.01985684422953947
F9,F9_Arg379Gln,B_13-14,-2.6628463076730364,0.03233336193180533,0.06640507665564321
BRCA1,BRCA1_Arg71Gly,B_13-14,-1.183279693007538,0.275321882540562,0.36216583722622137
SHOC2,SHOC2_Gln269Arg,B_13-14,-1.8731767698109718,0.10319517574123058,0.16846391937243624
RAD51D,RAD51D_Val66Met,B_13-14,-0.545546479468292,0.6023201818835449,0.6775215237912666
F9,F9_Val374Phe,B_13-14,-5.504701111376828,0.0009020360212474599,0.00441766359123756
RAD51D,RAD51D_Val56Gly,B_13-14,1.9985217593357885,0.08580618781279473,0.14490700152293362
RAD51D,RAD51D_Met308Val,B_13-14,-1.5191507364824384,0.17252213344359443,0.25153990448646213
BRAF,BRAF_Leu245Phe,B_13-14,-6.838409603080999,0.00024453937326696584,0.0016621715407114047
ABCD1,ABCD1_Arg518Gln,B_13-14,6.2907017796871,0.00040780087036125073,0.002339038025195162
F9,F9_Val227Ile,B_13-14,-2.373689508444221,0.049337789284427086,0.09229694175637192
RET,RET_Leu56Met,B_13-14,2.070499399299519,0.07715984473902697,0.1327705436500374
RET,RET_Thr278Asn,B_13-14,-0.6907675516055969,0.5119595315860082,0.5942193878723715
BRCA1,BRCA1_Gly602Ala,B_13-14,3.458879566726189,0.010563565807662701,0.028179344542787373
BRCA1,BRCA1_His299Tyr,B_13-14,-2.033763125966286,0.08145918034371533,0.1389169950504431
BRCA1,BRCA1_Arg71Lys,B_13-14,0.07187573777971566,0.9447113095236084,0.9577487267463334
BRCA1,BRCA1_Thr581Ile,B_13-14,2.1265294642858166,0.07103329880869202,0.1237795609085437
KRAS,KRAS_Pro34Leu,B_13-14,-1.422648105997645,0.1978359955775831,0.2792806737274085
BRAF,BRAF_Leu485Phe,B_13-14,-3.8216848768826113,0.006527941362460827,0.019678315994699477
RET,RET_Arg330Gln,B_13-14,-1.7958396916116608,0.11558602092288398,0.18422123158387063
ZC4H2,ZC4H2_Ala200Thr,B_13-14,-5.682062973976312,0.0007491281331314925,0.003815559291416402
KRAS,KRAS_Pro34Arg,B_13-14,-1.8765842108443014,0.10267990481406933,0.1680105569212018
RET,RET_Val262Ala,B_13-14,-0.24949633256160386,0.8101398810197044,0.8488026180733051
KRAS,KRAS_Gly12Asp,B_13-14,-1.282954401654033,0.24035037393394657,0.3244305400804508
LMNA,LMNA_Arg335Trp,B_13-14,4.583862108039076,0.0025321301333144763,0.009464517719433758
F9,F9_His303Tyr,B_13-14,-1.5857317182942252,0.15682003259997593,0.2327321385127848
ZC4H2,ZC4H2_Arg213Trp,B_13-14,-6.429607337566906,0.00035709788012483603,0.0021399848055050066
CTCF,CTCF_Arg283His,B_13-14,-2.6016990181009345,0.048150424476688235,0.090608187931502
F9,F9_Ile316Thr,B_13-14,-4.807759772349099,0.002977039338873639,0.010708371256588797
BRCA1,BRCA1_Cys44Tyr,B_13-14,-0.8137193508629426,0.4426010528135844,0.5353818941570274
F9,F9_Ile443Thr,B_13-14,-2.603126825347658,0.035264293228412145,0.07067660027939895
ZC4H2,ZC4H2_Lys217Arg,B_13-14,-4.109348315318837,0.004519611248172494,0.014731156116057104
BRCA1,BRCA1_Arg595Gln,B_13-14,-1.2480440075438437,0.25214139106590744,0.337011936274236
RHO,RHO_Asp190Gly,B_13-14,-2.929431263260496,0.022042111608632748,0.04859389462366021
LMNA,LMNA_Arg41His,B_13-14,4.266345707886469,0.0037173824125443845,0.012747217967611801
BRCA1,BRCA1_Thr616Ala,B_13-14,-6.233928517816243,0.0004308100442908221,0.002442403594540014
KRAS,KRAS_Asp153Val,B_13-14,-0.3822084358919264,0.7136459741761332,0.773588995843595
RAD51D,RAD51D_Glu307Lys,B_13-14,-3.404294044082903,0.011375795993745073,0.029886891813002876
F9,F9_Pro175Ser,B_13-14,0.5239758224501593,0.6164710018454577,0.6901873467320189
CTCF,CTCF_Arg342Gly,B_13-14,6.0220837101592055,0.0005304623673855454,0.0028783611412113402
ZC4H2,ZC4H2_Ala157Thr,B_13-14,-10.081278927908906,0.00002028191414801023,0.0003428181948911464
LMNA,LMNA_Arg349Leu,B_13-14,1.0956468444891008,0.3094917419063528,0.39726426548463295
ZC4H2,ZC4H2_Ala162Thr,B_13-14,-4.370447319580962,0.0032722768210010993,0.011446975692513003
BAP1,BAP1_Cys91Ser,B_13-14,0.5371858858067884,0.607783622798212,0.683264696612469
FH,FH_Gln376Pro,B_13-14,4.964945865150239,0.0025396516076362347,0.009466826085320516
LMNA,LMNA_Leu162Pro,B_13-14,-3.3189154883621836,0.012784044679513561,0.03277520179579987
RPS19,RPS19_Val15Phe,B_13-14,-2.3726616409620696,0.0765985741724703,0.1320426684742042
FH,FH_Ser419Pro,B_13-14,1.6917016548170403,0.14165291060128632,0.2165473906969903
BRCA1,BRCA1_Leu460Pro,B_13-14,1.3818159885120436,0.20951653672145118,0.29167389587315723
G6PD,G6PD_Ile48Thr,B_13-14,-0.2620179732240577,0.8008506093363101,0.8427684098249875
RHO,RHO_Cys110Tyr,B_13-14,-5.373754793745742,0.001037313511567956,0.004990601529206035
BRCA1,BRCA1_Cys64Ser,B_13-14,-0.5198160846601582,0.619220375890755,0.6924536990347435
F9,F9_Asp410His,B_13-14,0.3037471613702286,0.7715783044374144,0.8191854149391115
F9,F9_Ile256Thr,B_13-14,-4.433878016604986,0.004404706723192756,0.014480189055590642
BAP1,BAP1_Thr423Lys,B_13-14,-1.3565825611557805,0.21703700719903737,0.29995707941400973
F9,F9_Glu27Lys,B_13-14,-1.2669475277184368,0.24569658941405892,0.33001440631564877
BRAF,BRAF_Glu501Val,B_13-14,0.06923700484882474,0.9467373185822208,0.9588399323795226
RAD51D,RAD51D_Phe305Leu,B_13-14,0.583403789039403,0.6005843938160091,0.675967113841236
SHOC2,SHOC2_Glu25Gly,B_13-14,-1.292301105093803,0.23727522836829176,0.3205061429868722
BRCA1,BRCA1_Glu143Lys,B_13-14,1.0715681647773336,0.3194625014850119,0.40759744678448406
ABCD1,ABCD1_Arg518Trp,B_13-14,8.231574645280068,0.00007593249847055185,0.0007593249847055185
F9,F9_Tyr161Cys,B_13-14,-3.7117760436139156,0.009948666026274195,0.027145645871691017
BRAF,BRAF_Val600Gly,B_13-14,3.466058469875043,0.010461482848769289,0.02806380932745694
RAD51D,RAD51D_Asn138His,B_13-14,1.6166526065546751,0.14998682499991292,0.22584813224281203
BRCA1,BRCA1_Glu631Lys,B_13-14,1.0983392108185215,0.30839265196900983,0.39611968074028836
BRAF,BRAF_Gly469Glu,B_13-14,1.200036246927843,0.2691587309971123,0.355527784373779
BRCA1,BRCA1_Thr587Arg,B_13-14,-0.4548873787721197,0.6629621326061451,0.7323641835036074
BRCA1,BRCA1_Phe558Ser,B_13-14,1.6111167737238428,0.15118946477997378,0.22684358030616647
KRAS,KRAS_Ile36Met,B_13-14,-3.4018910795778345,0.011413064402871407,0.029902541851144566
BRCA1,BRCA1_Lys502Glu,B_13-14,0.8105603126478718,0.44429777323077857,0.5364151370864647
CTCF,CTCF_His455Gln,B_13-14,3.8257806455949326,0.006493290691325369,0.019623710791821923
RAD51D,RAD51D_Gly289Ser,B_13-14,7.092665294834583,0.00019491549970907673,0.0014485937916122046
BRCA1,BRCA1_His239Arg,B_13-14,1.417428348829569,0.1992960548370097,0.2809265422425746
F9,F9_Arg384Leu,B_13-14,-3.007334038146191,0.019736371292147295,0.045074379164460915
RAD51D,RAD51D_Val132Ile,B_13-14,1.1951833385138684,0.270931637294705,0.3576222717573508
FH,FH_Arg233Leu,B_13-14,1.6531294030768622,0.14939045875507265,0.22522213176659006
F9,F9_Ile136Thr,B_13-14,1.8596057282386111,0.10527238859817044,0.17112362742340897
RHO,RHO_Pro267Thr,B_13-14,-6.437157064447852,0.0003545519851312502,0.0021399848055050066
BRAF,BRAF_Val487Gly,B_13-14,-6.116199946608242,0.00048331137760885195,0.002675723858646108
BRCA1,BRCA1_Ser408Ile,B_13-14,0.010557865224829883,0.9918707968983869,0.9934311599768846
BAP1,BAP1_Asn290Ser,B_13-14,-0.3729935111171861,0.7201914707181801,0.777851151088048
KRAS,KRAS_Lys5Asn,B_13-14,0.08584326223585399,0.9339947865923037,0.9499095007408415
FH,FH_Ser334Arg,B_13-14,0.5356287401458311,0.6114778201904933,0.685400608312114
KRAS,KRAS_Tyr71His,B_13-14,-4.892479479558333,0.001768232186353,0.00720111615337789
ZC4H2,ZC4H2_Ile7Val,B_13-14,-1.3973623365001806,0.20499887214456444,0.28621918552347814
RAD51D,RAD51D_Ile17Val,B_13-14,0.8297191536322671,0.4340774464288859,0.527074331010281
F9,F9_Ser411Ile,B_13-14,1.2452466356035585,0.2531072668651517,0.3380663494492586
SHOC2,SHOC2_Ser4Arg,B_13-14,-2.115892778315492,0.07215780633141851,0.12540619662694208
CTCF,CTCF_Asp46Asn,B_13-14,-2.5556236375766055,0.04316233733910241,0.08285433599767396
BRCA1,BRCA1_Pro510Ser,B_13-14,1.2763374668476026,0.24254813146313225,0.32693502547253533
BAP1,BAP1_Arg718Gln,B_13-14,-0.9458164145836372,0.37573764594446835,0.4668913117514265
BRCA1,BRCA1_Asn132Lys,B_13-14,2.212585170847975,0.06255809591849197,0.11125322458502762
BRAF,BRAF_Gln257Arg,B_13-14,-4.0967768173781565,0.004591621866850185,0.014889639670091432
RPS19,RPS19_Arg101His,B_13-14,-2.407724429948076,0.04693058430635163,0.08874991685656596
F9,F9_Gly442Arg,B_13-14,1.7405705383053478,0.1253045662462782,0.19658543468728343
F9,F9_Arg294Gln,B_13-14,-2.7915177487330602,0.03837601004671841,0.07502372486103599
RAD51D,RAD51D_Ile251Val,B_13-14,0.7776406398453396,0.4622488886013073,0.5497480555594626
F9,F9_Gly357Arg,B_13-14,-2.678554259182531,0.03160539804409802,0.06526087596132672
BRCA1,BRCA1_Met671Lys,B_13-14,2.267013845164269,0.05773114204962296,0.10451799176756382
BRCA1,BRCA1_Thr581Ala,B_13-14,0.0497091547769512,0.9617428060924307,0.9699528794281814
CTCF,CTCF_Pro643Ser,B_13-14,-1.7124595339057247,0.13054179486316442,0.2032068689394002
FANCC,FANCC_Leu496Arg,B_13-14,-1.549280011711085,0.1652455454136042,0.24241089995390477
RPS19,RPS19_Arg62Trp,B_13-14,2.4791241841752996,0.042264292882514945,0.08137580585242292
F9,F9_Glu73Val,B_13-14,-2.6225172420292235,0.03428348463706878,0.06907326546076094
F9,F9_Ser220Thr,B_13-14,-1.5813680655719948,0.1578072999155839,0.2340154835704699
KRAS,KRAS_Gly60Ser,B_13-14,-0.09720436679761342,0.9252887309563864,0.9442004376812559
BAP1,BAP1_Leu49Pro,B_13-14,1.5336173628501408,0.16899235826402517,0.24695899333151344
BRCA1,BRCA1_His41Arg,B_13-14,-0.7905479031010616,0.45515193572773704,0.5426592991510473
G6PD,G6PD_Arg365His,B_13-14,-0.12537883577312148,0.9037485339254261,0.9280428493535289
BRAF,BRAF_Gly596Val,B_13-14,2.2257131093137597,0.06135777408658752,0.10974874625533322
F9,F9_His282Tyr,B_13-14,-1.3745699158063474,0.21165219075946431,0.293455779037168
F9,F9_Pro414Thr,B_13-14,-1.1216143046907852,0.29902269163657036,0.3866847264900808
BRCA1,BRCA1_Asp67Tyr,B_13-14,2.5125896208651195,0.04024421782312692,0.07803701121032733
KRAS,KRAS_Gly12Val,B_13-14,-5.955690773263131,0.0005668221876575696,0.003058277905158074
BRAF,BRAF_Gln262Lys,B_13-14,-3.3290490377403623,0.012607505897050326,0.03236604336473941
CTCF,CTCF_Arg567Leu,B_13-14,1.1800602714906496,0.2765194233427633,0.3632407830706175
RAD51D,RAD51D_Cys9Ser,B_13-14,-0.430044793701963,0.6800918575546037,0.7465376137524673
RET,RET_Pro64Leu,B_13-14,-1.201347931595469,0.2686812116504655,0.3551426396210305
SHOC2,SHOC2_Ser403Gly,B_13-14,-3.861317166307788,0.006200919790985726,0.018919739298374975
LMNA,LMNA_Ala43Thr,B_13-14,2.826701345748407,0.02552666596388305,0.054536836678989516
F9,F9_Arg191His,B_13-14,-2.575191626456613,0.03672882890207274,0.07262118343991608
KRAS,KRAS_Phe156Ile,B_13-14,-1.3743464521347168,0.2117183578603233,0.293455779037168
CTCF,CTCF_Arg342Cys,B_13-14,4.0251147636350355,0.005026859283026853,0.015953941931620717
SOS2,SOS2_Pro1318Ser,B_13-14,1.0493118206423042,0.328906085228044,0.4182494159690839
F9,F9_Asn166Tyr,B_13-14,-2.143030102118312,0.06932343798974207,0.1213636723743422
KRAS,KRAS_Thr58Ile,B_13-14,-0.39527774123572407,0.7044069422700285,0.7661829497356233
SHOC2,SHOC2_Thr205Ala,B_13-14,-0.7932454090740622,0.45367827402196725,0.5416975600431699
FANCC,FANCC_Leu554Pro,B_13-14,-0.3335628604146983,0.7484786135159357,0.7991023766436206
SHOC2,SHOC2_Thr321Ala,B_13-14,-3.868653257477352,0.006142367602687363,0.01880115724540523
F9,F9_Ala233Thr,B_13-14,-0.7705435338155132,0.46618328932048236,0.5533848695773921
BRCA1,BRCA1_Met1Ile,B_13-14,6.765004300970164,0.0002614050448425321,0.0017612570589079235
BRCA1,BRCA1_Thr37Lys,B_13-14,-0.25728289233865603,0.80435939653231,0.8450640524624379
RAD51D,RAD51D_Ala231Ser,B_13-14,0.24888080055203415,0.8105973795143,0.8488163349080663
FLCN,FLCN_Arg239Cys,B_13-14,0.9174070101483766,0.38944335444511674,0.4808253438850504
RAD51D,RAD51D_Thr328Ile,B_13-14,0.5151692477436156,0.6222994408448728,0.6946767574597936
FH,FH_Leu303Ser,B_13-14,4.116431421416617,0.006241164929272879,0.018949049230109028
SHOC2,SHOC2_Glu13Ala,B_13-14,-3.1184142906339396,0.01688113056320015,0.04030369921964036
SOS2,SOS2_Val869Ile,B_13-14,-1.6906881260572169,0.13473984727334107,0.2082651408076676
RAD51D,RAD51D_Val66Leu,B_13-14,3.332290913702663,0.01255158257903223,0.032309952520234296
BRCA1,BRCA1_Cys61Gly,B_13-14,0.9686368160707995,0.36499496144588084,0.4577869444657446
RET,RET_Thr338Ile,B_13-14,-1.424602819963752,0.19729169514798545,0.27871829713953566
F9,F9_Arg75Gln,B_13-14,-0.6220852274614853,0.5535999388326938,0.6331592114793084
RPS19,RPS19_Gly127Glu,B_13-14,-7.707857851852217,0.0001154978914415701,0.0010308456666046678
BRCA1,BRCA1_Cys64Tyr,B_13-14,-0.2411116846042154,0.8163785956912686,0.8539337994361024
CTCF,CTCF_Tyr226Cys,B_13-14,-2.0081090165748017,0.08460141469372065,0.14338859697182837
F9,F9_His282Arg,B_13-14,-2.5485677847101242,0.038183352616759834,0.074800208715909
BRAF,BRAF_Glu501Lys,B_13-14,0.6633972900818994,0.528310912774345,0.6083676372396226
KRAS,KRAS_Met72Leu,B_13-14,-2.4492678134739627,0.04415464746417742,0.08441979645303191
F9,F9_Thr194Ala,B_13-14,-4.730674388204422,0.003222282231961676,0.011313527689424266
F9,F9_Glu79Asp,B_13-14,-2.573421637299557,0.03682372229763606,0.07265837767405463
F9,F9_Cys335Tyr,B_13-14,-4.914890869136402,0.001723632887315511,0.007064675568181601
ZC4H2,ZC4H2_Arg198Gln,B_13-14,-4.669579694535985,0.0022886216209041625,0.008830843022074647
F9,F9_Ala397Pro,B_13-14,-2.551530951626418,0.038018558926100524,0.07455384758609035
BAP1,BAP1_Ser596Gly,B_13-14,0.351957833731541,0.7352272520962135,0.788923624440319
F9,F9_Arg226Gln,B_13-14,-1.7008128767404025,0.1327719074838614,0.2061742628407929
BRCA1,BRCA1_Val275Ile,B_13-14,-0.4219542876087648,0.6857151825709713,0.7505535809229542
BRCA1,BRCA1_Pro533Leu,B_13-14,-0.7528200911783965,0.47610774311243165,0.5613369070029287
FH,FH_His318Tyr,B_13-14,3.1703971636548824,0.019309050557584827,0.044327267505994014
RHO,RHO_Arg135Leu,B_13-14,-12.702939872581677,0.000014596173777115511,0.00027878691914290626
BRAF,BRAF_Asp565Glu,B_13-14,-2.6309360210738006,0.0338665149617909,0.06848603006241011
BRCA1,BRCA1_Phe591Leu,B_13-14,1.6193629120142436,0.14940127798338723,0.22522213176659006
F9,F9_Phe395Ile,B_13-14,-2.751249441409619,0.028452659811841512,0.059719318945733284
FH,FH_Arg233Cys,B_13-14,0.840040754452072,0.4330774414127768,0.5265295436654385
F9,F9_Cys396Ser,B_13-14,5.334346676148364,0.0010823425346290789,0.005053412638269026
F9,F9_Ile7Phe,B_13-14,-1.8798922387074215,0.10218205798682319,0.16752594914577879
BRCA1,BRCA1_Gly666Val,B_13-14,0.8111849338867764,0.4439619283781052,0.5363486927275022
ZC4H2,ZC4H2_Arg18Lys,B_13-14,-6.340999360000492,0.00038856290197054536,0.002283554285426897
F9,F9_Cys335Trp,B_13-14,3.001490748607782,0.019900120042260484,0.04526675842100825
F9,F9_Asp110Asn,B_13-14,1.7930019133298674,0.11606692398250139,0.18458603231188814
F9,F9_Glu73Lys,B_13-14,-4.161802409004811,0.0042322222478180975,0.014200534131370526
KRAS,KRAS_Gly60Arg,B_13-14,-2.525125755633534,0.03951338958819366,0.07685394512571274
FH,FH_Asn340Lys,B_13-14,10.63377390618422,0.00004075682484155514,0.0004976811834366609
RET,RET_Arg313Gln,B_13-14,-2.285823693071175,0.05615212771343529,0.1021433942215823
RAD51D,RAD51D_Val28Leu,B_13-14,-0.90363915640805,0.3962182548910523,0.48824313989800633
G6PD,G6PD_Gly378Ser,B_13-14,0.44980261220938383,0.6664511291342612,0.7345694472390305
F9,F9_Cys134Ser,B_13-14,-3.3797959324717373,0.014861540864500467,0.03671832610606634
F9,F9_Lys39Arg,B_13-14,0.5834147239677604,0.5779189782041229,0.6562575792924344
FH,FH_Pro174Arg,B_13-14,10.162270857596216,0.000052836229120136614,0.0005901590504062043
RAD51D,RAD51D_His23Arg,B_13-14,0.46032392122955723,0.6592416574464562,0.730790229670767
CTCF,CTCF_Tyr407Cys,B_13-14,2.2604531941423103,0.058292407096491645,0.10533443477227913
F9,F9_Asn306Ser,B_13-14,-2.991649545755544,0.09592530850505995,0.15904282920543794
F9,F9_Pro333Leu,B_13-14,-4.0195915697666935,0.010124880784179249,0.027468798763494402
F9,F9_Ile210Thr,B_13-14,-3.317402673587866,0.01281062663396674,0.032799325564177584
KRAS,KRAS_Gly13Asp,B_13-14,-1.6558698671862377,0.1417194965294439,0.2165473906969903
F9,F9_Glu54Val,B_13-14,-4.798263563246736,0.004891134037280333,0.015622183965226482
BRAF,BRAF_Val471Phe,B_13-14,2.3797904528016036,0.04889717181123469,0.09165220624088151
