Gene,Variant,U2OS_cc_t_stat,U2OS_cc_t_pval
GRN,GRN_Ser120Tyr,-2.8267882244650586,0.03327909747583008
AGXT,AGXT_Asp201Asn,-3.2245539412653,0.25888952967425866
DES,DES_Pro419Ser,0.13190243964905193,1.0
AGXT,AGXT_Ile340Met,0.35568646993869724,1.0
FARS2,FARS2_Asn280Ser,-1.5655811200139778,1.0
RAF1,RAF1_Ser427Gly,-5.857143473908194,0.08915991405016992
BRIP1,BRIP1_Thr266Lys,2.4151939589858755,0.10172105859617687
MVK,MVK_Ser329Asn,-5.619995175525717,0.0055542684220823745
RAF1,RAF1_Leu613Val,-5.80016652158815,0.04739521026534352
RAF1,RAF1_Leu603Pro,-1.790881684197182,1.0
RAF1,RAF1_Thr145Pro,-6.387994716345845,0.1333777500132942
GRN,GRN_Cys105Arg,-2.6278877552467343,0.051504485991556735
GRN,GRN_Ala324Thr,1.1705090577007184,0.29129986913297
AGXT,AGXT_Phe152Ile,-1.6962996767832499,1.0
SDHD,SDHD_His50Asp,5.2045723369280035,0.003547308842902077
FARS2,FARS2_Asp325Tyr,-0.023869672948344745,1.0
SDHD,SDHD_Leu107Pro,0.2849529271708783,1.0
FARS2,FARS2_Ala166Thr,1.7169263893776356,1.0
SHOC2,SHOC2_Thr126Ile,-3.8344663468001308,0.010115727076797684
LITAF,LITAF_Leu122Val,3.5171225798426944,0.013803433131317905
SDHD,SDHD_Gly138Val,4.8838800111042024,0.0027079461804252287
BRIP1,BRIP1_Arg848His,2.578571129238601,0.0754963461161795
SDHD,SDHD_His102Arg,4.23284378127999,0.003902401439764406
SDHD,SDHD_Ser68Gly,6.045343083600106,0.0007737129719721013
RAF1,RAF1_Thr491Ile,-3.8359287255680843,0.2755942932717806
RAF1,RAF1_Gly361Ala,1.155499028633321,0.5403518469840319
SDHD,SDHD_His102Pro,4.677318243891225,0.0025703667270182804
SDHD,SDHD_His50Arg,3.0284841744564357,0.020352148961914243
SMAD3,SMAD3_Arg287Trp,-8.492999507042834,0.0009793096631349784
SDHD,SDHD_Ala90Glu,6.330677185442039,0.0003987614285506209
FARS2,FARS2_Gly3Val,-2.1910901347520046,0.41370840506561246
LITAF,LITAF_Thr115Asn,1.8308540566516314,0.21793505510225403
SMAD3,SMAD3_Arg279Lys,-3.2062341702157955,0.29355315691956263
SMAD3,SMAD3_Pro263Leu,-1.2273911124280488,0.5108794534883149
SDHD,SDHD_Arg70Thr,6.934747073445434,0.00024459787473878774
BRIP1,BRIP1_Leu195Pro,1.2668702182308096,0.2718645879814718
FARS2,FARS2_Asp142Tyr,-2.483576660753394,1.0
GRN,GRN_Thr182Met,-2.6938552460025367,0.032685745109625
FARS2,FARS2_Ser57Cys,1.8559224483749528,1.0
SDHD,SDHD_Val111Ile,7.7451222208037676,0.00011337695822120214
SDHD,SDHD_His102Leu,10.438326676694441,0.000021211171344780724
RAF1,RAF1_Asn71Ser,0.6062636477246899,1.0
FARS2,FARS2_Arg419Cys,1.6552138932581775,1.0
FARS2,FARS2_Leu371Phe,0.24590492354475124,1.0
RAF1,RAF1_Cys95Trp,2.1174108905084634,0.25563446626635816
SDHD,SDHD_Glu69Lys,7.232879738605847,0.00017436415792478971
SDHD,SDHD_Tyr114Cys,4.506251060822262,0.004604751431917464
RAF1,RAF1_Asp486Asn,0.45327533329345343,1.0
BCL10,BCL10_Leu8Leu,-1.7211901931387237,0.16221823612285052
RAF1,RAF1_Asp381Asn,0.5714162180205059,1.0
SDHD,SDHD_Phe34Cys,7.204566186715207,0.00017742529934530618
SMAD3,SMAD3_Glu239Lys,-6.9815451045443755,0.0011356445133690533
ZC4H2,ZC4H2_Val63Leu,-3.772508957351957,0.009520442136421024
BAP1,BAP1_Arg59Pro,-2.590423379221777,0.037552604621238606
RAF1,RAF1_Asn140His,-0.04961800914186328,1.0
FARS2,FARS2_His135Asp,2.635252319289227,1.0
RAF1,RAF1_Thr491Arg,-5.242335541861087,0.17352561940663738
BRIP1,BRIP1_Val76Ile,0.573151287218121,0.5988089065274734
GSS,GSS_Arg125Cys,1.7103934935991731,0.4472984897884251
DES,DES_Ala337Pro,-0.7068447998930905,0.5150918430724574
BRIP1,BRIP1_His587Arg,1.584238978026326,0.18073804788590886
FARS2,FARS2_Ile388Ser,1.0162955675066876,1.0
BRIP1,BRIP1_Ser520Thr,0.37199351651584694,0.7214710962483611
RAF1,RAF1_Phe22Leu,0.9979103452561944,1.0
SDHD,SDHD_Ala90Val,3.9356948777612146,0.00674516202223278
FARS2,FARS2_Thr246Met,-0.10148333665327636,1.0
MVK,MVK_Pro288Leu,-0.11493583813345487,1.0
FARS2,FARS2_His84Pro,-0.6685215350519559,1.0
SHOC2,SHOC2_Thr494Asn,-2.46768768795486,0.043748529350086024
KRT6A,KRT6A_Thr552Ser,-2.647269823335151,0.036057699788503456
ZC4H2,ZC4H2_Pro201Ser,-5.809680916000794,0.002975023338819346
FARS2,FARS2_Ile329Thr,-2.2456562230357777,1.0
FARS2,FARS2_Tyr144Cys,-0.31983357585618055,1.0
SDHD,SDHD_Ile31Val,4.150235795989882,0.009338842715277238
SDHD,SDHD_Asp92Gly,8.432612836805006,0.00007012093234778765
BRCA1,BRCA1_Ser611Arg,0.9435653387772786,1.0
RAD51D,RAD51D_Arg165Gln,0.47586595548630994,1.0
MVK,MVK_Leu265Pro,-3.469453552645194,0.03203635431084167
RAF1,RAF1_Pro225Ser,0.045139855443872445,1.0
FARS2,FARS2_Gly309Ser,0.9477119419492293,1.0
BRIP1,BRIP1_Gln255His,0.732346824162546,0.5112396507139866
SDHD,SDHD_Gly106Val,3.3461453651413797,0.013103277931052443
SDHD,SDHD_Leu139Arg,3.798682331808146,0.014136237819953438
SMAD3,SMAD3_Thr261Ile,-3.4944342867516713,1.0
PYGL,PYGL_Glu673Lys,-1.291342083740643,0.33660477099437724
KRT8,KRT8_Ile63Val,-3.378269044892253,0.014889581014695917
IL36RN,IL36RN_Leu27Pro,5.322174631827782,0.0010966875501343782
SERPINF1,SERPINF1_Thr72Met,-1.9920128041439482,0.0934549887564291
NFU1,NFU1_Gly208Cys,1.8818630817711928,0.10887343826708253
MVK,MVK_Val250Ile,3.200225287914478,0.018594773667486436
KCTD7,KCTD7_Arg184Cys,-4.25295398067975,0.0037793174162737966
KCTD7,KCTD7_Asp115Tyr,-1.338949681766492,0.2224323899825018
KRT6A,KRT6A_Ser176Pro,-3.8297616003740296,0.012250655464219827
GSS,GSS_Pro314Leu,-2.634118850204881,0.03371025148250886
RP2,RP2_Cys86Tyr,-4.961815998135415,0.002547617072175259
DOLK,DOLK_Tyr441Ser,0.44360697536713456,0.6758649411917003
GATA2,GATA2_Cys373Arg,4.078973170651033,0.004695761202146587
SMAD3,SMAD3_Gly272Arg,-5.526501549075985,0.0008814842065896165
AGXT,AGXT_Pro319Leu,-2.470719277441793,0.09000698519077265
TPM1,TPM1_Lys37Glu,-4.588817458309419,0.0025172989301629426
SMAD3,SMAD3_Trp232Cys,-8.604777403381942,0.000057072976575916114
TPM1,TPM1_Ala166Thr,-0.8684977298660365,0.4139043592512579
UBQLN2,UBQLN2_Pro497Ser,1.5477904479144684,0.16559856417172467
TPM1,TPM1_Asp230Asn,-0.91327763681937,0.3914662304959434
HPRT1,HPRT1_Arg45Lys,-2.240669310550743,0.06001858982519454
KCNJ2,KCNJ2_Thr75Met,1.2268292583618372,0.25954539526188286
AGXT,AGXT_Arg111Gln,0.600532412516807,0.5670781186416904
KCNJ2,KCNJ2_Ala115Val,-8.270611180161119,0.003702208773962851
SMN2,SMN2_Gly287Arg,1.448176314131151,0.20723180880302428
MLH1,MLH1_Ser295Thr,-5.508977801594286,0.007106063778041287
PDGFRB,PDGFRB_Pro660Thr,-2.04853035133062,0.09582199453046765
DES,DES_Met349Ile,1.1437545279483934,0.29629688300021007
STAR,STAR_Val187Met,4.0390301565228075,0.009932230164180432
AGXT,AGXT_Arg118Cys,-0.17143244749607361,0.8687342467258636
IL36RN,IL36RN_Ser113Leu,-5.801278018552328,0.028451435743576604
GLYCTK,GLYCTK_His490Tyr,-2.2575803072964824,0.10916984432941566
TH,TH_Ile219Thr,0.8116157962686673,0.44800479097139956
COMP,COMP_Thr585Arg,-2.9086459133911786,0.06206479525216109
MVK,MVK_Val80Ile,1.4600743291691731,0.19456453607493554
DES,DES_Arg37Trp,1.8457779760591628,0.10743054448018258
TH,TH_Gln381Lys,-0.8723222741480561,0.41657045148903565
PLP1,PLP1_Thr121Ile,-1.0897756785605663,0.3176331388485335
SMAD3,SMAD3_Arg385Gly,0.5327285922433171,0.6107074037701461
SFTPC,SFTPC_Val39Leu,-1.2627805536735215,0.25352400122526353
AGXT,AGXT_Gly156Arg,-6.381627116885964,0.00779038296812458
MLH1,MLH1_Lys618Arg,1.44789232475568,0.22405593644573069
FBP1,FBP1_Arg218Lys,-2.225607225288514,0.061367361780469046
LITAF,LITAF_Val144Met,1.4358678886229772,0.19418094391154317
PLP1,PLP1_Gly74Arg,-4.04292451383388,0.00678021879591401
TPM1,TPM1_Arg160His,-0.07592108872489528,0.9416061620072202
STXBP1,STXBP1_Thr419Met,4.017740424994989,0.01944333547767162
TAT,TAT_Pro220Ser,-1.1378174817141942,0.29263800150049146
PHYH,PHYH_Arg275Trp,4.133085492605546,0.004386992330540224
LITAF,LITAF_Ala129Val,1.627831307591165,0.14758544082007055
KCNJ2,KCNJ2_Arg312His,8.43502099828837,0.00006490221950536539
GCK,GCK_Gly299Arg,3.701133173422515,0.03425107917849796
GFAP,GFAP_Glu371Gly,-1.4372809441791912,0.19379386313564723
IL2RG,IL2RG_Arg285Gln,0.2692733669982634,0.7954838003478025
GLYCTK,GLYCTK_Thr394Ile,-1.1284363547413474,0.32223291668284587
MLH1,MLH1_Leu653Pro,1.621846706791826,0.1652893644116038
TPM1,TPM1_Lys15Asn,-5.517426124339247,0.000889975700750459
GALE,GALE_Lys257Arg,-1.107241973365673,0.3047808337906742
TPM1,TPM1_Lys248Glu,-0.5048537587003897,0.6291636180010137
DCX,DCX_Arg78His,3.6348888527255823,0.008343501091592523
HPRT1,HPRT1_Asp194Asn,-2.2102064193912323,0.06277811252292047
LITAF,LITAF_Gly112Ser,2.3008168845221455,0.054924940485426565
COMP,COMP_Asp605Asn,-0.8137776719793184,0.44685659160489344
GFAP,GFAP_Glu207Lys,3.5078217360875152,0.009888331448823923
PLP1,PLP1_Pro181Ser,0.8082387533135127,0.44980262275572147
DCX,DCX_Thr203Ala,2.2736292029157377,0.05717073974972245
DES,DES_Gly44Ser,-0.4027313682857316,0.6991615143755658
COMP,COMP_Asn555Lys,-3.0531014675946446,0.03791310685055363
PRPS1,PRPS1_Leu129Ile,2.523456617829955,0.03960989998501046
BAG3,BAG3_Leu462Pro,12.862152736149255,3.9862282440461315e-6
HBD,HBD_Pro37His,2.0613012594223266,0.08490339847660626
GFAP,GFAP_Asp295Asn,3.0948828908860033,0.0174470506546878
IL36RN,IL36RN_Lys35Arg,4.470075853316132,0.00290067140741882
SMAD3,SMAD3_Ile170Val,-3.2528733496892994,0.014001567030591109
TPM1,TPM1_Glu54Lys,1.2122641476463436,0.26473474254201795
TPM1,TPM1_Ser215Leu,0.08323925601181648,0.9359916582414826
PMP22,PMP22_Leu16Pro,2.8798992072908893,0.02806143449889629
APOA1,APOA1_Val180Glu,8.434661744647073,0.001082035961142358
KRT2,KRT2_Glu476Val,-9.619401710031184,0.00007223297310233678
FXN,FXN_Trp173Gly,-3.036360160670431,0.022909789229169992
STXBP1,STXBP1_Asp238Glu,0.22020638245420157,0.8358897728418634
APOA1,APOA1_Arg34Leu,18.643315252311247,3.1707843549310316e-7
KCNJ2,KCNJ2_Asn410Ser,-7.196165179705996,0.0003643715988102033
GCK,GCK_Gly175Arg,5.1203726837517305,0.014418835884813175
AGXT,AGXT_Met49Leu,-2.9281126893010554,0.02208350813263721
KCNJ2,KCNJ2_Asp71Asn,4.181416942182698,0.008643114252541112
DES,DES_Gln131Lys,-0.10927426179631523,0.9165480087004341
DES,DES_His243Tyr,0.8239785373641424,0.437122218833492
DES,DES_Arg227Cys,-3.0414038444807847,0.022761784774776403
MCEE,MCEE_Ala76Val,10.363449347646696,0.009182839660619849
COQ8A,COQ8A_Gly549Ser,-2.3255289134267567,0.052961446749782225
SMAD3,SMAD3_Asn59Asp,1.473924571349479,0.1839955103421203
NR0B1,NR0B1_Tyr380Asp,1.166968310258347,0.28143413041548543
LITAF,LITAF_Gly130Ser,-7.11128191908675,0.00019175334689439406
PLP1,PLP1_Trp128Arg,2.1757385656383215,0.07248599802252874
TAT,TAT_Arg119Trp,-3.6097970417543794,0.008626510064041878
TMEM43,TMEM43_Tyr371His,-1.892049657019767,0.10037248540292343
AGXT,AGXT_Ala186Val,-2.9286126661822185,0.022067801734436412
FXN,FXN_Gly130Val,-1.262908790006912,0.2534809819004761
MLH1,MLH1_Pro28Leu,-21.29631024015009,0.000012346357654448746
TPM1,TPM1_Asn279His,1.4511273467469035,0.19003742981107263
POMT1,POMT1_Ala647Thr,-1.243076568452781,0.26021072351623276
TMEM43,TMEM43_Glu85Lys,-10.210843977504126,0.00001864176804084487
KRT6A,KRT6A_Leu170Phe,-0.26922398414025017,0.7955202890908227
DES,DES_Glu413Lys,0.38036595329279055,0.7149526723363002
POMT1,POMT1_Ala200Pro,-3.457034784941749,0.013516188568571707
HPRT1,HPRT1_Met143Lys,-0.7966174433731525,0.45184075913120036
BAG3,BAG3_Pro380Ser,0.7316697778764504,0.48813555191554203
MLH1,MLH1_His318Gln,4.073786780980698,0.017186563361212374
KCNJ2,KCNJ2_Trp322Cys,-7.374367554557086,0.0003187747119012033
KCNJ2,KCNJ2_Arg189Ile,2.1305513412704644,0.07061268618739272
DES,DES_Pro433Thr,0.6419469170162639,0.5446377572848289
GFAP,GFAP_Tyr366Cys,0.25465226319010015,0.8063108417668634
HBD,HBD_Gly26Asp,3.1084279241696118,0.020890673361428348
SMAD3,SMAD3_Met255Arg,-7.61862272849371,0.00012434129011844303
PRPS1,PRPS1_His193Gln,2.0803445138536483,0.07604644755091694
FOXP3,FOXP3_Leu242Pro,-2.7270833586918006,0.029462536943896656
AGXT,AGXT_Pro11Leu,-1.3049612264903971,0.23316424472782096
MLH1,MLH1_Cys680Arg,3.5874839686879567,0.027401600177000076
PMP22,PMP22_Leu80Pro,2.7283016909967612,0.034263132950688585
IRAK4,IRAK4_Ala428Thr,5.01962896640939,0.0015310912217215088
STXBP1,STXBP1_Leu256Pro,6.006622072893179,0.005238143014442813
AGXT,AGXT_Ser218Leu,0.561600194878897,0.5919060822164763
SFTPC,SFTPC_Leu188Gln,-3.2688936557097956,0.017057825342994496
FADD,FADD_Cys105Trp,-2.6865208174732125,0.031242753026677436
NT5C3A,NT5C3A_Asp132Val,2.0523656175236207,0.07925318527722482
KCNJ2,KCNJ2_Pro186Leu,3.194573693306419,0.015179830960976557
TTPA,TTPA_Arg192His,-1.5321581825292112,0.16934536517195606
DCX,DCX_Arg196Cys,4.621657951668667,0.0024213993702781457
TH,TH_Ala226Thr,-1.9159897421326428,0.10384192387093158
PYGL,PYGL_Pro382Leu,-4.493673852730716,0.006436955949175334
DES,DES_Thr453Ile,0.30793245387081153,0.7670943236040855
KCNJ2,KCNJ2_Tyr326Asn,-4.6613402414268315,0.0034625161888949467
KCNJ2,KCNJ2_Met301Leu,-4.878197804603025,0.0017973197525292459
KRT2,KRT2_Gly219Asp,-4.141255848169731,0.004342336055764063
KRT83,KRT83_Glu407Lys,1.7300586042815125,0.12723918005017143
PHYH,PHYH_Arg275Gln,-19.554567134718702,1.1589419726291221e-6
LITAF,LITAF_Val81Met,4.423692542579616,0.0030675519406124134
KCNJ2,KCNJ2_Arg325Cys,-7.760376463155321,0.00011062600301125927
MVK,MVK_Asp386Asn,2.5995672600776927,0.0406858990080481
TPK1,TPK1_Asn50His,2.973710934217195,0.020698545446724354
MYOZ2,MYOZ2_Ser48Pro,0.6367117527321438,0.5478196120204102
HPRT1,HPRT1_Asp177Tyr,-1.5974237619758858,0.1542028927787259
SMARCB1,SMARCB1_Arg37His,-2.346222595792399,0.051372280114421895
SMAD3,SMAD3_Arg373Cys,-2.3977774732433015,0.0476214075096502
DCX,DCX_Lys174Glu,2.371954723362576,0.04946381711661194
PLP1,PLP1_Thr147Pro,-0.7058461467835201,0.5067509741234404
HPRT1,HPRT1_Leu41Pro,-2.4662485964119707,0.04306908314393776
AMPD2,AMPD2_Glu697Asp,2.8839192049733855,0.034430197480020804
MLH1,MLH1_Gly244Asp,5.121262613010836,0.011575432363663514
THAP1,THAP1_His23Pro,1.9940660489274638,0.09318945085333155
PMP22,PMP22_Ala135Thr,1.660896936169992,0.14780022856678512
DES,DES_Leu136Pro,-0.2120267993322642,0.8381276031296706
HPRT1,HPRT1_Gly140Asp,-1.2627931516071806,0.2471007161515184
LITAF,LITAF_Ser15Leu,5.671832770763355,0.0007571151989367121
NR0B1,NR0B1_Arg267Pro,-1.3377922934499746,0.2227906121233407
KRT2,KRT2_Glu488Lys,-3.31385747674018,0.012873152671106482
AGXT,AGXT_Ala280Val,-0.7297943079980777,0.49301177301517873
GALE,GALE_Asp103Gly,-7.908268875827241,0.00021689873845715554
PMP22,PMP22_Arg157Gly,3.037681899141542,0.02287090261291949
CUL3,CUL3_Lys459Arg,-0.3910350377611268,0.7074004543445305
NT5C3A,NT5C3A_Gly275Arg,-1.9697388740313049,0.08952564242399018
KRT8,KRT8_Tyr54His,-6.900404944803049,0.0009791678902009906
MLH1,MLH1_Asp41His,-3.9366148031487125,0.017898482436666564
GCK,GCK_Gly385Arg,4.762989565362199,0.017574197821893525
DES,DES_Ser424Phe,-0.015896938374167374,0.9877602184305088
FKBP6,FKBP6_Phe72Leu,24.901243029146652,4.295945124712945e-8
FA2H,FA2H_Arg143Cys,-2.4316945168017323,0.05925679876594322
DES,DES_Val56Leu,-2.3317857979827825,0.0584976046828069
PNKP,PNKP_Glu326Lys,-4.147863331311847,0.004306586193532413
DCX,DCX_Pro191Arg,-0.7932358925677195,0.4536834671351141
AIPL1,AIPL1_Met79Thr,-0.23529411764705882,0.8207156751041498
MLH1,MLH1_Lys670Arg,3.09202843062044,0.024508243285919672
MVK,MVK_Leu255Pro,0.28234849567392156,0.7871631424317436
TH,TH_Glu27Asp,1.7673778966898954,0.12758610808626697
PYGL,PYGL_Thr59Met,0.7214731966721494,0.4977568631001066
PNPO,PNPO_Arg95His,-3.300656364392516,0.01639445745392115
KCTD1,KCTD1_Val248Ile,2.6037431100190918,0.035232675851661094
SFTPA2,SFTPA2_Gln223Lys,1.2604983565750476,0.24787927364655718
LITAF,LITAF_Asn30Tyr,2.807651247691414,0.026234273282023154
SFTPC,SFTPC_Glu66Lys,-1.5037338958480757,0.18334533802811867
FKBP6,FKBP6_Arg202His,21.198800947290326,1.3083044348742234e-7
COMP,COMP_Asp271His,-2.6219248220819624,0.039484284856727996
GFAP,GFAP_Leu357Pro,-2.7439175325660297,0.028755166018541455
SUOX,SUOX_Gly530Asp,-4.4098020101875015,0.006957859201570603
STXBP1,STXBP1_Gly544Asp,22.06598503416068,8.563030966247618e-6
KCTD7,KCTD7_Leu108Met,-4.86475635116919,0.0028092659840864924
SMAD3,SMAD3_Tyr364Cys,1.5725827656049594,0.15981243364537567
TPM1,TPM1_Ala63Val,-0.2893891333755726,0.7806670194354751
FA2H,FA2H_Arg62Cys,-0.0752659165041746,0.9421089894809296
MLH1,MLH1_Asp485Glu,-3.7028363448514408,0.026877550198173318
STXBP1,STXBP1_Glu12Asp,5.291210653195746,0.011548009632397249
GCK,GCK_Ala387Glu,2.3384730497773156,0.10136246406783898
COMP,COMP_Thr529Ile,-0.7648960072759741,0.4788601955883225
DCX,DCX_Arg102Cys,5.275853520244242,0.0011532460877933894
DES,DES_Arg355Pro,-1.795262384698885,0.11568369876264377
SH3BP2,SH3BP2_Pro418Arg,0.7750117182411813,0.4677668958664164
EMD,EMD_Ala56Thr,-0.5954913341754137,0.5934476332275811
TH,TH_Asp267His,2.7421026713323515,0.03364182428560032
STXBP1,STXBP1_Pro480Leu,1.7430459494565158,0.1356682307873348
STXBP1,STXBP1_Arg406Cys,4.499414081290182,0.01552970124701715
STXBP1,STXBP1_Arg190Trp,4.249166612421446,0.012567207466316021
SMAD3,SMAD3_Leu219Phe,-0.014922583394858828,0.9885103532784623
HPRT1,HPRT1_Ile132Met,-0.8760142266321899,0.4100738553936838
GFAP,GFAP_Arg239Leu,0.10779392361630347,0.9171837636851483
FBP1,FBP1_Asn273Ser,-2.9888560947660427,0.020259131152445507
MVK,MVK_Val278Met,1.7800854766599254,0.12536181122990117
LITAF,LITAF_Gly53Ala,-5.262481020621308,0.0011701725381026025
COMP,COMP_Asp511Glu,-3.0504175676347045,0.028410775449111244
STXBP1,STXBP1_Pro335Leu,1.8254080292747008,0.1178669151861764
DES,DES_Ala397Thr,1.0930416501260907,0.31055826139151266
RP2,RP2_Arg118His,-1.3589795170973735,0.22301479022073398
DCX,DCX_Arg186His,3.1496255032573197,0.016160511748086446
HPRT1,HPRT1_Gly70Glu,-0.4212350357346021,0.6862161423356621
STXBP1,STXBP1_Pro462Leu,3.504156289828944,0.013956381522742074
HPRT1,HPRT1_Phe199Val,-3.8713779227056655,0.017972419178273424
GFAP,GFAP_Leu90Pro,0.6450381398787114,0.5394598959642993
PLP1,PLP1_Gly186Cys,-0.6786720020810967,0.5226465373599802
GFAP,GFAP_Arg79Cys,1.4060838453425686,0.2025025619103891
MLH1,MLH1_Ala29Gly,-10.249892563945995,0.00030287262711192455
ALAS2,ALAS2_Asp122Asn,-6.966892750017265,0.006067987426519381
KRT6A,KRT6A_Asn171Asp,-1.5051158873817092,0.18300025453549157
AIPL1,AIPL1_Thr114Ile,2.974152641424134,0.020685588019864417
GYG1,GYG1_Arg33Lys,1.8513025770418732,0.10656320802744484
STXBP1,STXBP1_Lys333Glu,2.7566599912508716,0.03508599907317184
MVK,MVK_Asn205Asp,-1.9236731947899144,0.10274153428479774
PLP1,PLP1_Ser135Phe,0.45440766386553494,0.6655113315706339
GMPPB,GMPPB_Pro32Leu,-0.7576119892916935,0.47341052179906895
KCNJ2,KCNJ2_Val302Met,2.6701209997592366,0.03199407638066392
SMAD3,SMAD3_Cys109Tyr,-7.2586046156903405,0.00016867116076930302
KCTD1,KCTD1_Gly62Asp,1.1885934163489962,0.27335479857460127
SFTPA2,SFTPA2_Gly231Val,-4.916843443272604,0.0017198066617549843
CTH,CTH_Gln240Glu,-1.9083035021861599,0.09800183987977297
APOA1,APOA1_Leu198Ser,-46.3254834855295,8.851935877213402e-8
TPM1,TPM1_Glu23Gln,-1.9994051454783408,0.08569447374857139
DES,DES_Leu345Pro,0.4497671035052916,0.6686705528211743
KRT6A,KRT6A_Asn171Ser,-0.3013157484854446,0.7719276310867086
PSAP,PSAP_Met76Lys,0.8149304296010075,0.44624521429036246
SFTPC,SFTPC_Leu194Pro,-1.2557078627493705,0.2559066302307894
MVK,MVK_Leu41Pro,-0.580769126709319,0.5825368693588792
CDKN1A,CDKN1A_Asp149Gly,-9.120145820154805,0.00003912877191801131
DES,DES_Tyr331Asn,-0.9596290908092282,0.3742995834541779
PMP22,PMP22_Cys109Arg,1.4862326071300347,0.1877683067257142
STXBP1,STXBP1_His245Arg,1.9585210850456973,0.09822678970361277
SMAD3,SMAD3_Met212Ile,-0.6266607611375039,0.5507634944169102
SDC3,SDC3_Val136Ile,3.3314077236430135,0.01577909120412431
KCNJ2,KCNJ2_Ala70Thr,-6.402663839144475,0.0003663523737831777
MIP,MIP_Val107Ile,2.791708791443897,0.03150643900900999
IMPDH1,IMPDH1_Asp275Asn,-0.11502078815849684,0.9129050063379062
SMAD3,SMAD3_Glu284Gln,-1.7252255525962519,0.12813815392048822
IER3IP1,IER3IP1_Leu78Pro,0.6544613452323619,0.5337194391508093
IL2RG,IL2RG_Ser108Pro,1.1754884921470683,0.2782274733467618
CLDN19,CLDN19_Gln57Glu,-0.06396000300667963,0.9507902325777675
MLH1,MLH1_Ile36Asn,0.4985569516344735,0.6472173554191547
COMP,COMP_Thr585Met,-3.294716403346005,0.030082074037048545
GALE,GALE_Arg239Trp,1.6366027362742306,0.1457263777809613
SUOX,SUOX_Ala265Asp,-7.438648924404515,0.0050284152056731275
PYGL,PYGL_Asn632Ile,-1.5610114642742063,0.17927355201377998
SMAD3,SMAD3_Arg385Thr,-0.12216542465932571,0.9062012625213021
PYGL,PYGL_Asn339Ser,1.6794603639239638,0.14406559166621677
MVK,MVK_Arg388Gln,0.8176754845216556,0.4447917728502375
EIF2B4,EIF2B4_Ala228Val,3.5533877869986474,0.00930142988027952
STXBP1,STXBP1_Arg406His,4.040553788365691,0.0215600498259583
POMT1,POMT1_Trp560Cys,2.9287807980457896,0.02632878468449848
MLH1,MLH1_Ser44Phe,22.15322375260177,2.0147602397143317e-6
CDKN1A,CDKN1A_Arg84Gln,-5.664253455952892,0.0013019067116299345
GCK,GCK_Met251Thr,5.080191792436492,0.014734661649919168
TH,TH_Arg133His,-0.33635557876328814,0.7480546133046534
AGXT,AGXT_Pro11His,-1.1805553567349742,0.27633498205567636
DES,DES_Ala135Val,0.14090429901308865,0.8919146538479519
POMT1,POMT1_Thr392Met,1.384695758221824,0.21543845687128904
KCTD1,KCTD1_His33Gln,0.826045894735112,0.4360239769968349
DES,DES_Val126Leu,1.6902546118912316,0.13482472139757254
EIF2B4,EIF2B4_Arg306Gly,-1.2022539048384806,0.2683518077240648
MLH1,MLH1_Cys39Phe,4.6142504048829736,0.010303496906698708
MCEE,MCEE_Arg143His,7.9609400373513015,0.01541480881093839
KCNJ2,KCNJ2_Arg40Gln,-6.955615531792872,0.00022008666326833447
NMNAT1,NMNAT1_Arg207Trp,-1.6730032682427427,0.14535419807248953
KCNJ2,KCNJ2_Thr139Ile,3.853232985901199,0.006266148072193144
HPRT1,HPRT1_Thr168Ile,-3.747064287093645,0.013334013670856923
MVK,MVK_His20Pro,0.6536634407800053,0.5375589092272615
DES,DES_Gln389Pro,-0.6673594276868408,0.525923794171161
DCX,DCX_Arg89Gly,5.261463943179778,0.0011714711892482587
TH,TH_Leu205Pro,0.9747428380896954,0.3673322419030473
IL36RN,IL36RN_Arg102Trp,6.796631181214444,0.0024477210046696617
BAG3,BAG3_Arg258Trp,2.729378516780091,0.02936503190346213
FBP1,FBP1_Pro284Arg,-3.630418150840422,0.008393180172068566
DES,DES_Arg212Gln,-2.9532690260354495,0.025504567413043876
GFAP,GFAP_Pro47Leu,1.3385918962767767,0.22254307390633263
PLP1,PLP1_Val184Phe,1.9299520189768038,0.10185098230952257
STAR,STAR_Arg182Leu,2.315842933279395,0.06840707507079195
HPRT1,HPRT1_Pro176Leu,0.2940071672531553,0.7772789755757039
DES,DES_Ser46Tyr,0.9179079941305933,0.3891984658152592
GFAP,GFAP_Arg239Pro,1.1081617173696656,0.30440966323989144
HBD,HBD_Val99Met,-4.954880405966184,0.01577940595612558
HPRT1,HPRT1_His204Asp,-2.4569073176351237,0.04366282096733088
HBD,HBD_Leu76Val,0.4894708191262327,0.6418871636545075
APOA1,APOA1_Trp74Arg,9.694201310270596,0.00002624527534123719
GCK,GCK_Arg303Trp,7.216216216216216,0.005486614190920422
AP2S1,AP2S1_Arg15Cys,0.4571864702465914,0.661387505899413
TTPA,TTPA_Leu183Pro,-20.88781590519441,0.00024000471394863956
KCNJ2,KCNJ2_Ile269Lys,2.0944500846944925,0.07447904047741698
STXBP1,STXBP1_Arg190Gln,2.09120151372134,0.09187347638481537
KLHL3,KLHL3_Cys164Phe,-0.19407783784323293,0.8516269310911996
KCTD7,KCTD7_Asn273Ile,-2.6238447500345106,0.034217382177827486
GFAP,GFAP_Lys279Glu,-2.164273294780919,0.06718269669094776
TPM1,TPM1_Ile172Thr,0.8034825080690399,0.44811576052526847
TPM1,TPM1_Val95Ala,-3.074649241572102,0.01794981910042616
LITAF,LITAF_Pro135Thr,-4.524171485538316,0.0027185671950240467
GAMT,GAMT_Ala196Val,0.9946837864165531,0.35302251582401656
HBD,HBD_Asn58Lys,1.6257135158599851,0.15513571694655032
SNIP1,SNIP1_Ala174Val,1.0540608832660165,0.34010320520598103
HPRT1,HPRT1_Asp194Glu,-1.7648722027773964,0.12093882250591405
AGXT,AGXT_Gly116Arg,-3.209929374320814,0.014859535225655689
PYGL,PYGL_Asp629Tyr,-1.7127752151356586,0.1375908406942753
EMD,EMD_Asp72Val,-1.713010550082671,0.18522801069545738
EMD,EMD_Pro183Thr,3.1843366656181322,0.04992749901990296
KRT6A,KRT6A_Leu468Pro,-0.8711308783157211,0.4125595268411846
AGXT,AGXT_Pro10Ala,-3.449925995993631,0.010692392046392468
TAT,TAT_Leu273Pro,-3.1413107795303365,0.016349222691164414
AGXT,AGXT_Met195Leu,-2.927621801454708,0.02636850143509696
TH,TH_Arg306His,0.3175377478182183,0.7615954977388906
DCX,DCX_Met1Thr,-1.445924077559005,0.19144128746898986
GFAP,GFAP_Glu210Lys,-0.5011658970741384,0.6316272307816764
HPRT1,HPRT1_Ser104Arg,-0.22492312103311007,0.8284640116786027
AIPL1,AIPL1_Arg302Leu,-0.7263443887692989,0.49119546951386805
MLH1,MLH1_Cys39Tyr,2.950203764293115,0.027601091787204945
COMP,COMP_Ala171Thr,-3.6290194454766196,0.01507606391599581
AGXT,AGXT_Lys12Arg,0.3977167369997957,0.7026886021167903
KCNJ2,KCNJ2_Asp172Asn,-9.86369822135499,0.00006263132718275454
AGXT,AGXT_Arg381Lys,-1.4040789921856829,0.20307399120206732
KCNJ2,KCNJ2_Ile258Thr,-7.88968059086147,0.0005260363182280872
HPRT1,HPRT1_Asp80Val,0.4086460531925218,0.6950115864198108
FBP1,FBP1_Met289Leu,-1.1916330230562582,0.2722348667819067
SMAD3,SMAD3_Asn197Ile,2.234758690270437,0.06054426435918988
MID1,MID1_Leu295Pro,-4.943666024684202,0.01587754722361081
KRT4,KRT4_Glu449Lys,0.5335428764098861,0.6101726993951206
PNPO,PNPO_Arg116Gln,-3.062043372360975,0.022166865730864953
IL10,IL10_Gly15Arg,4.761437425695437,0.017589771009879098
NMNAT1,NMNAT1_Arg237Leu,-1.3606945030537385,0.22250212347499365
IL10,IL10_Phe129Tyr,2.6275364247978925,0.034034253369895316
SFTPC,SFTPC_Ala116Asp,-1.2955341593171297,0.2427431894998113
PYGL,PYGL_Ser675Thr,2.588045061793996,0.041320287072472185
SUCLA2,SUCLA2_Pro230Ser,0.35050576378974957,0.7379366215960983
TMEM43,TMEM43_Arg220Cys,-5.114964270701266,0.001376420511415188
MVK,MVK_Pro165Leu,1.4859588141755817,0.18783828409349979
BFSP2,BFSP2_Arg287Trp,4.130538246286804,0.0044010174042934365
SNIP1,SNIP1_Arg116Gln,2.622556394028044,0.03945089402259334
DCX,DCX_Arg59His,-0.4490448218770198,0.6669718611079909
ALAS2,ALAS2_Tyr549Phe,-1.2419785938348975,0.3024900913252658
APOA1,APOA1_Ala199Pro,7.946525538492515,0.00009513500072303456
DES,DES_Asn342Asp,-1.3922393562715092,0.20647792563981746
IMPDH1,IMPDH1_Val317Ile,-8.274009466869582,0.00016870551320311431
AGXT,AGXT_Ala295Thr,-0.2537636482578714,0.8069703666616075
STXBP1,STXBP1_Arg305Gln,7.172803435400103,0.0010564959924137594
PLP1,PLP1_Asp168His,1.3441001800719468,0.22750767123095447
TMEM43,TMEM43_Ala366Thr,-6.260588903027929,0.00041982861542374524
ALAS2,ALAS2_Ser531Gly,-2.1726529262997714,0.11816118482549298
ALAS2,ALAS2_Lys262Gln,-5.574782102353581,0.011392929488026381
THAP1,THAP1_Gly9Cys,2.7548583730533127,0.033078299504504416
KCNJ2,KCNJ2_Gly215Asp,4.449465373054039,0.004331628661593348
KRT2,KRT2_Thr479Pro,-1.8218727725026618,0.11126281167736128
CDKN1A,CDKN1A_Ser31Arg,-1.951863741646784,0.09191486441456846
TH,TH_Val468Met,-0.8946450601034721,0.4054332005420779
SMAD3,SMAD3_Val294Met,-5.832147020816436,0.0006421479386354469
NMNAT1,NMNAT1_Ser255Asn,-2.6807337085061436,0.03650044845309651
MLH1,MLH1_Val185Gly,9.817384920440686,0.001483029463646828
RP2,RP2_Arg118Leu,-2.223734701892838,0.06784829914971047
FXN,FXN_Met1Ile,3.750083827892833,0.007167367402585163
GCK,GCK_Met381Arg,3.872517955272523,0.030475796657166845
SMAD3,SMAD3_Leu274Pro,-3.6377732212986946,0.008311618743734173
HBD,HBD_Arg105Ser,1.3598378195486276,0.22275808158860702
KCNJ2,KCNJ2_Val295Ala,-6.491719737503107,0.001294127872722121
DES,DES_Leu274Pro,-1.7850905166281974,0.12449622954324933
NMNAT1,NMNAT1_Asn273Asp,-1.232910914456366,0.26372049522368
PMP22,PMP22_His51Arg,1.3999160915774596,0.21106529029849624
SMAD1,SMAD1_Val3Ala,4.1026396960968645,0.0045578836301342065
TH,TH_Arg89Arg,0.5888060754880526,0.5774697708088052
MCEE,MCEE_Arg143Cys,3.200921998322399,0.08529783341924707
NMNAT1,NMNAT1_Leu153Val,-0.06228343873617609,0.952360103879343
PYGL,PYGL_Val456Met,-1.6628174629601218,0.14740956390043997
TH,TH_Pro2Leu,1.200503704531775,0.27518561033143674
HGD,HGD_Ala48Ser,8.728415918821169,0.00005204185797394759
KCTD1,KCTD1_Ala30Glu,2.3156238386015326,0.05373973471982695
MLH1,MLH1_Ala160Val,-0.511047604903416,0.6296433397918294
SFTPC,SFTPC_Arg167Gln,-2.7016052906347334,0.03550011670524191
DES,DES_Gly84Ser,1.2488615914828918,0.2518596905102467
DIABLO,DIABLO_Ser126Leu,-1.936869611175766,0.14816527924871614
GFAP,GFAP_Glu371Val,-0.18990433174008153,0.8547736515913534
KRT8,KRT8_Arg454Cys,-1.5833670077293445,0.16442705229439686
TH,TH_Val136Met,1.9101262528501846,0.10468959073278017
FBP1,FBP1_Gly164Ser,-4.150660101069636,0.004291551524659257
STXBP1,STXBP1_Arg292Cys,4.7040111408345835,0.008931825211428534
TPM1,TPM1_Glu180Val,0.33880514514253074,0.7446926420693778
NR0B1,NR0B1_Val126Met,0.09703910246071458,0.9254152980834089
EMD,EMD_Ser54Phe,0.4443266231011712,0.6869043853783797
AGXT,AGXT_Arg301Cys,-1.938306151803061,0.09376859338960537
ALAS2,ALAS2_Cys358Tyr,-0.06950480468569159,0.9489614283126149
KRT2,KRT2_Asn186Tyr,0.7145126769847091,0.4980389283434763
KRT8,KRT8_Gly53Val,-3.6451570230141574,0.010768374141617092
NCF2,NCF2_Val297Ala,2.6597867473078605,0.04489540816810074
MYOZ2,MYOZ2_Ile246Met,0.1659134265232056,0.8736745794044194
AGXT,AGXT_Glu274Asp,-0.22820421056087306,0.8341574306900164
DCX,DCX_Ala251Ser,4.221390694049208,0.003929824305219644
TPM1,TPM1_Ala239Thr,-4.810126098998857,0.0019434469675511904
COMP,COMP_His441Arg,-4.437536402476972,0.021273757266615095
DCX,DCX_Ser129Leu,-4.8258017942027,0.008487133818884302
GAMT,GAMT_Asp219Asn,0.5710755662795356,0.5858072190842827
AGXT,AGXT_Gly161Arg,-3.2798742069556845,0.013489397696112865
HBD,HBD_Asn13Lys,1.3722587310750038,0.2190729285313255
GCK,GCK_Gly44Asp,4.1723512498170585,0.02506634014909403
STXBP1,STXBP1_Leu183Pro,0.9432653398350292,0.3892675354693768
TPM1,TPM1_Ala22Thr,-2.3203727472819566,0.05336514867695498
SH3BP2,SH3BP2_Pro418Leu,-5.835841460432113,0.0011151000620555174
GLYCTK,GLYCTK_Phe493Cys,10.457055034760026,0.0018669234198676883
KLHL3,KLHL3_Met78Val,3.9423463135361607,0.0055865171988150894
SMAD3,SMAD3_Gln316Pro,-2.614826717155882,0.034669051113472384
DES,DES_Arg222His,-0.3115496344447511,0.7644567561175537
AGXT,AGXT_Ala248Val,-0.7186227279072356,0.4956546427067293
KCNJ2,KCNJ2_Asp274Val,-5.75043414159262,0.004534170869768538
GFAP,GFAP_Asn77Ser,0.602115775755446,0.566081412549674
COMP,COMP_Cys348Arg,-3.532829751438318,0.03856100316353881
GYG1,GYG1_Ala16Thr,0.46758661170577587,0.6542875728359084
ZMYND10,ZMYND10_Arg243Cys,4.0150079318555365,0.01593023965667424
MLH1,MLH1_Asn38His,9.974187338027457,0.00008620003341912188
SMAD3,SMAD3_Asp408His,2.0117278728368957,0.08415100825460003
PLP1,PLP1_Thr43Ile,-1.2661015143560046,0.2524119900643433
PRKAR1A,PRKAR1A_Arg335Pro,-2.7537652378320385,0.033126193623972365
THAP1,THAP1_Lys24Glu,2.1582415545242077,0.07425682695071478
GATA2,GATA2_Pro41Ala,0.3726603001839369,0.7204286315574644
MLH1,MLH1_Lys751Arg,-1.5378975931565624,0.17698504429569273
PNPO,PNPO_Arg95Cys,-2.761608163935253,0.03278420719430722
MVK,MVK_Val5Ala,-0.1041024907300826,0.9204806425657968
STXBP1,STXBP1_Arg406Leu,5.4362894363339205,0.0026713816960856527
KRT6A,KRT6A_Gln166Pro,-3.0855657271474137,0.021509395124280607
WRAP53,WRAP53_Arg68Gly,-1.4664223082446641,0.19289459415146656
KRT6A,KRT6A_Glu472Lys,-1.0958729547347144,0.3151606251430883
KCNJ2,KCNJ2_Thr75Arg,6.877244758852013,0.00023611386342560988
KCNJ2,KCNJ2_Arg67Gln,3.0734220356192226,0.017980804660201435
APOA1,APOA1_Leu114Pro,11.261270721570195,9.728127998751783e-6
LITAF,LITAF_Thr49Met,-0.7141595326147416,0.4982441399504357
AGXT,AGXT_Asn22Ser,-0.11440360668710005,0.9121301690423005
STAR,STAR_Arg188Cys,2.7479052339079706,0.04041063296144149
TPM1,TPM1_Glu40Lys,2.3145333912071533,0.05382612440497133
UBQLN2,UBQLN2_Pro525Ser,2.120584303367721,0.07165964328779754
GCK,GCK_Arg377His,4.463238968736741,0.020946807553891982
HPRT1,HPRT1_Phe74Leu,-1.7713628288495669,0.11979760532728448
KCNJ2,KCNJ2_Asn318Ser,-6.0119559727476535,0.000535836039452267
RP2,RP2_Leu253Arg,-6.039400787358054,0.000931946050647245
NCF2,NCF2_Asp93Glu,2.79247555666314,0.038332618365722146
GFAP,GFAP_Glu205Lys,2.710647620962309,0.030170745833020405
PYGL,PYGL_Asp634His,-1.7129389463846318,0.14739758354016155
MLH1,MLH1_Pro640Ser,10.106371125897395,0.00007033901331586594
SH3BP2,SH3BP2_Pro418His,1.0825061496894879,0.3284478687765013
APOA1,APOA1_Leu84Arg,7.339511430677596,0.00015733680781251263
KRT6A,KRT6A_Ile462Asn,-1.59746098742125,0.15419462539233983
AGXT,AGXT_Arg197Gln,-2.950761277478774,0.02138373594715446
AGXT,AGXT_Ser187Phe,-2.2222783968836137,0.061669556190826466
GALE,GALE_Leu313Met,3.095523350619567,0.01743138323778645
TTPA,TTPA_Gly246Arg,-5.210172273685415,0.001239089931038724
TH,TH_Pro121Leu,-3.199798380745161,0.018604790497454626
LITAF,LITAF_Ala111Gly,1.5777753572891533,0.1586244598779815
DCX,DCX_Lys50Asn,0.874674660706359,0.41075461975337524
FBP1,FBP1_Phe194Ser,-4.19170612240309,0.0040773936911992405
SMAD3,SMAD3_Trp94Leu,-0.8753706257859403,0.4104008292533864
PHYH,PHYH_Gly204Ser,-0.31640049777752755,0.760924876772656
AGXT,AGXT_Gly41Glu,-0.3308704281239826,0.7504259886412553
TMEM43,TMEM43_Arg299Thr,-1.2014325936773036,0.26865041486634833
POMT1,POMT1_Asn144Asp,-4.6723683653684205,0.009501537610850881
STXBP1,STXBP1_Arg505His,1.9380143672881982,0.13722563911831498
PYGL,PYGL_Lys681Thr,-1.7002432098079903,0.139992642568146
FGD4,FGD4_Arg194His,-0.4964522660332161,0.6347834092244535
KRT6A,KRT6A_Leu468Gln,-3.312769242792863,0.016148976478987546
KCNJ2,KCNJ2_Ala70Ser,-8.46573606031396,0.00006339984787322471
GSS,GSS_Arg283Cys,-2.394355716226636,0.047861451251280517
SH3BP2,SH3BP2_Arg415Gln,-0.45658633411105876,0.6671177901050878
NCF2,NCF2_Gly44Arg,0.36919829546845473,0.7270989975657536
ALAS2,ALAS2_Phe128Leu,0.05195892634569444,0.9618276197052229
DES,DES_Ala213Val,-1.3238370190067228,0.2271497946745956
HPRT1,HPRT1_Gly58Arg,-1.7633947398681797,0.12120004644652613
DCX,DCX_Thr203Arg,2.452306279246002,0.04395835426175361
RAB33B,RAB33B_Lys46Gln,2.0976418020542704,0.08074052126938294
TH,TH_Thr7Pro,-0.8876028283305624,0.40892221839990717
TPM1,TPM1_Leu185Arg,-0.9268926711418182,0.38482611269294903
ALAS2,ALAS2_Gly254Ser,-0.5608277588560456,0.6140754769279635
HPRT1,HPRT1_Asp201Gly,-1.7636328196095692,0.12115791616579123
AGXT,AGXT_Ala85Asp,-0.32092395182730593,0.7693249601732763
SFTPC,SFTPC_Ile73Thr,-1.5761000789888402,0.16607383206952775
MVK,MVK_Arg106His,1.6495688051162365,0.15012490314098031
GCM2,GCM2_Gly203Ser,2.9977577149165544,0.02407778058505484
AGXT,AGXT_Ile202Asn,-2.991273621486499,0.020189910078362325
KCNJ2,KCNJ2_Pro415Leu,-4.1948138843905225,0.05240263356213635
BFSP2,BFSP2_Ala407Asp,4.5289885669423064,0.006231264505127082
UBQLN2,UBQLN2_Pro509Ser,3.1234977236195824,0.016761464340140957
POMT1,POMT1_Gln568His,-5.152571381145492,0.006732478811435539
AGXT,AGXT_Asp129His,-0.3655291571807772,0.7255120513220915
KCNJ2,KCNJ2_Arg260Pro,3.8458715039231564,0.006326195862294354
RP2,RP2_Arg282Trp,-0.6963243956530519,0.512283949750431
FA2H,FA2H_Phe144Ser,-3.1504315421085427,0.016142341841007376
ITGB2,ITGB2_Gly273Arg,3.759650159942195,0.06402690883956186
KCTD1,KCTD1_His33Pro,1.976958404049458,0.08857805836182597
GFAP,GFAP_Met74Thr,2.8382155689404236,0.025108732188749008
ALAS2,ALAS2_Ala135Thr,0.46275313735817614,0.6750416417101974
SMARCB1,SMARCB1_Pro48Leu,-4.744348524602794,0.002097242588104645
TTPA,TTPA_Ala120Thr,1.3214104060641465,0.22791534539161518
KRT8,KRT8_Gly434Ser,-2.61097006354963,0.03486409966773302
AGXT,AGXT_Gly82Arg,-1.5877940230097234,0.1563554350776465
PMP22,PMP22_Arg157Trp,0.810462282254141,0.448618304110326
STXBP1,STXBP1_Cys354Arg,5.07900716265247,0.01094302373875927
KLHL3,KLHL3_Glu85Ala,3.434851336992985,0.010913131968237651
NCF2,NCF2_Arg188Lys,-0.5665039272434266,0.595533446642411
STXBP1,STXBP1_Tyr411His,1.6919036479298093,0.1500827351080835
SMAD3,SMAD3_Arg323His,-4.123073494706248,0.004442401882669836
NT5C3A,NT5C3A_Gly202Arg,-0.9245292635559598,0.38597267577385513
NCF2,NCF2_Ala140Asp,-0.48868114481836955,0.6457460899738856
AGXT,AGXT_Gly161Ser,-1.4002285246957424,0.20417549306737212
AP2S1,AP2S1_Arg15His,-0.37697225654332434,0.7312798942929293
POMT1,POMT1_Ser515Arg,-1.105332324690641,0.3113564101649565
MVK,MVK_Pro200Ser,1.2029342935602756,0.27431099294547645
SMAD3,SMAD3_Val410Phe,-2.215664893573161,0.06227439914219918
STXBP1,STXBP1_Asp207Asn,14.958940065405898,0.00004100606029309865
KCTD1,KCTD1_His74Pro,2.38113342512119,0.048800722244499474
NEXN,NEXN_Tyr544Cys,0.11971645615453054,0.9086157343061153
AGXT,AGXT_Ser221Pro,-1.3757279735161365,0.21130958531284005
FOXP3,FOXP3_Pro187Leu,-4.467356722023371,0.0029101734485915643
ALAS2,ALAS2_Asp153Val,-1.7070343018992538,0.18635459961215084
KCNJ2,KCNJ2_Thr400Met,-3.2585989131912094,0.013891245533115285
MVK,MVK_His20Gln,0.9650655955250064,0.3717815498182178
PLP1,PLP1_Cys193Tyr,-2.550585641673705,0.06326611186766325
SFTPA2,SFTPA2_Phe198Ser,-2.599657400436074,0.0354428365372903
CTNNA3,CTNNA3_Val94Asp,0.8286182388535513,0.4346601957037892
THAP1,THAP1_Lys89Arg,1.2761999557584023,0.24905691894345083
PRKAR1A,PRKAR1A_Arg74His,-1.9899247021105682,0.09372581795897901
KCNJ2,KCNJ2_Gly300Asp,3.67867393948444,0.007873459483294407
GCM2,GCM2_Arg47Leu,4.430296348314918,0.004421694100187613
PUF60,PUF60_His152Tyr,1.7168792673349664,0.22813881900551278
FBP1,FBP1_Asn213Lys,-0.4051552500348869,0.697459498926623
GMPPB,GMPPB_Pro22Ser,-3.4045656402449764,0.019155901198541256
HPRT1,HPRT1_Ala161Ser,-1.1145244819573936,0.30185197605685443
KCNJ2,KCNJ2_Arg82Gln,3.3540314091259584,0.012183369369347781
TPM1,TPM1_Ile92Thr,-1.8165063834764141,0.11214105363148909
COMP,COMP_Ser681Cys,-16.169945666487035,0.003802770229342736
KCNJ2,KCNJ2_Val86Phe,-6.130519820080001,0.00047655752473487064
TMEM43,TMEM43_Thr277Ser,31.96264306722405,7.586639404401873e-9
SIX1,SIX1_Val106Gly,-1.8966642578959163,0.11636037256046243
FTH1,FTH1_Lys54Arg,-0.8580348974407832,0.4192794455694183
DES,DES_Thr445Ala,-2.5988832073913235,0.04072327107902552
PLP1,PLP1_Ile152Thr,-1.1419796541456495,0.29697877169744397
MLH1,MLH1_Ser508Arg,3.8163869649930464,0.009271146215776242
AGXT,AGXT_Gly41Arg,0.8028800598994426,0.44844179251003846
KRT6A,KRT6A_Ile178Asn,-0.923189904450897,0.3866235748118981
MVK,MVK_Thr209Ala,-1.5068693182896413,0.18256329664124
TH,TH_Ile209Met,0.0,1.0
IL36RN,IL36RN_Thr123Arg,4.4246407376927515,0.003064036398848067
MLH1,MLH1_Gly147Arg,-0.4643113784640383,0.6608436910288769
GFAP,GFAP_Leu235Pro,-0.260703808172917,0.8018239410818208
PYGL,PYGL_Tyr821His,1.548645980190947,0.17243738972314976
ALAS2,ALAS2_Arg374Cys,0.2810913475705226,0.7969124956548266
NMNAT1,NMNAT1_Glu257Lys,-4.106150027728081,0.009298760695187858
HPRT1,HPRT1_Gly71Arg,0.0,1.0
DES,DES_Arg278Pro,-0.3605774844110268,0.7290506089361892
MIP,MIP_Val67Ile,3.225589550567309,0.01801008888036776
MLH1,MLH1_Ile36Met,3.465513034772151,0.025428954862788424
EMD,EMD_Pro183His,3.810947171782436,0.018924739803267306
GFAP,GFAP_Ala364Pro,-2.2464246117882904,0.059511161984062096
KCNJ2,KCNJ2_Arg40Pro,-3.0917878182528318,0.0175229762616131
SMAD3,SMAD3_Ser423Arg,1.6131488216432766,0.15074696978275082
GFAP,GFAP_Arg376Trp,1.1193986023820854,0.29990456020762424
KCNJ2,KCNJ2_Arg67Trp,6.740878613915809,0.0002672307564035349
TPM1,TPM1_Met281Thr,-0.45222023817052737,0.6647911240620518
SMAD3,SMAD3_Ser355Leu,-1.6947433507279288,0.13394834931330357
DES,DES_Ala237Thr,-0.8536337327695355,0.4260689326117616
IMPDH1,IMPDH1_Arg154Trp,6.11817742842864,0.00048237236436229187
FBP1,FBP1_Gly260Arg,-3.984291159945321,0.00724764610483619
SFTPC,SFTPC_Val48Met,-1.5024466497120352,0.18366731063674038
NEXN,NEXN_Arg171Cys,3.1463038356279194,0.01990789375583609
SFTPB,SFTPB_Ala280Thr,2.585902486527058,0.04143940693038937
TMEM43,TMEM43_Arg28Trp,-12.330721698300865,5.296793012136933e-6
EMD,EMD_Met1Val,3.5505230110038997,0.02378741191789191
AGXT,AGXT_Ile279Thr,-1.7121985069289054,0.14753834017229125
DES,DES_Gly20Arg,-0.4582769510913665,0.6628829161580638
DES,DES_Leu338Arg,0.5875481839186657,0.5752902679951499
SIX1,SIX1_Tyr129Cys,0.9283744633773701,0.39582191834870223
TH,TH_Thr283Met,-4.805128036937354,0.01715817096343997
KCNJ2,KCNJ2_His110Tyr,-6.745318181852436,0.0005174307149335668
SMAD3,SMAD3_Arg268Cys,1.9622759137633665,0.09051564826149161
DCX,DCX_Ala71Ser,2.9576168842851,0.021176573127721702
NCF2,NCF2_Asp108Val,-1.1101663640562776,0.3174438498804712
DES,DES_Ser298Leu,-0.17489492643904125,0.8661133953786853
FAM161A,FAM161A_Leu269Arg,-4.643912175436397,0.005612842529863357
LITAF,LITAF_Pro34Thr,3.0209001547102066,0.019361689299216767
PLP1,PLP1_Leu189Pro,-1.9579359318679646,0.12184270042162369
MYOZ2,MYOZ2_Gln10Pro,-0.1284603452618523,0.9019823856628111
AGXT,AGXT_Ala248Ser,-0.3332991636980899,0.7608437318378843
DES,DES_Ala357Pro,0.8061980193805693,0.4466482336925286
HBD,HBD_Asp100Asn,1.0339901816804535,0.3485363572357786
LITAF,LITAF_Ser118Pro,-4.761101686604823,0.002056832159782133
DES,DES_Glu245Asp,-6.227710814940649,0.024827389357610606
LITAF,LITAF_Ile92Val,-6.379654154375062,0.0003744690884580047
SMAD3,SMAD3_Pro263Ala,1.9642518756355836,0.09025248344437437
STXBP1,STXBP1_Val451Ile,-0.5036278337280455,0.6392228176799195
MSRB3,MSRB3_Cys82Gly,6.214611188089535,0.0004389680914137422
DES,DES_Arg350Pro,-3.517811819867572,0.012551824486918245
DES,DES_Val394Met,-0.3815706558011034,0.7395040495817525
DES,DES_Asp312Ala,-0.18491126684131265,0.8593906573473771
LIG4,LIG4_Thr9Ile,1.068741134003076,0.3206498828229803
KCNJ2,KCNJ2_Val93Ile,-0.02632822096708289,0.9797303962441248
TH,TH_Gln39Glu,-3.1237063930203934,0.02048801294748567
PRPF31,PRPF31_Ala194Glu,-4.695721156165871,0.018265912694054788
MLH1,MLH1_Ala681Thr,1.5957993985892436,0.16500665216108837
NCF2,NCF2_Arg184Pro,-3.301371238422491,0.08078846472949794
STXBP1,STXBP1_Gly417Asp,0.4718616553200927,0.6642798353089472
KLHL3,KLHL3_Ala77Glu,4.549140117826014,0.0026387982917211975
CTH,CTH_Ser403Ile,2.4805173069271156,0.04217814902743756
KRT6A,KRT6A_Asn171Thr,-2.386376726262172,0.05429382707364641
MLH1,MLH1_Gln701His,2.2962860370179023,0.07323709473336355
KRT8,KRT8_Gly55Ala,-5.947321802397782,0.009505614995236191
HBD,HBD_His147Arg,-0.8995045416635244,0.4030387608705062
IL2RG,IL2RG_Trp237Arg,0.8840546497721782,0.4060050110971165
GCM2,GCM2_Gly63Ser,2.766520797036251,0.03257192473138916
APOA1,APOA1_Arg197Cys,9.760219832244827,0.0006173266846626049
POLR1C,POLR1C_Arg279Trp,-1.7837498431526742,0.12472751099995734
MVK,MVK_Pro167Leu,-0.12362091919024873,0.9056526703202008
DIABLO,DIABLO_Gly224Arg,-1.7973807282663197,0.17012564654431792
MVK,MVK_Ile119Met,-1.4570504063598197,0.19536472846022682
NCF2,NCF2_Asn419Ile,2.8455250965381618,0.03601221121809651
MVK,MVK_Ile268Val,1.46756550365208,0.1925952728239594
GFAP,GFAP_Arg79Ser,-0.8818582235662402,0.40711356826039713
KRT6A,KRT6A_Val523Phe,-2.7982577985645616,0.026590748764727574
COMP,COMP_Asp319Val,-1.8112571274222835,0.14433617927797998
GFAP,GFAP_Lys236Thr,-1.1436242618907324,0.2903773364473676
FOXP3,FOXP3_Gln70His,-5.1305318328863745,0.0013528524463037638
KCNJ2,KCNJ2_Asp71His,0.7146692094537813,0.49794798522477
PYGL,PYGL_Leu739Met,-1.4986798374371693,0.18461252245791457
MLH1,MLH1_Pro747Ser,7.355162584012731,0.0027626048378847808
RNF135,RNF135_Arg286His,9.208189217381538,0.00009252240513964363
TPM1,TPM1_Met8Arg,-0.9617760921198955,0.36819971747689334
DES,DES_His441Leu,0.44739297996030525,0.668107641902418
DES,DES_Arg127Pro,-1.5438712771479435,0.1665307032442785
GALE,GALE_Val94Met,1.201423328330532,0.31578480856030877
DES,DES_Tyr122Asp,-2.8642422200550066,0.0352311026071162
PYGL,PYGL_Thr586Met,-2.0721934287569113,0.08363322489823241
KCNJ2,KCNJ2_Met301Val,-0.5791264482320353,0.5806534559544194
TTPA,TTPA_Glu141Lys,-5.021440304325178,0.002400619347604137
STAR,STAR_Arg182His,0.814814814814815,0.46090932983262417
DIABLO,DIABLO_Ile59Val,-1.9098382168101278,0.15215021311874846
TH,TH_Thr245Pro,-10.124533215882408,0.0020525790818795697
KCTD7,KCTD7_Arg94Trp,-0.01451192566967587,0.988826513569761
KRT6A,KRT6A_Glu163Lys,-11.309103456242465,0.007728340700114846
MLH1,MLH1_Leu582Val,2.411117948635864,0.08069339219226045
GFAP,GFAP_Arg88Cys,-0.09420888305581449,0.9275831682326516
TH,TH_Thr368Met,-31.902614395244182,0.0009810879984702803
NT5C3A,NT5C3A_Cys108Arg,-2.5229825460026913,0.03963735544814745
POLR1C,POLR1C_Arg279Gln,0.024626383942261253,0.9811515742167104
GCK,GCK_Val253Ala,3.246908235219246,0.047600907638126466
MVK,MVK_Cys101Tyr,2.3033948515040046,0.06081680740371664
STXBP1,STXBP1_Asn548Asp,5.597400635250872,0.0014095809323316233
NCF2,NCF2_Asn448Asp,1.9360336338767798,0.11063159667344669
THAP1,THAP1_Val193Ile,-0.129939731496476,0.9008609247095717
MLH1,MLH1_Val716Met,3.6683276025038363,0.031894307134183494
MLH1,MLH1_Ala681Val,6.425040042857222,0.0038372945135692143
MVK,MVK_Thr243IIe,0.35654372110740784,0.735218066839411
STXBP1,STXBP1_Arg235Gln,-4.05622614091121,0.010209345726264099
STXBP1,STXBP1_Leu365Phe,-11.725772929973896,0.00017114325537650232
MLH1,MLH1_Ala586Asp,-1.6482949662558526,0.15656194831107567
MVK,MVK_Asn301Thr,-1.2333145110109436,0.2671720617476461
STXBP1,STXBP1_Lys196Arg,4.501020169295504,0.017762017585872206
MVK,MVK_Gly211Ala,-2.796560281398635,0.04785113443733491
STXBP1,STXBP1_Leu426Pro,3.928726611385926,0.010469641334913597
MLH1,MLH1_Asn38Lys,1.5427035931425184,0.17569056178898376
STXBP1,STXBP1_Arg551Leu,0.898686428363179,0.4143146113223581
STXBP1,STXBP1_Met443Arg,-1.5920045116195725,0.169101536965928
STXBP1,STXBP1_Pro94Leu,6.6658733858914925,0.004948581912250434
COQ8A,COQ8A_His85Gln,-5.237719661836903,0.001202249414890344
FOXP3,FOXP3_Gly52Val,-0.2859307959501351,0.7832076011433657
LITAF,LITAF_Phe136Leu,1.6572231862946003,0.1414419739623293
PHYH,PHYH_Pro29Ser,3.0451576018462543,0.018710418230086345
KCNJ2,KCNJ2_Asp78Gly,3.088020249997189,0.017615873900298448
BAG3,BAG3_Arg477His,4.362827008836926,0.012035453922377305
SMAD3,SMAD3_Leu308Phe,-0.058649837508755645,0.9548701945886535
NR0B1,NR0B1_Asn440Ile,-3.2576129554658255,0.013910176635705743
KCNJ2,KCNJ2_Cys76Gly,15.553557204155378,1.097524869034037e-6
TPM1,TPM1_Ala277Val,-1.4045682614484176,0.20293440581795003
LITAF,LITAF_Pro84Leu,1.3262248766655964,0.2263986615950635
GFAP,GFAP_Asn386Ile,2.767219550800815,0.02780523453383477
NR0B1,NR0B1_Trp105Cys,1.6324101581606403,0.14661222643003696
KCNJ2,KCNJ2_Lys364Arg,-5.153765072449787,0.0013185088123231403
LITAF,LITAF_Pro39Ser,1.714485014223526,0.1301575949289161
APOA1,APOA1_Ala188Ser,11.72794201782346,7.4151236159767266e-6
NR0B1,NR0B1_Arg425Ile,0.25188761123065967,0.8083633030903852
KCNJ2,KCNJ2_Arg189Lys,4.6256802761229086,0.0024099335694397505
GFAP,GFAP_Asp417Ala,2.6101655249904945,0.034904932405578404
SMAD3,SMAD3_Pro124Leu,-12.605937930789255,0.000015260954088103718
LITAF,LITAF_Pro135Arg,2.6633708415624735,0.0323087730878085
PHYH,PHYH_Gln176Lys,1.0895334882131429,0.31199913092641357
SMAD3,SMAD3_Asp258His,0.7921476435032779,0.45427759068119145
CFP,CFP_Tyr414Asp,2.987198395573705,0.02030674142104034
TPM1,TPM1_NA,-0.37940362776928666,0.7156355666098309
NT5C3A,NT5C3A_Phe31Leu,2.3433323358696247,0.05159128357635982
BFSP2,BFSP2_Arg339His,5.976192049507599,0.0005553053332525523
SMAD3,SMAD3_Ile87Thr,2.062218149390332,0.07810892033371818
TMEM43,TMEM43_NA,-4.805192974072144,0.001954537336411128
TPM3,TPM3_Ala4Val,-0.49686966885115613,0.6345035921773554
LITAF,LITAF_Pro51Ser,2.014831498799373,0.08376661487848286
BAG3,BAG3_Arg218Trp,3.0623901535053406,0.01826191501497289
GFAP,GFAP_Met73Arg,1.8582980829244475,0.1054746674311367
GFAP,GFAP_Leu352Pro,-0.34846343008897124,0.7377372901285819
KCNJ2,KCNJ2_Glu349Lys,-5.86949506947161,0.0010821626779726886
COQ8A,COQ8A_Gly272Asp,-9.37426568819118,0.0000327022681658712
TPM1,TPM1_Glu180Gly,3.0598449334422377,0.018327432523671455
LITAF,LITAF_Trp116Gly,0.9282762239775726,0.38415609302232573
FOXP3,FOXP3_Ile363Val,7.269764547518527,0.00016705437947844355
CTH,CTH_Thr67Ile,2.0687059418227256,0.07736440760268969
CDKN1A,CDKN1A_Arg67Leu,-2.0080660272332036,0.0846067794697647
IMPDH1,IMPDH1_Arg273Pro,-9.16032900198137,0.00009528740135524338
TMEM43,TMEM43_Arg312Trp,13.123628781049375,3.479746744942709e-6
LITAF,LITAF_Arg160His,3.5100057111287373,0.009859306643242385
LITAF,LITAF_Pro135Ser,-5.22826758660464,0.0012147510324238629
KCNJ2,KCNJ2_Pro420Leu,-7.768272263462072,0.0002394235018509365
CLDN19,CLDN19_Arg200Gln,-2.8767116411631983,0.023762962425675483
SMAD3,SMAD3_Arg287Gln,-9.793400077343916,0.002262583738531937
KCNJ2,KCNJ2_Gly206Ser,-5.31677620322581,0.012995948062200686
COQ8A,COQ8A_His80Tyr,-0.4379057794936797,0.6746488841873108
CCBE1,CCBE1_Gly136Arg,6.440563496065129,0.0003534099533398642
RAD51D,RAD51D_Val56Gly,1.9985217593357885,0.08580618781279473
LMNA,LMNA_Arg335Trp,4.583862108039076,0.0025321301333144763
F9,F9_Asn166Tyr,-2.143030102118312,0.06932343798974207
F9,F9_Arg3His,-0.6646270003672425,0.5275693100249713
BRAF,BRAF_Gly469Glu,1.200036246927843,0.2691587309971123
BAP1,BAP1_Thr423Lys,-1.3565825611557805,0.21703700719903737
KRAS,KRAS_Met72Leu,-2.4492678134739627,0.04415464746417742
F9,F9_Ser220Thr,-1.5813680655719948,0.1578072999155839
F9,F9_Asp410His,-0.30216283032682023,0.7713082509933437
BAP1,BAP1_Glu31Lys,0.06824504354142172,0.9474990528833314
LMNA,LMNA_Arg377Leu,0.8303741991373911,0.4337309726645242
BAP1,BAP1_Cys91Ser,0.5371858858067884,0.607783622798212
LMNA,LMNA_Leu162Pro,-3.3189154883621836,0.012784044679513561
F9,F9_Arg191His,-2.575191626456613,0.03672882890207274
F9,F9_Glu73Val,-2.6225172420292235,0.03428348463706878
F9,F9_Val227Ile,-2.373689508444221,0.049337789284427086
KRAS,KRAS_Thr58Ile,-0.39527774123572407,0.7044069422700285
BRCA1,BRCA1_His41Arg,-0.7905479031010616,0.45515193572773704
F9,F9_Val257Ile,-1.8257507063326923,0.11063229444803031
BRAF,BRAF_Thr241Arg,-8.877044476380464,0.0000466454663945854
RAD51D,RAD51D_Glu233Gly,2.0151388056522266,0.08372864851161924
RET,RET_Thr338Ile,-1.424602819963752,0.19729169514798545
CTCF,CTCF_Pro643Ser,-1.7124595339057247,0.13054179486316442
CTCF,CTCF_Arg283His,-2.8543577306982333,0.029015397120621497
RAD51D,RAD51D_Arg55Trp,1.021432754244928,0.341046466783239
ZC4H2,ZC4H2_Ala200Thr,-5.682062973976312,0.0007491281331314925
LMNA,LMNA_Arg41His,4.266345707886469,0.0037173824125443845
BRCA1,BRCA1_Thr587Arg,-0.4548873787721197,0.6629621326061451
FH,FH_Asn340Lys,10.63377390618422,0.00004075682484155514
BRCA1,BRCA1_Leu660Pro,0.7722291595565172,0.4652467741162628
LMNA,LMNA_Arg349Leu,1.0956468444891008,0.3094917419063528
F9,F9_Ala397Pro,-2.551530951626418,0.038018558926100524
BRCA1,BRCA1_Met1Thr,2.6505609192138624,0.03291488248938516
ABCD1,ABCD1_Arg518Trp,8.231574645280068,0.00007593249847055185
BRCA1,BRCA1_Thr37Lys,-0.25728289233865603,0.80435939653231
SHOC2,SHOC2_Glu13Ala,-3.1184142906339396,0.01688113056320015
F9,F9_Cys178Phe,-11.216381779192723,0.001519226590029085
RET,RET_Arg330Gln,-1.7958396916116608,0.11558602092288398
CTCF,CTCF_Arg342Cys,4.0251147636350355,0.005026859283026853
CTCF,CTCF_His455Gln,3.8257806455949326,0.006493290691325369
BRAF,BRAF_Val487Gly,-6.116199946608242,0.00048331137760885195
BRCA1,BRCA1_His299Tyr,-2.033763125966286,0.08145918034371533
F9,F9_His303Tyr,-1.5857317182942252,0.15682003259997593
ZC4H2,ZC4H2_Arg213Trp,-6.429607337566906,0.00035709788012483603
CTCF,CTCF_Tyr407Cys,2.2604531941423103,0.058292407096491645
BRCA1,BRCA1_Glu143Lys,1.0715681647773336,0.3194625014850119
SHOC2,SHOC2_Gly53Arg,-1.3521828512316285,0.21837236832015264
RAD51D,RAD51D_Val66Met,-0.545546479468292,0.6023201818835449
BAP1,BAP1_Ser596Gly,0.351957833731541,0.7352272520962135
BAP1,BAP1_Thr93Ala,-0.6567658065858207,0.5323213743048774
ZC4H2,ZC4H2_Arg211Trp,-11.187153169578217,0.00001016631686776567
F9,F9_Asp110Asn,1.7930019133298674,0.11606692398250139
RPS19,RPS19_Gly127Glu,-7.707857851852217,0.0001154978914415701
CTCF,CTCF_Asp46Asn,-2.5556236375766055,0.04316233733910241
BRCA1,BRCA1_Arg595Gln,-1.2480440075438437,0.25214139106590744
ZC4H2,ZC4H2_Ala162Thr,-4.370447319580962,0.0032722768210010993
KRAS,KRAS_Gly60Ser,-0.09720436679761342,0.9252887309563864
BAP1,BAP1_Leu49Pro,1.5336173628501408,0.16899235826402517
BRCA1,BRCA1_Asn132Lys,2.212585170847975,0.06255809591849197
F9,F9_Ile136Thr,1.8596057282386111,0.10527238859817044
BRCA1,BRCA1_Leu460Pro,1.3818159885120436,0.20951653672145118
CTCF,CTCF_Arg567Leu,1.1800602714906496,0.2765194233427633
BRAF,BRAF_Glu501Lys,0.6633972900818994,0.528310912774345
RHO,RHO_Arg135Trp,-17.38033735531913,5.133434051767988e-7
BRCA1,BRCA1_Cys39Arg,0.8472010433103342,0.4248979667525149
BCL10,BCL10_Ala5Ser,-2.11002446113385,0.08861914220244649
FANCC,FANCC_Leu496Arg,-1.549280011711085,0.1652455454136042
BRCA1,BRCA1_Ser408Ile,0.010557865224829883,0.9918707968983869
F9,F9_Cys335Tyr,-4.914890869136402,0.001723632887315511
KRAS,KRAS_Gly60Arg,-2.525125755633534,0.03951338958819366
RHO,RHO_Cys110Tyr,-5.373754793745742,0.001037313511567956
KRAS,KRAS_Asp153Val,-0.3822084358919264,0.7136459741761332
F9,F9_Ile7Phe,-1.8798922387074215,0.10218205798682319
F9,F9_Arg191Cys,-3.11408960814349,0.020740463895787046
FH,FH_Leu507Pro,4.283741584521042,0.005184294876647455
F9,F9_Arg384Leu,-3.007334038146191,0.019736371292147295
KRAS,KRAS_Pro34Arg,-1.8765842108443014,0.10267990481406933
G6PD,G6PD_Ile48Thr,-0.2620179732240577,0.8008506093363101
RAD51D,RAD51D_Asn138His,1.6166526065546751,0.14998682499991292
BRCA1,BRCA1_Ala102Gly,-1.4050219512461604,0.20280504742642533
BRCA1,BRCA1_Asp67Tyr,2.5125896208651195,0.04024421782312692
F9,F9_Glu79Asp,-2.573421637299557,0.03682372229763606
BRCA1,BRCA1_Gly666Val,0.8111849338867764,0.4439619283781052
F9,F9_Ile210Thr,-3.317402673587866,0.01281062663396674
SOS2,SOS2_Val869Ile,-1.6906881260572169,0.13473984727334107
RAD51D,RAD51D_Val66Leu,3.332290913702663,0.01255158257903223
LMNA,LMNA_Arg386Thr,1.4645911073941391,0.18644784142247456
BRAF,BRAF_Phe468Ser,-5.287701209677223,0.0011384771237647243
ZC4H2,ZC4H2_Ala157Thr,-10.081278927908906,0.00002028191414801023
F9,F9_Asp110Gly,-4.032269083219418,0.00498144213801118
RAD51D,RAD51D_Val28Leu,-0.90363915640805,0.3962182548910523
F9,F9_Thr194Ala,-4.730674388204422,0.003222282231961676
FH,FH_His318Tyr,3.1703971636548824,0.019309050557584827
F9,F9_Val195Gly,1.4590067567152354,0.18792919742567601
BRCA1,BRCA1_Glu631Lys,1.0983392108185215,0.30839265196900983
BRCA1,BRCA1_Met1Ile,6.765004300970164,0.0002614050448425321
RET,RET_Gly321Arg,1.6968224836440589,0.13354425044658957
BRAF,BRAF_Gln257Arg,-4.0967768173781565,0.004591621866850185
BRCA1,BRCA1_Phe558Ser,1.6111167737238428,0.15118946477997378
F9,F9_Gly442Arg,1.7405705383053478,0.1253045662462782
BRCA1,BRCA1_Thr581Ala,0.0497091547769512,0.9617428060924307
F9,F9_Glu73Lys,-4.161802409004811,0.0042322222478180975
FANCC,FANCC_Leu554Pro,-0.3335628604146983,0.7484786135159357
RAD51D,RAD51D_Ile17Val,0.8297191536322671,0.4340774464288859
RAD51D,RAD51D_His23Arg,0.46032392122955723,0.6592416574464562
ZC4H2,ZC4H2_Cys192Tyr,-5.160461914766019,0.03556021322527632
BAP1,BAP1_Asn290Ser,-0.3729935111171861,0.7201914707181801
F9,F9_Ser406Leu,-3.5650261072658345,0.009157638707403087
BRAF,BRAF_Gly464Val,-4.383115862384623,0.003222238147491784
BRCA1,BRCA1_Gly602Ala,3.458879566726189,0.010563565807662701
RHO,RHO_Arg135Leu,-12.702939872581677,0.000014596173777115511
KRAS,KRAS_Tyr71His,-4.892479479558333,0.001768232186353
KRAS,KRAS_Phe156Leu,-2.8937598314972,0.023191472239177145
SHOC2,SHOC2_Asn527Ser,2.1059774962464166,0.0732220540664537
RHO,RHO_Pro267Thr,-6.437157064447852,0.0003545519851312502
ABCD1,ABCD1_Arg389Gly,7.214936905963234,0.00017516911910830517
SHOC2,SHOC2_Thr321Ala,-3.868653257477352,0.006142367602687363
BRAF,BRAF_Asp565Glu,-2.6309360210738006,0.0338665149617909
F9,F9_His282Tyr,-1.3745699158063474,0.21165219075946431
SHOC2,SHOC2_Ser4Arg,-2.115892778315492,0.07215780633141851
RAD51D,RAD51D_Ile251Val,0.7776406398453396,0.4622488886013073
FH,FH_Ser334Arg,0.5356287401458311,0.6114778201904933
F9,F9_Ala233Thr,-0.7705435338155132,0.46618328932048236
RET,RET_Thr278Asn,-0.6907675516055969,0.5119595315860082
BRCA1,BRCA1_Val632Ala,2.1490587662768768,0.06870905490576534
KRAS,KRAS_Pro34Leu,-1.422648105997645,0.1978359955775831
ABCD1,ABCD1_Arg518Gln,6.2907017796871,0.00040780087036125073
F9,F9_Arg384Pro,-3.6845709938138382,0.007812380013432871
LMNA,LMNA_Ala43Thr,2.826701345748407,0.02552666596388305
BRAF,BRAF_Val600Gly,3.466058469875043,0.010461482848769289
F9,F9_Val374Phe,-5.504701111376828,0.0009020360212474599
FH,FH_Arg233Cys,0.840040754452072,0.4330774414127768
F9,F9_Lys39Arg,0.5834147239677604,0.5779189782041229
F9,F9_Trp453Arg,-4.222977072156634,0.0055429861400118005
SHOC2,SHOC2_Ser2Gly,-3.1962184734631762,0.015145173112769224
FANCC,FANCC_Asp195Val,1.2566203609821562,0.24919974099408038
BRCA1,BRCA1_Pro510Ser,1.2763374668476026,0.24254813146313225
F9,F9_Arg379Gln,-2.6628463076730364,0.03233336193180533
BRCA1,BRCA1_Phe591Leu,1.6193629120142436,0.14940127798338723
FH,FH_Pro174Arg,10.162270857596216,0.000052836229120136614
BRCA1,BRCA1_Pro533Leu,-0.7528200911783965,0.47610774311243165
BAP1,BAP1_Arg718Gln,-0.9458164145836372,0.37573764594446835
RHO,RHO_Asp190Gly,-2.929431263260496,0.022042111608632748
F9,F9_Ile443Thr,-2.603126825347658,0.035264293228412145
F9,F9_Cys134Ser,-3.3797959324717373,0.014861540864500467
RET,RET_Pro64Leu,-1.201347931595469,0.2686812116504655
BRAF,BRAF_Lys499Asn,-4.944762682826767,0.0016661142958100037
ZC4H2,ZC4H2_Arg18Lys,-6.340999360000492,0.00038856290197054536
ZC4H2,ZC4H2_Lys217Arg,-4.109348315318837,0.004519611248172494
BRCA1,BRCA1_Thr581Ile,2.1265294642858166,0.07103329880869202
KRAS,KRAS_Lys5Asn,0.08584326223585399,0.9339947865923037
F9,F9_Phe395Ile,-2.751249441409619,0.028452659811841512
F9,F9_Gly357Arg,-2.678554259182531,0.03160539804409802
BRCA1,BRCA1_Glu455Lys,-0.7002018322598149,0.5063990015883388
F9,F9_His282Arg,-2.5485677847101242,0.038183352616759834
FLCN,FLCN_Arg239Cys,0.9174070101483766,0.38944335444511674
F9,F9_Cys407Arg,-3.15553232850932,0.016027863050384276
RPS19,RPS19_Arg101His,-2.407724429948076,0.04693058430635163
BRAF,BRAF_Phe595Leu,-9.759425206849947,0.010336581546443782
F9,F9_Ser411Ile,1.2452466356035585,0.2531072668651517
KRAS,KRAS_Gly12Val,-5.955690773263131,0.0005668221876575696
FH,FH_Arg160Gly,7.053545849662073,0.00040631942806925705
RET,RET_Arg313Gln,-2.285823693071175,0.05615212771343529
CTCF,CTCF_Arg342Gly,6.0220837101592055,0.0005304623673855454
SHOC2,SHOC2_Ser57Phe,-1.2094902213471577,0.26573292360703604
BRCA1,BRCA1_Arg71Gly,-1.183279693007538,0.275321882540562
RAD51D,RAD51D_Cys9Ser,-0.430044793701963,0.6800918575546037
RAD51D,RAD51D_Val132Ile,1.1951833385138684,0.270931637294705
F9,F9_Cys170Tyr,-5.196104915678863,0.0012583859585505689
F9,F9_Cys28Arg,2.152584623455668,0.06835226540196286
CTCF,CTCF_Tyr226Cys,-2.0081090165748017,0.08460141469372065
BRCA1,BRCA1_Glu116Lys,-0.5233944689523996,0.6168548518585896
SOS2,SOS2_Pro1318Ser,1.0493118206423042,0.328906085228044
G6PD,G6PD_Glu398Lys,-2.2270130039444096,0.061240193067420415
FH,FH_Ser419Pro,1.6917016548170403,0.14165291060128632
BRAF,BRAF_Glu501Val,0.06923700484882474,0.9467373185822208
BRCA1,BRCA1_Arg71Lys,0.07187573777971566,0.9447113095236084
BRCA1,BRCA1_Met671Lys,2.267013845164269,0.05773114204962296
SHOC2,SHOC2_Thr205Ala,-0.7932454090740622,0.45367827402196725
RAD51D,RAD51D_Thr328Ile,0.5151692477436156,0.6222994408448728
SHOC2,SHOC2_Leu174Phe,1.1759562196714102,0.2780523239715201
BRAF,BRAF_Leu245Phe,-6.838409603080999,0.00024453937326696584
BAP1,BAP1_Cys91Gly,1.5164097053786887,0.17319848524644227
RET,RET_Arg67His,0.8659334758591015,0.4152170581728022
RET,RET_Leu56Met,2.070499399299519,0.07715984473902697
FH,FH_Leu303Ser,4.116431421416617,0.006241164929272879
ZC4H2,ZC4H2_Leu66His,-6.503081082564646,0.0003331667654269905
BRCA1,BRCA1_Cys44Tyr,-0.8137193508629426,0.4426010528135844
SHOC2,SHOC2_Ser403Gly,-3.861317166307788,0.006200919790985726
KRAS,KRAS_Phe156Ile,-1.3743464521347168,0.2117183578603233
BRCA1,BRCA1_Met548Ile,0.2873204807817469,0.7821863607221871
KRAS,KRAS_Gly13Asp,-1.6558698671862377,0.1417194965294439
F9,F9_Cys396Ser,5.334346676148364,0.0010823425346290789
RET,RET_Val292Met,-6.302622328210597,0.00040314669841361
FH,FH_Arg101Pro,4.936823787103087,0.0026122475521523467
F9,F9_Tyr161Cys,-4.181331575015963,0.004130393319615212
CTCF,CTCF_Arg567Trp,-2.2467893963047323,0.05947914658227662
RAD51D,RAD51D_Phe305Leu,0.583403789039403,0.6005843938160091
BRCA1,BRCA1_Thr616Ala,-6.233928517816243,0.0004308100442908221
BRCA1,BRCA1_Val275Ile,-0.4219542876087648,0.6857151825709713
BAP1,BAP1_Pro12Thr,1.2327266947006599,0.2574688649083334
BRCA1,BRCA1_Arg391Met,0.12346703943560886,0.9052076336151375
F9,F9_Arg294Gln,-3.301016310544247,0.016387103988651584
BRAF,BRAF_Val471Phe,2.3797904528016036,0.04889717181123469
G6PD,G6PD_Arg365His,-0.12537883577312148,0.9037485339254261
F9,F9_Arg226Gln,-1.7008128767404025,0.1327719074838614
CTCF,CTCF_Ala697Thr,-1.1232772209850925,0.298362229751802
RAD51D,RAD51D_Ala231Ser,0.24888080055203415,0.8105973795143
KRAS,KRAS_Gly12Asp,-1.282954401654033,0.24035037393394657
F9,F9_Pro414Thr,-1.1216143046907852,0.29902269163657036
SHOC2,SHOC2_Glu25Gly,-1.292301105093803,0.23727522836829176
BRCA1,BRCA1_Lys502Glu,0.8105603126478718,0.44429777323077857
KRAS,KRAS_Ile36Met,-3.4018910795778345,0.011413064402871407
RPS19,RPS19_Arg62Trp,2.4791241841752996,0.042264292882514945
BRCA1,BRCA1_Cys64Tyr,-0.2411116846042154,0.8163785956912686
RAD51D,RAD51D_Glu307Lys,-3.404294044082903,0.011375795993745073
SHOC2,SHOC2_Met173Val,-0.3926407601204963,0.7062668529828494
F9,F9_Arg75Gln,-0.6220852274614853,0.5535999388326938
RET,RET_Val262Ala,-0.24949633256160386,0.8101398810197044
BRCA1,BRCA1_Cys64Ser,-0.5198160846601582,0.619220375890755
F9,F9_Ile316Thr,-4.807759772349099,0.002977039338873639
BRAF,BRAF_Leu485Phe,-3.8216848768826113,0.006527941362460827
ZC4H2,ZC4H2_Ile7Val,-1.3973623365001806,0.20499887214456444
F9,F9_Pro175Ser,0.5239758224501593,0.6164710018454577
ZC4H2,ZC4H2_Arg198Gln,-4.669579694535985,0.0022886216209041625
RAD51D,RAD51D_Ser46Cys,0.7829957094149949,0.4592952894564183
BRCA1,BRCA1_Ser186Tyr,1.7603534804730556,0.12173945667616726
FH,FH_Gln376Pro,4.964945865150239,0.0025396516076362347
F9,F9_Cys335Trp,3.001490748607782,0.019900120042260484
F9,F9_Glu27Lys,-1.2669475277184368,0.24569658941405892
F9,F9_Ile256Thr,-4.433878016604986,0.004404706723192756
BRCA1,BRCA1_Cys61Gly,0.9686368160707995,0.36499496144588084
SHOC2,SHOC2_Ile112Thr,-1.6941158363159368,0.13407053946967112
G6PD,G6PD_Gly378Ser,0.44980261220938383,0.6664511291342612
BRCA1,BRCA1_His239Arg,1.417428348829569,0.1992960548370097
RAD51D,RAD51D_Met308Val,-1.5191507364824384,0.17252213344359443
F9,F9_Pro197Ser,-3.0775892024267777,0.017875819223215413
FH,FH_Ala308Thr,-0.7120971186723563,0.5031403010535435
FH,FH_Arg233Leu,1.6531294030768622,0.14939045875507265
F9,F9_Asn306Ser,-2.991649545755544,0.09592530850505995
BRAF,BRAF_Gln262Lys,-3.3290490377403623,0.012607505897050326
RAD51D,RAD51D_Gly289Ser,7.092665294834583,0.00019491549970907673
F9,F9_Pro333Leu,-4.0195915697666935,0.010124880784179249
F9,F9_Glu54Val,-4.798263563246736,0.004891134037280333
BRAF,BRAF_Gly596Val,2.2257131093137597,0.06135777408658752
RPS19,RPS19_Val15Phe,-2.3726616409620696,0.0765985741724703
SHOC2,SHOC2_Gln269Arg,-1.8731767698109718,0.10319517574123058
