t_stat,p_val,cohen_d,Well_0,Well_1,Plate_map,Bio_Batch,Ctrl_Allele
4.100348313550823,0.05464836115564633,1.2589033286263678,J15,I15,2025_06_03_B19A8A10R1_P1,B_18-19,RHEB
4.589064570150712,0.04434948761465826,0.7975624143519368,I16,I15,2025_06_03_B19A8A10R1_P1,B_18-19,RHEB
4.6574043228028055,0.043139908398930026,2.5658925155826973,J16,I15,2025_06_03_B19A8A10R1_P1,B_18-19,RHEB
2.019291712095452,0.18090328365518377,0.41258465851263687,J15,I16,2025_06_03_B19A8A10R1_P1,B_18-19,RHEB
-5.333137359657151,0.033406984065412766,-1.8595719904951413,J15,J16,2025_06_03_B19A8A10R1_P1,B_18-19,RHEB
3.7939843429088236,0.0629799851591705,1.853486219377211,J16,I16,2025_06_03_B19A8A10R1_P1,B_18-19,RHEB
-0.10768726958188292,0.9210418216644558,-0.030965103304443384,I16,J16,2025_05_28_B18A8A10R1_P1,B_18-19,RHEB
1.223778831785162,0.308383793363499,0.8680669767213706,I15,J16,2025_05_28_B18A8A10R1_P1,B_18-19,RHEB
0.5434990623411824,0.6245719260604021,0.4862496737603583,J15,J16,2025_05_28_B18A8A10R1_P1,B_18-19,RHEB
0.995526988849081,0.3928559338373024,0.6868598577774853,I15,I16,2025_05_28_B18A8A10R1_P1,B_18-19,RHEB
0.4273885153739974,0.6979167102342965,0.3798555743154909,J15,I16,2025_05_28_B18A8A10R1_P1,B_18-19,RHEB
1.0495039119278724,0.37103485188334445,0.4769433026068386,I15,J15,2025_05_28_B18A8A10R1_P1,B_18-19,RHEB
,,NaN,I15,J16,2025_06_02_B19A8A10R1_P1,B_18-19,RHEB
,,NaN,J15,J16,2025_06_02_B19A8A10R1_P1,B_18-19,RHEB
,,NaN,I16,J16,2025_06_02_B19A8A10R1_P1,B_18-19,RHEB
,,NaN,J15,I15,2025_06_02_B19A8A10R1_P1,B_18-19,RHEB
,,NaN,I16,I15,2025_06_02_B19A8A10R1_P1,B_18-19,RHEB
,,NaN,I16,J15,2025_06_02_B19A8A10R1_P1,B_18-19,RHEB
0.49741117771458704,0.6530707947427841,0.46677045417773966,I16,J15,2025_01_27_B13A7A8P2_,B_13-14,RHEB
2.5464411328766707,0.08420414603103961,1.2208418335692917,I15,J15,2025_01_27_B13A7A8P2_,B_13-14,RHEB
-0.2623548974022327,0.8100318230989889,-0.2583503877228454,J16,J15,2025_01_27_B13A7A8P2_,B_13-14,RHEB
-0.93976102293215,0.41666824559358673,-0.9207612120734379,I16,I15,2025_01_27_B13A7A8P2_,B_13-14,RHEB
-3.808002006653003,0.03183113475503383,-0.8188624289764437,J16,I16,2025_01_27_B13A7A8P2_,B_13-14,RHEB
-1.8453696116229483,0.1621693381915168,-1.7137439300668602,J16,I15,2025_01_27_B13A7A8P2_,B_13-14,RHEB
-0.586424011622861,0.5987954953711319,-0.5679176640473272,J15,I16,2025_01_27_B13A7A8P1_,B_13-14,RHEB
-1.427912180883805,0.24861828812027992,-0.9689489876563923,J16,I16,2025_01_27_B13A7A8P1_,B_13-14,RHEB
-0.854660881082877,0.45555958096150173,-0.7434357588267285,I15,I16,2025_01_27_B13A7A8P1_,B_13-14,RHEB
0.6221159046224624,0.577943616997539,0.48936881549372185,J15,J16,2025_01_27_B13A7A8P1_,B_13-14,RHEB
-1.1246715222264516,0.3425920367205952,-0.4026472517058224,I15,J15,2025_01_27_B13A7A8P1_,B_13-14,RHEB
-0.043241103474199113,0.9682264405446552,-0.03173797601825659,I15,J16,2025_01_27_B13A7A8P1_,B_13-14,RHEB
-0.35471424136813573,0.7462738398571882,-0.3098902956563615,J16,J15,2025_01_28_B14A7A8P2_,B_13-14,RHEB
-1.6548866473635073,0.1965219034036744,-1.2968192705513073,I16,J15,2025_01_28_B14A7A8P2_,B_13-14,RHEB
-0.2920317911561185,0.7892930008353309,-0.26201866065821505,I15,J15,2025_01_28_B14A7A8P2_,B_13-14,RHEB
-3.321169984805995,0.045014743406594476,-1.0519756601762618,I16,J16,2025_01_28_B14A7A8P2_,B_13-14,RHEB
0.05908098534208996,0.9566029139592493,0.04582613483754683,I15,J16,2025_01_28_B14A7A8P2_,B_13-14,RHEB
1.2450297119940485,0.3015134513239994,1.0848815058065433,I15,I16,2025_01_28_B14A7A8P2_,B_13-14,RHEB
2.7121614904643505,0.07303097862428486,1.6445587214141821,I15,J15,2025_01_28_B14A7A8P1_,B_13-14,RHEB
0.7596127335491861,0.5027238107266812,0.30104043107254114,J16,J15,2025_01_28_B14A7A8P1_,B_13-14,RHEB
2.8467031077184144,0.06528564652059128,2.312522245495151,I16,J15,2025_01_28_B14A7A8P1_,B_13-14,RHEB
-4.2285326824336895,0.02419406222246667,-2.0195912158891036,J16,I15,2025_01_28_B14A7A8P1_,B_13-14,RHEB
2.4573342261837876,0.09108311596364474,1.6262030570036599,I16,I15,2025_01_28_B14A7A8P1_,B_13-14,RHEB
-4.296363728738836,0.02319243278268612,-3.1220839995881486,J16,I16,2025_01_28_B14A7A8P1_,B_13-14,RHEB
0.013916982381554864,0.9897699942662308,0.00419450764179476,I15,I16,2025-03-17_B15A1A2_P1,B_15-16,RHEB
-5.81516817158028,0.010124629211581365,-2.6892331475007265,I15,J16,2025-03-17_B15A1A2_P1,B_15-16,RHEB
2.4369207249339206,0.09275479000770709,2.008782357763182,J15,I15,2025-03-17_B15A1A2_P1,B_15-16,RHEB
-2.5928876675616985,0.0808716745432151,-1.4847952435772598,I16,J16,2025-03-17_B15A1A2_P1,B_15-16,RHEB
1.4979917431378647,0.2310664694508639,1.1561396164201883,J15,I16,2025-03-17_B15A1A2_P1,B_15-16,RHEB
-1.3398065609041527,0.272755640324831,-0.8858730768283629,J15,J16,2025-03-17_B15A1A2_P1,B_15-16,RHEB
1.0093230837851241,0.4190779671396351,0.630208319989957,J15,J16,2025-03-18_B16A1A2_P1,B_15-16,RHEB
-3.126458922159225,0.08887709543566716,-3.1092832667306354,I16,J15,2025-03-18_B16A1A2_P1,B_15-16,RHEB
-5.108346484823704,0.0362503061224667,-0.9849568011801402,J15,I15,2025-03-18_B16A1A2_P1,B_15-16,RHEB
-3.321840188088034,0.07991169530755962,-2.0080763505513937,I16,J16,2025-03-18_B16A1A2_P1,B_15-16,RHEB
-2.775419077669445,0.10900216482158048,-1.3186449527939255,J16,I15,2025-03-18_B16A1A2_P1,B_15-16,RHEB
-4.101054358183155,0.05463105981308365,-3.7368146252969647,I16,I15,2025-03-18_B16A1A2_P1,B_15-16,RHEB
,,NaN,J16,J15,2025-03-17_B16A1A2_P1,B_15-16,RHEB
,,NaN,I15,J15,2025-03-17_B16A1A2_P1,B_15-16,RHEB
,,NaN,I16,J15,2025-03-17_B16A1A2_P1,B_15-16,RHEB
,,NaN,I15,J16,2025-03-17_B16A1A2_P1,B_15-16,RHEB
,,NaN,I16,J16,2025-03-17_B16A1A2_P1,B_15-16,RHEB
,,NaN,I16,I15,2025-03-17_B16A1A2_P1,B_15-16,RHEB
1.1322591693077513,0.3398432193772101,0.9700348817508357,I16,J15,2024_01_17_B7A1R1_P2,B_7-8,RHEB
1.6690023584770024,0.19370907022255135,1.5616748616060794,I16,I15,2024_01_17_B7A1R1_P2,B_7-8,RHEB
-1.0832169109562282,0.35800303080282386,-0.7952926752726567,I15,J15,2024_01_17_B7A1R1_P2,B_7-8,RHEB
-0.4736528648307669,0.6680832904041554,-0.40749459572282826,I15,J16,2024_01_17_B7A1R1_P1,B_7-8,RHEB
0.8353389496845989,0.46482689843829833,0.7052730217893948,J15,J16,2024_01_17_B7A1R1_P1,B_7-8,RHEB
-2.0901849860210984,0.1277544316137262,-1.642125509827494,I15,J15,2024_01_17_B7A1R1_P1,B_7-8,RHEB
0.300951957523016,0.791855663032996,0.2629019018586879,J16,J15,2024_01_19_B7A1R1_P3,B_7-8,RHEB
1.3247809028767485,0.31634574934299553,1.167487915614283,I16,J15,2024_01_19_B7A1R1_P3,B_7-8,RHEB
1.8243047747610768,0.20966411054482978,1.6764312496196658,I15,J15,2024_01_19_B7A1R1_P3,B_7-8,RHEB
-2.314372848673234,0.1466975950932767,-1.2872074650284107,J16,I16,2024_01_19_B7A1R1_P3,B_7-8,RHEB
3.0402448158902398,0.09329556251338163,2.0629595705215102,I15,J16,2024_01_19_B7A1R1_P3,B_7-8,RHEB
5.855571079992187,0.027948085155568476,1.98026912793993,I15,I16,2024_01_19_B7A1R1_P3,B_7-8,RHEB
,,NaN,I16,I15,2024_01_31_B8A1R2_P2,B_7-8,RHEB
,,NaN,J15,I15,2024_01_31_B8A1R2_P2,B_7-8,RHEB
,,NaN,J15,I16,2024_01_31_B8A1R2_P2,B_7-8,RHEB
,,NaN,J15,I15,2024_01_19_B7A1R1_P4,B_7-8,RHEB
,,NaN,I16,I15,2024_01_19_B7A1R1_P4,B_7-8,RHEB
,,NaN,J16,I15,2024_01_19_B7A1R1_P4,B_7-8,RHEB
,,NaN,I16,J15,2024_01_19_B7A1R1_P4,B_7-8,RHEB
,,NaN,J16,J15,2024_01_19_B7A1R1_P4,B_7-8,RHEB
,,NaN,J16,I16,2024_01_19_B7A1R1_P4,B_7-8,RHEB
,,NaN,J15,J16,2024_02_02_B8A1R2_P4,B_7-8,RHEB
,,NaN,I15,J16,2024_02_02_B8A1R2_P4,B_7-8,RHEB
,,NaN,I16,J16,2024_02_02_B8A1R2_P4,B_7-8,RHEB
,,NaN,I15,J15,2024_02_02_B8A1R2_P4,B_7-8,RHEB
,,NaN,I16,J15,2024_02_02_B8A1R2_P4,B_7-8,RHEB
,,NaN,I16,I15,2024_02_02_B8A1R2_P4,B_7-8,RHEB
,,NaN,J16,J15,2024_01_18_B7A1R1_P3,B_7-8,RHEB
,,NaN,I15,J15,2024_01_18_B7A1R1_P3,B_7-8,RHEB
,,NaN,I16,J15,2024_01_18_B7A1R1_P3,B_7-8,RHEB
,,NaN,I15,J16,2024_01_18_B7A1R1_P3,B_7-8,RHEB
,,NaN,I16,J16,2024_01_18_B7A1R1_P3,B_7-8,RHEB
,,NaN,I16,I15,2024_01_18_B7A1R1_P3,B_7-8,RHEB
0.968197754331312,0.4350864182183576,0.6655417449329164,I16,J15,2024_02_01_B8A1R2_P2,B_7-8,RHEB
3.073090811778121,0.09157597570066882,2.8889999957060786,I15,J15,2024_02_01_B8A1R2_P2,B_7-8,RHEB
-3.6363684740829245,0.06800141217884292,-2.251303428600583,I16,I15,2024_02_01_B8A1R2_P2,B_7-8,RHEB
,,4.936077813056621,J15,J16,2024_01_22_B7A1R1_P4,B_7-8,RHEB
,,1.762901947038501,I15,J16,2024_01_22_B7A1R1_P4,B_7-8,RHEB
,,5.988210106581766,I16,J16,2024_01_22_B7A1R1_P4,B_7-8,RHEB
,,0.883529257740725,J15,I15,2024_01_22_B7A1R1_P4,B_7-8,RHEB
,,1.2235530307794684,J15,I16,2024_01_22_B7A1R1_P4,B_7-8,RHEB
,,-0.3648380533285462,I15,I16,2024_01_22_B7A1R1_P4,B_7-8,RHEB
0.9882352349499512,0.42720469724123045,0.8715588684293863,I15,I16,2024_02_02_B8A1R2_P3,B_7-8,RHEB
0.6047643304774563,0.606809812235696,0.5416725184554732,J15,I16,2024_02_02_B8A1R2_P3,B_7-8,RHEB
1.4183274560428298,0.29186698597702754,0.7605540998426046,J16,I16,2024_02_02_B8A1R2_P3,B_7-8,RHEB
-5.857983046668491,0.027926030086735613,-0.6369385358224517,J15,I15,2024_02_02_B8A1R2_P3,B_7-8,RHEB
-0.15054503353703808,0.8941466563071399,-0.16638363088265615,J16,I15,2024_02_02_B8A1R2_P3,B_7-8,RHEB
-0.38709115464174426,0.7359961732018273,-0.4302859298800937,J15,J16,2024_02_02_B8A1R2_P3,B_7-8,RHEB
-0.595847801387137,0.5932380905140833,-0.536346387539988,J16,J15,2024_01_31_B8A1R2_P1,B_7-8,RHEB
0.5098421302085601,0.6453019644940103,0.16610336138552814,J15,I15,2024_01_31_B8A1R2_P1,B_7-8,RHEB
-0.26167783473770617,0.8105075146240268,-0.2526084794411845,J16,I15,2024_01_31_B8A1R2_P1,B_7-8,RHEB
,,NaN,J15,J16,2024_01_23_B7A1R1_P4,B_7-8,RHEB
,,NaN,I16,J16,2024_01_23_B7A1R1_P4,B_7-8,RHEB
,,NaN,I15,J16,2024_01_23_B7A1R1_P4,B_7-8,RHEB
,,NaN,I16,J15,2024_01_23_B7A1R1_P4,B_7-8,RHEB
,,NaN,I15,J15,2024_01_23_B7A1R1_P4,B_7-8,RHEB
,,NaN,I15,I16,2024_01_23_B7A1R1_P4,B_7-8,RHEB
0.41919268119562036,0.715807940250722,0.2380339514395824,I16,I15,2024_02_05_B8A1R2_P4,B_7-8,RHEB
-0.6314291306450648,0.5923040495603416,-0.7236076335708191,J16,I15,2024_02_05_B8A1R2_P4,B_7-8,RHEB
1.0970140465618667,0.3870798436106031,1.0137243232515067,J15,I15,2024_02_05_B8A1R2_P4,B_7-8,RHEB
1.256362121995396,0.33584780290617855,1.2217082552508587,I16,J16,2024_02_05_B8A1R2_P4,B_7-8,RHEB
1.3949742846657036,0.2977524483856264,1.4147313911242148,J15,I16,2024_02_05_B8A1R2_P4,B_7-8,RHEB
3.2775005628677434,0.08182850628875213,2.265422271660264,J15,J16,2024_02_05_B8A1R2_P4,B_7-8,RHEB
,,NaN,I16,J15,2024-12-09_B12A1R2,B_11-12,RHEB
,,NaN,I15,J15,2024-12-09_B12A1R2,B_11-12,RHEB
,,NaN,J16,J15,2024-12-09_B12A1R2,B_11-12,RHEB
,,NaN,I15,I16,2024-12-09_B12A1R2,B_11-12,RHEB
,,NaN,J16,I16,2024-12-09_B12A1R2,B_11-12,RHEB
,,NaN,J16,I15,2024-12-09_B12A1R2,B_11-12,RHEB
,,NaN,J16,J15,2024-12-09_B11A1R1,B_11-12,RHEB
,,NaN,I15,J15,2024-12-09_B11A1R1,B_11-12,RHEB
,,NaN,I16,J15,2024-12-09_B11A1R1,B_11-12,RHEB
,,NaN,I15,J16,2024-12-09_B11A1R1,B_11-12,RHEB
,,NaN,I16,J16,2024-12-09_B11A1R1,B_11-12,RHEB
,,NaN,I16,I15,2024-12-09_B11A1R1,B_11-12,RHEB
-9.720253457694799,0.0023127741314305957,-3.8795803292704174,J10,J09,2025_01_27_B13A7A8P1_,B_13-14,ALK_Arg1275Gln
,,3.832335104795461,I09,J09,2025_01_27_B13A7A8P1_,B_13-14,ALK_Arg1275Gln
2.509679759308563,0.08696208007613482,0.41090777619908997,I10,J09,2025_01_27_B13A7A8P1_,B_13-14,ALK_Arg1275Gln
,,-13.731659488420282,J10,I09,2025_01_27_B13A7A8P1_,B_13-14,ALK_Arg1275Gln
-12.68741950708511,0.0010561423561110336,-5.06272651365996,J10,I10,2025_01_27_B13A7A8P1_,B_13-14,ALK_Arg1275Gln
,,-1.5545548347476073,I10,I09,2025_01_27_B13A7A8P1_,B_13-14,ALK_Arg1275Gln
-2.5009551125072105,0.12953114248092168,-2.5942862916597624,J09,I10,2025_01_28_B14A7A8P1_,B_13-14,ALK_Arg1275Gln
-3.4781750267233926,0.07364536910220493,-2.6557975342954205,J10,I10,2025_01_28_B14A7A8P1_,B_13-14,ALK_Arg1275Gln
,,NaN,I09,I10,2025_01_28_B14A7A8P1_,B_13-14,ALK_Arg1275Gln
3.0468955551796535,0.055563925057379566,2.158153660783109,J09,J10,2025_01_28_B14A7A8P1_,B_13-14,ALK_Arg1275Gln
,,NaN,I09,J09,2025_01_28_B14A7A8P1_,B_13-14,ALK_Arg1275Gln
,,NaN,I09,J10,2025_01_28_B14A7A8P1_,B_13-14,ALK_Arg1275Gln
-17.82829457900035,0.00038480809970051867,-4.894430294767129,I10,J09,2025_01_28_B14A7A8P2_,B_13-14,ALK_Arg1275Gln
-0.12940341505938505,0.90887863493698,-0.020273299501865683,I09,J09,2025_01_28_B14A7A8P2_,B_13-14,ALK_Arg1275Gln
-13.915495404631995,0.0008034504539162951,-5.793995667389889,J10,J09,2025_01_28_B14A7A8P2_,B_13-14,ALK_Arg1275Gln
15.101649592243065,0.004356183728786972,5.861590168684099,I09,I10,2025_01_28_B14A7A8P2_,B_13-14,ALK_Arg1275Gln
-4.728763357555254,0.01792180595109863,-1.5272933468830512,J10,I10,2025_01_28_B14A7A8P2_,B_13-14,ALK_Arg1275Gln
-11.050309309702321,0.00809013673795919,-5.547734992854883,J10,I09,2025_01_28_B14A7A8P2_,B_13-14,ALK_Arg1275Gln
-5.629197753027792,0.030138440212527037,-4.666720097512279,I10,I09,2025_01_27_B13A7A8P2_,B_13-14,ALK_Arg1275Gln
-10.18582555377204,0.0020165748691620246,-4.542874056093098,I10,J09,2025_01_27_B13A7A8P2_,B_13-14,ALK_Arg1275Gln
-1.7243259800501465,0.18311610437849307,-0.91581212049616,J10,I10,2025_01_27_B13A7A8P2_,B_13-14,ALK_Arg1275Gln
1.9532170332475316,0.19002144033775928,1.1104321123253327,I09,J09,2025_01_27_B13A7A8P2_,B_13-14,ALK_Arg1275Gln
-10.812262429459158,0.008445739192640541,-5.801876273563729,J10,I09,2025_01_27_B13A7A8P2_,B_13-14,ALK_Arg1275Gln
-14.371879588208603,0.0007301498721585652,-5.076939321300154,J10,J09,2025_01_27_B13A7A8P2_,B_13-14,ALK_Arg1275Gln
1.3050794126501255,0.32181768181377046,1.36120639680204,I10,J09,2024_01_17_B7A1R1_P2,B_7-8,ALK_Arg1275Gln
1.2139246477443728,0.34867010714659274,0.9175676718955658,I10,J10,2024_01_17_B7A1R1_P2,B_7-8,ALK_Arg1275Gln
0.5326983585883049,0.6475030118978637,0.507089692622843,I10,I09,2024_01_17_B7A1R1_P2,B_7-8,ALK_Arg1275Gln
0.2604353636689803,0.8188898047669838,0.2884261362208258,J10,J09,2024_01_17_B7A1R1_P2,B_7-8,ALK_Arg1275Gln
-1.6194586344743271,0.20378664708947536,-0.8642678124419654,J09,I09,2024_01_17_B7A1R1_P2,B_7-8,ALK_Arg1275Gln
-1.4217486224921476,0.291016961407225,-0.4997600757322535,J10,I09,2024_01_17_B7A1R1_P2,B_7-8,ALK_Arg1275Gln
1.2755259252704205,0.2919293792591464,1.159021767474054,I10,I09,2024_01_17_B7A1R1_P1,B_7-8,ALK_Arg1275Gln
0.5795804205358959,0.6028544193621241,0.4582887547356704,J10,I09,2024_01_17_B7A1R1_P1,B_7-8,ALK_Arg1275Gln
0.6441919904478398,0.5653158249873063,0.4491168070036113,J09,I09,2024_01_17_B7A1R1_P1,B_7-8,ALK_Arg1275Gln
-3.8934932452121016,0.030051158402366905,-1.56470305828837,J10,I10,2024_01_17_B7A1R1_P1,B_7-8,ALK_Arg1275Gln
-1.8651849027079435,0.15901030995940407,-1.5044274255169463,J09,I10,2024_01_17_B7A1R1_P1,B_7-8,ALK_Arg1275Gln
0.010959785535540917,0.9919436197729228,0.010583912243458832,J10,J09,2024_01_17_B7A1R1_P1,B_7-8,ALK_Arg1275Gln
,,NaN,J10,I09,2024_01_31_B8A1R2_P2,B_7-8,ALK_Arg1275Gln
,,NaN,J09,I09,2024_01_31_B8A1R2_P2,B_7-8,ALK_Arg1275Gln
,,NaN,J09,J10,2024_01_31_B8A1R2_P2,B_7-8,ALK_Arg1275Gln
-1.579288387909183,0.2550320777802895,-1.1466758936003227,J10,I09,2024_01_19_B7A1R1_P3,B_7-8,ALK_Arg1275Gln
-2.0963733647267144,0.1709976043803498,-1.8716482771518992,J09,I09,2024_01_19_B7A1R1_P3,B_7-8,ALK_Arg1275Gln
-0.44322882090071786,0.7009339221475905,-0.4463380650513017,J10,J09,2024_01_19_B7A1R1_P3,B_7-8,ALK_Arg1275Gln
,,NaN,I10,I09,2024_01_19_B7A1R1_P4,B_7-8,ALK_Arg1275Gln
,,NaN,J10,I09,2024_01_19_B7A1R1_P4,B_7-8,ALK_Arg1275Gln
,,NaN,J10,I10,2024_01_19_B7A1R1_P4,B_7-8,ALK_Arg1275Gln
,,NaN,J10,I09,2024_02_02_B8A1R2_P4,B_7-8,ALK_Arg1275Gln
,,NaN,J10,J09,2024_01_18_B7A1R1_P3,B_7-8,ALK_Arg1275Gln
,,NaN,I09,J09,2024_01_18_B7A1R1_P3,B_7-8,ALK_Arg1275Gln
,,NaN,I09,J10,2024_01_18_B7A1R1_P3,B_7-8,ALK_Arg1275Gln
4.020325123019587,0.05666224633309482,1.5017762925657852,I09,J10,2024_02_01_B8A1R2_P2,B_7-8,ALK_Arg1275Gln
,,2.0654094943752983,J09,J10,2024_02_01_B8A1R2_P2,B_7-8,ALK_Arg1275Gln
,,4.6762608296713735,I10,J10,2024_02_01_B8A1R2_P2,B_7-8,ALK_Arg1275Gln
,,-0.1393917186969222,J09,I09,2024_02_01_B8A1R2_P2,B_7-8,ALK_Arg1275Gln
,,1.5537783541814338,I10,I09,2024_02_01_B8A1R2_P2,B_7-8,ALK_Arg1275Gln
,,NaN,I10,J09,2024_02_01_B8A1R2_P2,B_7-8,ALK_Arg1275Gln
,,NaN,I09,J10,2024_01_22_B7A1R1_P4,B_7-8,ALK_Arg1275Gln
,,0.8541607974025746,I10,J10,2024_01_22_B7A1R1_P4,B_7-8,ALK_Arg1275Gln
,,NaN,I10,I09,2024_01_22_B7A1R1_P4,B_7-8,ALK_Arg1275Gln
,,0.6657537940475621,I09,J09,2024_02_02_B8A1R2_P3,B_7-8,ALK_Arg1275Gln
,,NaN,J10,J09,2024_02_02_B8A1R2_P3,B_7-8,ALK_Arg1275Gln
,,-0.9120576535724256,J10,I09,2024_02_02_B8A1R2_P3,B_7-8,ALK_Arg1275Gln
,,-0.5389984301132524,I10,I09,2024_01_31_B8A1R2_P1,B_7-8,ALK_Arg1275Gln
-2.0949925923889827,0.17116849115978397,-1.402507905178693,J09,I09,2024_01_31_B8A1R2_P1,B_7-8,ALK_Arg1275Gln
,,-2.3436931244704713,J10,I09,2024_01_31_B8A1R2_P1,B_7-8,ALK_Arg1275Gln
,,-1.5573461684180663,J09,I10,2024_01_31_B8A1R2_P1,B_7-8,ALK_Arg1275Gln
-0.8560143159176431,0.48217830579858245,-0.35725889945620287,J10,I10,2024_01_31_B8A1R2_P1,B_7-8,ALK_Arg1275Gln
,,0.819750068806675,J10,J09,2024_01_31_B8A1R2_P1,B_7-8,ALK_Arg1275Gln
,,NaN,I10,J10,2024_01_23_B7A1R1_P4,B_7-8,ALK_Arg1275Gln
1.1106979946068594,0.38233999638216387,1.0156526382109023,J10,I10,2024_02_05_B8A1R2_P4,B_7-8,ALK_Arg1275Gln
,,1.6224078486981035,I09,I10,2024_02_05_B8A1R2_P4,B_7-8,ALK_Arg1275Gln
,,-0.5274748684266116,I09,J10,2024_02_05_B8A1R2_P4,B_7-8,ALK_Arg1275Gln
-3.380933008658064,0.07745595074650442,-3.5134607217410583,I09,I10,2025_06_03_B19A8A10R1_P1,B_18-19,ALK_Arg1275Gln
-0.46904608874908116,0.6851971775139519,-0.4741260665762339,I10,J09,2025_06_03_B19A8A10R1_P1,B_18-19,ALK_Arg1275Gln
-2.150918204543211,0.16442880227798298,-1.185014868141309,I10,J10,2025_06_03_B19A8A10R1_P1,B_18-19,ALK_Arg1275Gln
-5.114432853224473,0.03616870061221846,-2.377507497240368,I09,J09,2025_06_03_B19A8A10R1_P1,B_18-19,ALK_Arg1275Gln
-4.173766549091989,0.052891176556238824,-3.2636497502024566,I09,J10,2025_06_03_B19A8A10R1_P1,B_18-19,ALK_Arg1275Gln
-0.5949619937226067,0.6122178088030704,-0.497382538171259,J09,J10,2025_06_03_B19A8A10R1_P1,B_18-19,ALK_Arg1275Gln
-3.3465169732951785,0.04417296286095465,-1.8690225021248692,J10,I09,2025_05_28_B18A8A10R1_P1,B_18-19,ALK_Arg1275Gln
2.282411173107829,0.10669825121052277,0.4273716974844698,J09,I09,2025_05_28_B18A8A10R1_P1,B_18-19,ALK_Arg1275Gln
-7.4269181723600015,0.005051291327508149,-1.4810325738120724,I10,I09,2025_05_28_B18A8A10R1_P1,B_18-19,ALK_Arg1275Gln
-3.1292992580455143,0.052093868508804576,-2.165679468551952,J10,J09,2025_05_28_B18A8A10R1_P1,B_18-19,ALK_Arg1275Gln
-1.1925347216521387,0.31877761550521533,-0.5409121994336039,J10,I10,2025_05_28_B18A8A10R1_P1,B_18-19,ALK_Arg1275Gln
-5.197128388490147,0.013839661038570554,-1.8212809294892678,I10,J09,2025_05_28_B18A8A10R1_P1,B_18-19,ALK_Arg1275Gln
,,NaN,J10,I09,2025_06_02_B19A8A10R1_P1,B_18-19,ALK_Arg1275Gln
,,NaN,J09,I09,2025_06_02_B19A8A10R1_P1,B_18-19,ALK_Arg1275Gln
,,NaN,I10,I09,2025_06_02_B19A8A10R1_P1,B_18-19,ALK_Arg1275Gln
,,NaN,J09,J10,2025_06_02_B19A8A10R1_P1,B_18-19,ALK_Arg1275Gln
,,NaN,I10,J10,2025_06_02_B19A8A10R1_P1,B_18-19,ALK_Arg1275Gln
,,NaN,I10,J09,2025_06_02_B19A8A10R1_P1,B_18-19,ALK_Arg1275Gln
,,NaN,J09,I10,2024-12-09_B12A1R2,B_11-12,ALK_Arg1275Gln
,,NaN,J10,I10,2024-12-09_B12A1R2,B_11-12,ALK_Arg1275Gln
,,NaN,I09,I10,2024-12-09_B12A1R2,B_11-12,ALK_Arg1275Gln
,,NaN,J10,J09,2024-12-09_B12A1R2,B_11-12,ALK_Arg1275Gln
,,NaN,I09,J09,2024-12-09_B12A1R2,B_11-12,ALK_Arg1275Gln
,,NaN,I09,J10,2024-12-09_B12A1R2,B_11-12,ALK_Arg1275Gln
,,NaN,J09,J10,2024-12-09_B11A1R1,B_11-12,ALK_Arg1275Gln
,,NaN,I10,J10,2024-12-09_B11A1R1,B_11-12,ALK_Arg1275Gln
,,NaN,I09,J10,2024-12-09_B11A1R1,B_11-12,ALK_Arg1275Gln
,,NaN,I10,J09,2024-12-09_B11A1R1,B_11-12,ALK_Arg1275Gln
,,NaN,I09,J09,2024-12-09_B11A1R1,B_11-12,ALK_Arg1275Gln
,,NaN,I09,I10,2024-12-09_B11A1R1,B_11-12,ALK_Arg1275Gln
2.3498401131967968,0.14320108572935755,1.4541190924181322,J10,I10,2025-03-17_B15A1A2_P1,B_15-16,ALK_Arg1275Gln
-0.8856234920429377,0.4410479252895459,-0.7321461012293772,I09,I10,2025-03-17_B15A1A2_P1,B_15-16,ALK_Arg1275Gln
-1.3178873934736068,0.31824740926375383,-1.092971510944154,J09,I10,2025-03-17_B15A1A2_P1,B_15-16,ALK_Arg1275Gln
4.922428769797879,0.03887965569162318,4.083622941822684,J10,I09,2025-03-17_B15A1A2_P1,B_15-16,ALK_Arg1275Gln
,,2.2383772331695866,J10,J09,2025-03-17_B15A1A2_P1,B_15-16,ALK_Arg1275Gln
-0.8050371324077654,0.5052908195758176,-0.35421152607615486,J09,I09,2025-03-17_B15A1A2_P1,B_15-16,ALK_Arg1275Gln
0.7196873385590659,0.5464550633192061,0.20328871210902416,I09,J10,2025-03-18_B16A1A2_P1,B_15-16,ALK_Arg1275Gln
2.5388861244888434,0.12638686452046893,0.7005629692935627,J10,I10,2025-03-18_B16A1A2_P1,B_15-16,ALK_Arg1275Gln
-0.8288835665918094,0.4943432373883153,-0.4531995074346526,J09,J10,2025-03-18_B16A1A2_P1,B_15-16,ALK_Arg1275Gln
2.219128593339059,0.15668997134018797,0.8255662221004169,I09,I10,2025-03-18_B16A1A2_P1,B_15-16,ALK_Arg1275Gln
-0.8921698417892066,0.46644214749161683,-0.648787449833142,J09,I09,2025-03-18_B16A1A2_P1,B_15-16,ALK_Arg1275Gln
0.7890216115587565,0.5127783392372633,0.4893190833147426,J09,I10,2025-03-18_B16A1A2_P1,B_15-16,ALK_Arg1275Gln
,,NaN,I09,I10,2025-03-17_B16A1A2_P1,B_15-16,ALK_Arg1275Gln
,,NaN,J10,I10,2025-03-17_B16A1A2_P1,B_15-16,ALK_Arg1275Gln
,,NaN,J09,I10,2025-03-17_B16A1A2_P1,B_15-16,ALK_Arg1275Gln
,,NaN,J10,I09,2025-03-17_B16A1A2_P1,B_15-16,ALK_Arg1275Gln
,,NaN,J09,I09,2025-03-17_B16A1A2_P1,B_15-16,ALK_Arg1275Gln
,,NaN,J09,J10,2025-03-17_B16A1A2_P1,B_15-16,ALK_Arg1275Gln
-0.745017980608545,0.5339130959580728,-0.5907915907780367,H07,G08,2025-03-17_B15A1A2_P1,B_15-16,ALK
1.3275170254210296,0.2763162072823879,0.9002615721144392,H08,G08,2025-03-17_B15A1A2_P1,B_15-16,ALK
-1.5776758809151588,0.21274433064929532,-0.9457271717730359,G07,G08,2025-03-17_B15A1A2_P1,B_15-16,ALK
1.6980809377183914,0.23158872234531805,1.2532538163375246,H08,H07,2025-03-17_B15A1A2_P1,B_15-16,ALK
-1.770426636787835,0.2186733420845421,-0.9336839153017659,G07,H07,2025-03-17_B15A1A2_P1,B_15-16,ALK
-4.052459334005628,0.027067913518727994,-3.2916617817034273,G07,H08,2025-03-17_B15A1A2_P1,B_15-16,ALK
-0.8753376247324126,0.4737009876091711,-0.2686480106884272,G07,G08,2025-03-18_B16A1A2_P1,B_15-16,ALK
4.991601205946394,0.037869560779217264,0.8895308336071313,H08,G08,2025-03-18_B16A1A2_P1,B_15-16,ALK
3.362854215559012,0.07819559499306074,2.1277156612951877,H07,G08,2025-03-18_B16A1A2_P1,B_15-16,ALK
6.855536061400696,0.020621462577981205,1.3258528331300636,H08,G07,2025-03-18_B16A1A2_P1,B_15-16,ALK
3.8330734855267434,0.061818050646035266,3.0415901311941407,H07,G07,2025-03-18_B16A1A2_P1,B_15-16,ALK
-1.495826636185945,0.2733478817657251,-1.1342897297663708,H08,H07,2025-03-18_B16A1A2_P1,B_15-16,ALK
,,NaN,G08,H08,2025-03-17_B16A1A2_P1,B_15-16,ALK
,,NaN,H07,H08,2025-03-17_B16A1A2_P1,B_15-16,ALK
,,NaN,G07,H08,2025-03-17_B16A1A2_P1,B_15-16,ALK
,,NaN,H07,G08,2025-03-17_B16A1A2_P1,B_15-16,ALK
,,NaN,G07,G08,2025-03-17_B16A1A2_P1,B_15-16,ALK
,,NaN,G07,H07,2025-03-17_B16A1A2_P1,B_15-16,ALK
3.181665545020781,0.05002998329317927,2.168633330243454,H07,G08,2025_01_27_B13A7A8P2_,B_13-14,ALK
9.838571319298785,0.0022323080383439015,3.8777493303393884,G07,G08,2025_01_27_B13A7A8P2_,B_13-14,ALK
5.727199363767886,0.010566219938110405,2.943371298116485,H08,G08,2025_01_27_B13A7A8P2_,B_13-14,ALK
6.974504099465317,0.006049067812689786,3.5325649981841507,G07,H07,2025_01_27_B13A7A8P2_,B_13-14,ALK
3.1155540475564107,0.052653313840025875,1.8601267014674792,H08,H07,2025_01_27_B13A7A8P2_,B_13-14,ALK
-3.3032145987611656,0.04562338513670519,-1.7695343247989024,H08,G07,2025_01_27_B13A7A8P2_,B_13-14,ALK
-31.576790228230767,0.00006979125411361505,-7.508743479095516,H08,G08,2025_01_27_B13A7A8P1_,B_13-14,ALK
,,-26.380495309479187,H08,H07,2025_01_27_B13A7A8P1_,B_13-14,ALK
6.85807108386716,0.006347215599752934,3.200325194465621,G07,H08,2025_01_27_B13A7A8P1_,B_13-14,ALK
,,-1.05550987525831,G08,H07,2025_01_27_B13A7A8P1_,B_13-14,ALK
-3.0992698064379613,0.05332593636809584,-1.6736616033730252,G07,G08,2025_01_27_B13A7A8P1_,B_13-14,ALK
,,-20.33343753913237,G07,H07,2025_01_27_B13A7A8P1_,B_13-14,ALK
3.549034666882965,0.038116942806178306,1.666092866634619,G07,H08,2025_01_28_B14A7A8P2_,B_13-14,ALK
4.205394469894407,0.024548485435912537,1.0665935762801926,H08,H07,2025_01_28_B14A7A8P2_,B_13-14,ALK
-3.9655739942003874,0.028648624484982045,-2.2374773456745825,G08,H08,2025_01_28_B14A7A8P2_,B_13-14,ALK
4.661204616516659,0.018634596066041852,2.3649011815289387,G07,H07,2025_01_28_B14A7A8P2_,B_13-14,ALK
9.232063756205608,0.002688612341749383,3.299789488525315,G07,G08,2025_01_28_B14A7A8P2_,B_13-14,ALK
-2.540254075802876,0.0846607124091793,-1.1908746866030024,G08,H07,2025_01_28_B14A7A8P2_,B_13-14,ALK
-6.2882393756794555,0.02436897332161446,-5.922065795478944,H08,H07,2025_01_28_B14A7A8P1_,B_13-14,ALK
-13.116773156936903,0.0057620848963614475,-7.741900059878488,G07,H07,2025_01_28_B14A7A8P1_,B_13-14,ALK
,,0.45385641643905944,G08,H07,2025_01_28_B14A7A8P1_,B_13-14,ALK
-6.206792869754543,0.008427602097936198,-4.2099437746656285,H08,G07,2025_01_28_B14A7A8P1_,B_13-14,ALK
11.717862957153097,0.007204273330984475,9.42535795527864,G08,H08,2025_01_28_B14A7A8P1_,B_13-14,ALK
8.139493865650055,0.014760661166484897,6.9397095217963525,G08,G07,2025_01_28_B14A7A8P1_,B_13-14,ALK
-0.24105447596544885,0.8319721781576036,-0.2663131994857175,G08,H07,2025_06_03_B19A8A10R1_P1,B_18-19,ALK
0.551088036906406,0.6369150827365029,0.5708105635557924,H08,G08,2025_06_03_B19A8A10R1_P1,B_18-19,ALK
-7.388368984963922,0.01783055669466629,-2.5454520194458192,G07,G08,2025_06_03_B19A8A10R1_P1,B_18-19,ALK
1.3789102522120942,0.3018863600400892,0.39132678443315766,H08,H07,2025_06_03_B19A8A10R1_P1,B_18-19,ALK
-2.935493006737877,0.09909768354664486,-3.371646352866916,G07,H07,2025_06_03_B19A8A10R1_P1,B_18-19,ALK
-2.9496350258893598,0.09828487321169807,-3.3571987989306087,G07,H08,2025_06_03_B19A8A10R1_P1,B_18-19,ALK
-0.6994237973041113,0.534640050533622,-0.5714906911544297,H08,H07,2025_05_28_B18A8A10R1_P1,B_18-19,ALK
-0.6228891333106834,0.5774978181503981,-0.5920415286335838,G08,H07,2025_05_28_B18A8A10R1_P1,B_18-19,ALK
-1.1532570451410817,0.3323503812858961,-0.41751403078340915,G07,H07,2025_05_28_B18A8A10R1_P1,B_18-19,ALK
0.16472036571818785,0.8796374056680116,0.06507705242101684,G08,H08,2025_05_28_B18A8A10R1_P1,B_18-19,ALK
-0.12165369497785566,0.9108645493454837,-0.08479414042381285,H08,G07,2025_05_28_B18A8A10R1_P1,B_18-19,ALK
-0.04489170463751828,0.9670146444961134,-0.035908728350889554,G08,G07,2025_05_28_B18A8A10R1_P1,B_18-19,ALK
,,NaN,H07,H08,2025_06_02_B19A8A10R1_P1,B_18-19,ALK
,,NaN,G07,H08,2025_06_02_B19A8A10R1_P1,B_18-19,ALK
,,NaN,G08,H08,2025_06_02_B19A8A10R1_P1,B_18-19,ALK
,,NaN,G07,H07,2025_06_02_B19A8A10R1_P1,B_18-19,ALK
,,NaN,G08,H07,2025_06_02_B19A8A10R1_P1,B_18-19,ALK
,,NaN,G08,G07,2025_06_02_B19A8A10R1_P1,B_18-19,ALK
,,NaN,G07,H07,2024-12-09_B12A1R2,B_11-12,ALK
,,NaN,H08,H07,2024-12-09_B12A1R2,B_11-12,ALK
,,NaN,G08,H07,2024-12-09_B12A1R2,B_11-12,ALK
,,NaN,H08,G07,2024-12-09_B12A1R2,B_11-12,ALK
,,NaN,G08,G07,2024-12-09_B12A1R2,B_11-12,ALK
,,NaN,G08,H08,2024-12-09_B12A1R2,B_11-12,ALK
,,NaN,G08,H07,2024-12-09_B11A1R1,B_11-12,ALK
,,NaN,H08,H07,2024-12-09_B11A1R1,B_11-12,ALK
,,NaN,G07,H07,2024-12-09_B11A1R1,B_11-12,ALK
,,NaN,H08,G08,2024-12-09_B11A1R1,B_11-12,ALK
,,NaN,G07,G08,2024-12-09_B11A1R1,B_11-12,ALK
,,NaN,G07,H08,2024-12-09_B11A1R1,B_11-12,ALK
-0.15371293216712648,0.8875939426698791,-0.1305270916650324,F19,F20,2025_01_27_B13A7A8P1_,B_13-14,PRKACB
-1.4403517299248807,0.24539974353379565,-1.0771428604895188,F19,E20,2025_01_27_B13A7A8P1_,B_13-14,PRKACB
2.046982278450505,0.13314956102461542,1.3258697748894017,E19,F19,2025_01_27_B13A7A8P1_,B_13-14,PRKACB
-2.1089766320544485,0.1254890798174565,-1.5811370628321084,F20,E20,2025_01_27_B13A7A8P1_,B_13-14,PRKACB
2.5373267181621064,0.08487779353592499,2.051138053098262,E19,F20,2025_01_27_B13A7A8P1_,B_13-14,PRKACB
1.729585966323716,0.1821437384529196,1.0818195026548956,E19,E20,2025_01_27_B13A7A8P1_,B_13-14,PRKACB
0.283451157506825,0.7952663867681995,0.12798899586768675,F20,E20,2025_01_28_B14A7A8P1_,B_13-14,PRKACB
0.7543208818157263,0.5054662304199539,0.42844482839458625,F20,E19,2025_01_28_B14A7A8P1_,B_13-14,PRKACB
-0.6826689501459766,0.5438061782162772,-0.36873832148098445,F19,F20,2025_01_28_B14A7A8P1_,B_13-14,PRKACB
0.4632324909982441,0.6747346982651002,0.3458281318348429,E20,E19,2025_01_28_B14A7A8P1_,B_13-14,PRKACB
-1.6502355975322265,0.19745879428047092,-0.22998658019056117,F19,E20,2025_01_28_B14A7A8P1_,B_13-14,PRKACB
0.2356860866608807,0.8288495572817887,0.18783433884996706,F19,E19,2025_01_28_B14A7A8P1_,B_13-14,PRKACB
-0.22587113934893555,0.8358150317179023,-0.1797492609406571,E20,F20,2025_01_28_B14A7A8P2_,B_13-14,PRKACB
1.6633053936948639,0.19483879224702774,1.1575666382442735,F19,F20,2025_01_28_B14A7A8P2_,B_13-14,PRKACB
-1.21620905545997,0.3108697623969757,-0.8675022517900055,F20,E19,2025_01_28_B14A7A8P2_,B_13-14,PRKACB
2.1098948543636857,0.1253796186537959,1.4717088288228335,F19,E20,2025_01_28_B14A7A8P2_,B_13-14,PRKACB
-1.9476879176745168,0.14660478199854857,-1.1599262329797813,E20,E19,2025_01_28_B14A7A8P2_,B_13-14,PRKACB
1.9990459443398534,0.13945485476090244,1.2398615696703525,F19,E19,2025_01_28_B14A7A8P2_,B_13-14,PRKACB
0.4282222324235975,0.6973722920314902,0.37742437529174405,F19,E20,2025_01_27_B13A7A8P2_,B_13-14,PRKACB
-1.4776223619423017,0.23602449044509435,-0.8885139846699113,F20,E20,2025_01_27_B13A7A8P2_,B_13-14,PRKACB
0.8344950475643377,0.4652353728742559,0.712907784527503,E19,E20,2025_01_27_B13A7A8P2_,B_13-14,PRKACB
-1.2626059820598836,0.29595056445694623,-1.0100021902879839,F20,F19,2025_01_27_B13A7A8P2_,B_13-14,PRKACB
0.09381589340633827,0.9311699801237672,0.06183707131238594,E19,F19,2025_01_27_B13A7A8P2_,B_13-14,PRKACB
1.580796654886474,0.21206029418724714,1.0875730597293913,E19,F20,2025_01_27_B13A7A8P2_,B_13-14,PRKACB
-2.971379917147856,0.09705347805122154,-2.3515736946376604,E19,F19,2025_06_03_B19A8A10R1_P1,B_18-19,PRKACB
-0.7876830665566119,0.5134090617500048,-0.6177200910161345,E20,F19,2025_06_03_B19A8A10R1_P1,B_18-19,PRKACB
0.9896037084109586,0.4266721137129268,0.8264396787009135,F20,F19,2025_06_03_B19A8A10R1_P1,B_18-19,PRKACB
-16.66333983375343,0.003582098141355507,-1.3774848395546617,E19,E20,2025_06_03_B19A8A10R1_P1,B_18-19,PRKACB
-7.973739035129631,0.015366496433880623,-2.231953908784531,E19,F20,2025_06_03_B19A8A10R1_P1,B_18-19,PRKACB
3.3030050713921657,0.08071797455109186,1.0377748714498012,F20,E20,2025_06_03_B19A8A10R1_P1,B_18-19,PRKACB
-1.8448765537501952,0.16224886659545848,-1.1858148462079054,E20,F19,2025_05_28_B18A8A10R1_P1,B_18-19,PRKACB
-1.2762028155495226,0.2917202785469455,-0.3258517609537279,F20,F19,2025_05_28_B18A8A10R1_P1,B_18-19,PRKACB
-2.0643204376887394,0.13095249863780212,-0.5650334294827889,E19,F19,2025_05_28_B18A8A10R1_P1,B_18-19,PRKACB
-2.070870589290752,0.13013368652067808,-1.2102344338725763,E20,F20,2025_05_28_B18A8A10R1_P1,B_18-19,PRKACB
-1.499617933326182,0.23067559439511523,-0.8678620807724022,E20,E19,2025_05_28_B18A8A10R1_P1,B_18-19,PRKACB
1.2320106129200328,0.3057035637720523,0.3099642141576263,F20,E19,2025_05_28_B18A8A10R1_P1,B_18-19,PRKACB
,,NaN,E20,E19,2025_06_02_B19A8A10R1_P1,B_18-19,PRKACB
,,NaN,F20,E19,2025_06_02_B19A8A10R1_P1,B_18-19,PRKACB
,,NaN,F19,E19,2025_06_02_B19A8A10R1_P1,B_18-19,PRKACB
,,NaN,F20,E20,2025_06_02_B19A8A10R1_P1,B_18-19,PRKACB
,,NaN,F19,E20,2025_06_02_B19A8A10R1_P1,B_18-19,PRKACB
,,NaN,F19,F20,2025_06_02_B19A8A10R1_P1,B_18-19,PRKACB
-1.7595080185871514,0.17672327998906637,-1.6090171356694922,F20,F19,2025-03-17_B15A1A2_P1,B_15-16,PRKACB
-10.55832128022907,0.0018148310486794223,-6.128960920557848,E19,F19,2025-03-17_B15A1A2_P1,B_15-16,PRKACB
-2.1678889552301466,0.11869139049942153,-1.7948224841033482,E20,F19,2025-03-17_B15A1A2_P1,B_15-16,PRKACB
-5.088448655527001,0.014669030985612388,-4.534867635945802,E19,F20,2025-03-17_B15A1A2_P1,B_15-16,PRKACB
0.5348606270184068,0.6298496394126567,0.3957730264248362,F20,E20,2025-03-17_B15A1A2_P1,B_15-16,PRKACB
-4.025416507435871,0.02754759712282778,-3.4696230019918834,E19,E20,2025-03-17_B15A1A2_P1,B_15-16,PRKACB
-2.62159334327598,0.1198916070033453,-1.9162868252770728,E19,F20,2025-03-18_B16A1A2_P1,B_15-16,PRKACB
-1.191502972251496,0.3556787746333139,-1.0608741816567888,F19,F20,2025-03-18_B16A1A2_P1,B_15-16,PRKACB
-3.9779726522819594,0.057772098339338086,-2.6690810238930434,E20,F20,2025-03-18_B16A1A2_P1,B_15-16,PRKACB
2.043898038667806,0.17765856160408294,1.7496299524469612,F19,E19,2025-03-18_B16A1A2_P1,B_15-16,PRKACB
1.8251059660069378,0.2095338747300159,1.112765943875971,E20,E19,2025-03-18_B16A1A2_P1,B_15-16,PRKACB
-2.5183620780900817,0.12807478450932475,-2.4376817324641706,E20,F19,2025-03-18_B16A1A2_P1,B_15-16,PRKACB
,,NaN,E19,F20,2025-03-17_B16A1A2_P1,B_15-16,PRKACB
,,NaN,E20,F20,2025-03-17_B16A1A2_P1,B_15-16,PRKACB
,,NaN,F19,F20,2025-03-17_B16A1A2_P1,B_15-16,PRKACB
,,NaN,E20,E19,2025-03-17_B16A1A2_P1,B_15-16,PRKACB
,,NaN,F19,E19,2025-03-17_B16A1A2_P1,B_15-16,PRKACB
,,NaN,F19,E20,2025-03-17_B16A1A2_P1,B_15-16,PRKACB
0.8323753372796815,0.46626275102206566,0.7013582455652868,F20,F19,2024_01_17_B7A1R1_P2,B_7-8,PRKACB
1.0846293642759075,0.3574668933023511,0.34761437126123446,F19,E19,2024_01_17_B7A1R1_P2,B_7-8,PRKACB
1.3565033397264368,0.26799590705494,0.9428058637859849,E20,F19,2024_01_17_B7A1R1_P2,B_7-8,PRKACB
1.120021434931281,0.34428755778547976,0.9039159575853832,F20,E19,2024_01_17_B7A1R1_P2,B_7-8,PRKACB
-0.8320010000645506,0.46644438841503727,-0.26465026232780514,F20,E20,2024_01_17_B7A1R1_P2,B_7-8,PRKACB
1.5016812055928577,0.2301807056104153,1.1102651794312972,E20,E19,2024_01_17_B7A1R1_P2,B_7-8,PRKACB
-1.2045442212229407,0.3147408011999557,-0.5481192370091094,E20,F19,2024_01_17_B7A1R1_P1,B_7-8,PRKACB
-3.03620686465216,0.056035090482294256,-1.629645715266106,E19,F19,2024_01_17_B7A1R1_P1,B_7-8,PRKACB
-1.3584002018705172,0.2674607797199491,-1.074876389425313,F20,F19,2024_01_17_B7A1R1_P1,B_7-8,PRKACB
-3.022228847840537,0.05665885533296166,-1.20160622749905,E19,E20,2024_01_17_B7A1R1_P1,B_7-8,PRKACB
-1.271848821200886,0.29306801744905686,-0.6190920416189393,F20,E20,2024_01_17_B7A1R1_P1,B_7-8,PRKACB
0.7526874879138251,0.5063151950186537,0.5196345836636929,F20,E19,2024_01_17_B7A1R1_P1,B_7-8,PRKACB
,,NaN,E19,E20,2024_01_19_B7A1R1_P4,B_7-8,PRKACB
,,NaN,F20,E20,2024_01_19_B7A1R1_P4,B_7-8,PRKACB
,,NaN,F19,E20,2024_01_19_B7A1R1_P4,B_7-8,PRKACB
,,NaN,F20,E19,2024_01_19_B7A1R1_P4,B_7-8,PRKACB
,,NaN,F19,E19,2024_01_19_B7A1R1_P4,B_7-8,PRKACB
,,NaN,F19,F20,2024_01_19_B7A1R1_P4,B_7-8,PRKACB
-0.5716294216872971,0.6252524856187555,-0.33028793680693286,E19,E20,2024_01_19_B7A1R1_P3,B_7-8,PRKACB
-1.8892699437729021,0.1994432683762758,-0.49871240212732165,F20,E20,2024_01_19_B7A1R1_P3,B_7-8,PRKACB
-1.102732775993469,0.3850908700821878,-1.1711300893532905,F19,E20,2024_01_19_B7A1R1_P3,B_7-8,PRKACB
0.5432373482679824,0.6414182609061415,0.35450269446959964,E19,F20,2024_01_19_B7A1R1_P3,B_7-8,PRKACB
1.3509871095173636,0.3092417952735875,1.3349033029888906,E19,F19,2024_01_19_B7A1R1_P3,B_7-8,PRKACB
0.5613848692464712,0.6310471604111012,0.5266680315433914,F20,F19,2024_01_19_B7A1R1_P3,B_7-8,PRKACB
,,NaN,F19,E19,2024_01_31_B8A1R2_P2,B_7-8,PRKACB
,,NaN,F20,E19,2024_01_31_B8A1R2_P2,B_7-8,PRKACB
,,NaN,E20,E19,2024_01_31_B8A1R2_P2,B_7-8,PRKACB
,,NaN,F20,F19,2024_01_31_B8A1R2_P2,B_7-8,PRKACB
,,NaN,E20,F19,2024_01_31_B8A1R2_P2,B_7-8,PRKACB
,,NaN,E20,F20,2024_01_31_B8A1R2_P2,B_7-8,PRKACB
,,NaN,E19,F19,2024_02_02_B8A1R2_P4,B_7-8,PRKACB
,,NaN,F20,F19,2024_02_02_B8A1R2_P4,B_7-8,PRKACB
,,NaN,E20,F19,2024_02_02_B8A1R2_P4,B_7-8,PRKACB
,,NaN,F20,E19,2024_02_02_B8A1R2_P4,B_7-8,PRKACB
,,NaN,E20,E19,2024_02_02_B8A1R2_P4,B_7-8,PRKACB
,,NaN,E20,F20,2024_02_02_B8A1R2_P4,B_7-8,PRKACB
,,NaN,E20,E19,2024_01_18_B7A1R1_P3,B_7-8,PRKACB
,,NaN,F19,E19,2024_01_18_B7A1R1_P3,B_7-8,PRKACB
,,NaN,F20,E19,2024_01_18_B7A1R1_P3,B_7-8,PRKACB
,,NaN,F19,E20,2024_01_18_B7A1R1_P3,B_7-8,PRKACB
,,NaN,F20,E20,2024_01_18_B7A1R1_P3,B_7-8,PRKACB
,,NaN,F20,F19,2024_01_18_B7A1R1_P3,B_7-8,PRKACB
0.12567670406524953,0.9114819903376952,0.0887190760554089,E20,F19,2024_02_01_B8A1R2_P2,B_7-8,PRKACB
1.1625133034965196,0.36498733108138093,0.4348747306742476,F20,F19,2024_02_01_B8A1R2_P2,B_7-8,PRKACB
0.22530322986508072,0.8426706186103101,0.181544093781012,E19,F19,2024_02_01_B8A1R2_P2,B_7-8,PRKACB
-0.3771641075615755,0.7423115217053581,-0.24827477293386885,E20,F20,2024_02_01_B8A1R2_P2,B_7-8,PRKACB
0.25734787208618765,0.8209676682716144,0.06292589103211753,E19,E20,2024_02_01_B8A1R2_P2,B_7-8,PRKACB
-0.3368241441924837,0.7683100614750072,-0.2382171371098928,E19,F20,2024_02_01_B8A1R2_P2,B_7-8,PRKACB
,,-0.4637919668802125,F19,E20,2024_01_22_B7A1R1_P4,B_7-8,PRKACB
,,-0.4478847206358066,F20,F19,2024_01_22_B7A1R1_P4,B_7-8,PRKACB
,,0.7173866455569007,E19,F19,2024_01_22_B7A1R1_P4,B_7-8,PRKACB
,,-3.381754899256933,F20,E20,2024_01_22_B7A1R1_P4,B_7-8,PRKACB
,,0.5501818042345534,E19,E20,2024_01_22_B7A1R1_P4,B_7-8,PRKACB
,,1.4149734490630905,E19,F20,2024_01_22_B7A1R1_P4,B_7-8,PRKACB
-1.4711638536998257,0.279077072505004,-0.10336798814814856,E19,F19,2024_02_02_B8A1R2_P3,B_7-8,PRKACB
-0.9149329633466325,0.45680998923886107,-0.443352318755127,F19,E20,2024_02_02_B8A1R2_P3,B_7-8,PRKACB
-1.376291927171972,0.3025668581315273,-1.037062789245004,F19,F20,2024_02_02_B8A1R2_P3,B_7-8,PRKACB
-1.2383802956811618,0.3412111876110504,-0.6075872911106905,E19,E20,2024_02_02_B8A1R2_P3,B_7-8,PRKACB
-1.724307079198294,0.2267941615214038,-1.3009336784716055,E19,F20,2024_02_02_B8A1R2_P3,B_7-8,PRKACB
1.4635508645989057,0.28087603424332486,0.8823746086123588,F20,E20,2024_02_02_B8A1R2_P3,B_7-8,PRKACB
-0.526662860880202,0.6348856533987253,-0.47951061248760357,E20,F19,2024_01_31_B8A1R2_P1,B_7-8,PRKACB
-2.8057554821383124,0.06752980946347918,-0.8366571007900633,F20,E20,2024_01_31_B8A1R2_P1,B_7-8,PRKACB
-1.255691256187248,0.2981262837424688,-1.1512941621301422,E20,E19,2024_01_31_B8A1R2_P1,B_7-8,PRKACB
-1.6936883379756187,0.18889870120422078,-1.5089648363068575,F20,F19,2024_01_31_B8A1R2_P1,B_7-8,PRKACB
-7.227414594132843,0.005462259415368564,-1.0708928853340862,F19,E19,2024_01_31_B8A1R2_P1,B_7-8,PRKACB
-2.3310763189648522,0.10204763541506771,-2.1553932228593964,F20,E19,2024_01_31_B8A1R2_P1,B_7-8,PRKACB
,,NaN,F19,E19,2024_01_23_B7A1R1_P4,B_7-8,PRKACB
,,NaN,F20,E19,2024_01_23_B7A1R1_P4,B_7-8,PRKACB
,,NaN,E20,E19,2024_01_23_B7A1R1_P4,B_7-8,PRKACB
,,NaN,F20,F19,2024_01_23_B7A1R1_P4,B_7-8,PRKACB
,,NaN,E20,F19,2024_01_23_B7A1R1_P4,B_7-8,PRKACB
,,NaN,E20,F20,2024_01_23_B7A1R1_P4,B_7-8,PRKACB
1.4922259485526546,0.2741750228481478,1.5398189957899453,F19,E20,2024_02_05_B8A1R2_P4,B_7-8,PRKACB
1.9117084592479043,0.19606748344999064,1.1304528424583964,F19,F20,2024_02_05_B8A1R2_P4,B_7-8,PRKACB
-0.5134867544188481,0.6587105861845807,-0.5258384073116674,E19,F19,2024_02_05_B8A1R2_P4,B_7-8,PRKACB
-0.4276957724975473,0.7105219208711577,-0.42282790869794823,F20,E20,2024_02_05_B8A1R2_P4,B_7-8,PRKACB
0.6996529253008767,0.5565697168775394,0.5684376325810704,E19,E20,2024_02_05_B8A1R2_P4,B_7-8,PRKACB
0.7051694440118854,0.5537674338776207,0.7335886156073124,E19,F20,2024_02_05_B8A1R2_P4,B_7-8,PRKACB
,,NaN,E20,E19,2024-12-09_B12A1R2,B_11-12,PRKACB
,,NaN,F19,E19,2024-12-09_B12A1R2,B_11-12,PRKACB
,,NaN,F20,E19,2024-12-09_B12A1R2,B_11-12,PRKACB
,,NaN,F19,E20,2024-12-09_B12A1R2,B_11-12,PRKACB
,,NaN,F20,E20,2024-12-09_B12A1R2,B_11-12,PRKACB
,,NaN,F20,F19,2024-12-09_B12A1R2,B_11-12,PRKACB
,,NaN,E20,F19,2024-12-09_B11A1R1,B_11-12,PRKACB
,,NaN,E19,F19,2024-12-09_B11A1R1,B_11-12,PRKACB
,,NaN,F20,F19,2024-12-09_B11A1R1,B_11-12,PRKACB
,,NaN,E19,E20,2024-12-09_B11A1R1,B_11-12,PRKACB
,,NaN,F20,E20,2024-12-09_B11A1R1,B_11-12,PRKACB
,,NaN,F20,E19,2024-12-09_B11A1R1,B_11-12,PRKACB
0.5558736781767323,0.6170638740070375,0.2695667947906595,K13,L14,2025_01_27_B13A7A8P1_,B_13-14,MAPK9
-0.23918068722285868,0.8263745520658892,-0.11588116811556089,L14,L13,2025_01_27_B13A7A8P1_,B_13-14,MAPK9
-3.500261402333097,0.0394736021280729,-1.9232148504632212,L14,K14,2025_01_27_B13A7A8P1_,B_13-14,MAPK9
1.0159079251960104,0.38447652464883586,0.14862057426918132,K13,L13,2025_01_27_B13A7A8P1_,B_13-14,MAPK9
-1.0637272751634907,0.365481519221601,-0.6155060082502817,K13,K14,2025_01_27_B13A7A8P1_,B_13-14,MAPK9
1.8408287318256016,0.16290347641839995,1.003045747290025,K14,L13,2025_01_27_B13A7A8P1_,B_13-14,MAPK9
3.198117629813591,0.049402950614342196,0.8982110022258555,L14,K13,2025_01_28_B14A7A8P1_,B_13-14,MAPK9
-0.400504368285172,0.71560102808202,-0.12896037602549826,L13,K13,2025_01_28_B14A7A8P1_,B_13-14,MAPK9
3.514312666768129,0.03907653145721509,1.2899835922110987,K14,K13,2025_01_28_B14A7A8P1_,B_13-14,MAPK9
-1.7053932190793915,0.18666532471589414,-0.9065548228996938,L13,L14,2025_01_28_B14A7A8P1_,B_13-14,MAPK9
1.8014672600201562,0.16943083543705495,0.45402337318798325,K14,L14,2025_01_28_B14A7A8P1_,B_13-14,MAPK9
1.9681878207553518,0.14370032258963017,1.2446649119047801,K14,L13,2025_01_28_B14A7A8P1_,B_13-14,MAPK9
-4.681196306409981,0.018419892649895853,-2.874473459067453,L14,L13,2025_01_28_B14A7A8P2_,B_13-14,MAPK9
-0.07282517786492876,0.9465288263565168,-0.060985775329838704,K13,L14,2025_01_28_B14A7A8P2_,B_13-14,MAPK9
0.3592332597109805,0.7432170859198597,0.16116982606536173,L14,K14,2025_01_28_B14A7A8P2_,B_13-14,MAPK9
-6.905358875934877,0.006223842921195823,-3.781050577082319,K13,L13,2025_01_28_B14A7A8P2_,B_13-14,MAPK9
4.680635950348773,0.018425866778933226,2.1041471172889827,L13,K14,2025_01_28_B14A7A8P2_,B_13-14,MAPK9
0.1975257827980854,0.8560421650852726,0.14409283025781358,K13,K14,2025_01_28_B14A7A8P2_,B_13-14,MAPK9
0.4046007400908068,0.7128904992389973,0.3426953296512957,K13,L14,2025_01_27_B13A7A8P2_,B_13-14,MAPK9
0.07329803464987622,0.9461824605787573,0.014721749130166233,L14,K14,2025_01_27_B13A7A8P2_,B_13-14,MAPK9
-3.9067709761624383,0.02978627811837712,-2.5893427195701966,L14,L13,2025_01_27_B13A7A8P2_,B_13-14,MAPK9
0.48359095814542175,0.6617775443518681,0.37044906498606,K13,K14,2025_01_27_B13A7A8P2_,B_13-14,MAPK9
-8.555911674966723,0.003355182707933856,-3.5917115040722902,K13,L13,2025_01_27_B13A7A8P2_,B_13-14,MAPK9
-4.652805867700403,0.018725764877029948,-2.693219710602424,K14,L13,2025_01_27_B13A7A8P2_,B_13-14,MAPK9
-1.4514752328362897,0.2425599486225023,-0.9856135892215706,L13,L14,2024_01_17_B7A1R1_P2,B_7-8,MAPK9
-0.3432943299349505,0.754026328835313,-0.20642684820892132,K13,L14,2024_01_17_B7A1R1_P2,B_7-8,MAPK9
-1.1820757725316615,0.32233609806231056,-0.46967878467605484,K14,L14,2024_01_17_B7A1R1_P2,B_7-8,MAPK9
1.5794301082741664,0.21235952286362675,0.877944631525104,K13,L13,2024_01_17_B7A1R1_P2,B_7-8,MAPK9
-0.7654011057957819,0.49973816205410887,-0.34150696865358005,L13,K14,2024_01_17_B7A1R1_P2,B_7-8,MAPK9
0.5084748582547906,0.6461535211910989,0.34118636591759094,K13,K14,2024_01_17_B7A1R1_P2,B_7-8,MAPK9
-0.4376248256878518,0.6912493660920865,-0.2051804868525266,L14,K14,2024_01_17_B7A1R1_P1,B_7-8,MAPK9
0.4736095570148798,0.6681108504699946,0.256869852463831,L13,K14,2024_01_17_B7A1R1_P1,B_7-8,MAPK9
-3.894152333258327,0.030037938903534223,-0.7273409188253859,K13,K14,2024_01_17_B7A1R1_P1,B_7-8,MAPK9
1.172755334103239,0.3255411236515537,0.6359557166925357,L13,L14,2024_01_17_B7A1R1_P1,B_7-8,MAPK9
-1.100586034049038,0.351464510608603,-0.6357411263415718,K13,L14,2024_01_17_B7A1R1_P1,B_7-8,MAPK9
-2.109137386038169,0.1254699081342477,-1.2827621427805929,K13,L13,2024_01_17_B7A1R1_P1,B_7-8,MAPK9
0.13041701729208088,0.9081708871566161,0.04242713141212408,K13,K14,2024_01_19_B7A1R1_P3,B_7-8,MAPK9
-1.3243190254173625,0.3164727307977977,-0.3869948325606845,L14,K14,2024_01_19_B7A1R1_P3,B_7-8,MAPK9
-1.6715296618278537,0.2365782023641548,-0.7243007022673191,L13,K14,2024_01_19_B7A1R1_P3,B_7-8,MAPK9
-1.3865850256333898,0.299902550553663,-0.430830100646631,L14,K13,2024_01_19_B7A1R1_P3,B_7-8,MAPK9
-1.8526348104925392,0.2051233925008408,-0.8460770070430523,L13,K13,2024_01_19_B7A1R1_P3,B_7-8,MAPK9
-0.09497198921805126,0.9329955820177693,-0.05441806987748209,L13,L14,2024_01_19_B7A1R1_P3,B_7-8,MAPK9
,,NaN,L14,K14,2024_01_19_B7A1R1_P4,B_7-8,MAPK9
,,NaN,K13,K14,2024_01_19_B7A1R1_P4,B_7-8,MAPK9
,,NaN,K13,L14,2024_01_19_B7A1R1_P4,B_7-8,MAPK9
,,NaN,L13,K13,2024_01_31_B8A1R2_P2,B_7-8,MAPK9
,,NaN,L14,K13,2024_01_31_B8A1R2_P2,B_7-8,MAPK9
,,NaN,K14,K13,2024_01_31_B8A1R2_P2,B_7-8,MAPK9
,,NaN,L14,L13,2024_01_31_B8A1R2_P2,B_7-8,MAPK9
,,NaN,K14,L13,2024_01_31_B8A1R2_P2,B_7-8,MAPK9
,,NaN,K14,L14,2024_01_31_B8A1R2_P2,B_7-8,MAPK9
,,NaN,L14,K13,2024_02_02_B8A1R2_P4,B_7-8,MAPK9
,,NaN,K14,K13,2024_01_18_B7A1R1_P3,B_7-8,MAPK9
,,NaN,L14,K13,2024_01_18_B7A1R1_P3,B_7-8,MAPK9
,,NaN,L13,K13,2024_01_18_B7A1R1_P3,B_7-8,MAPK9
,,NaN,L14,K14,2024_01_18_B7A1R1_P3,B_7-8,MAPK9
,,NaN,L13,K14,2024_01_18_B7A1R1_P3,B_7-8,MAPK9
,,NaN,L13,L14,2024_01_18_B7A1R1_P3,B_7-8,MAPK9
-11.176279912970395,0.007910938833862305,-1.3984591746121855,L14,L13,2024_02_01_B8A1R2_P2,B_7-8,MAPK9
-0.3607961770579779,0.7527966228809523,-0.34546605069082315,L13,K13,2024_02_01_B8A1R2_P2,B_7-8,MAPK9
0.591813459782405,0.613963438627884,0.656615726046356,K14,L13,2024_02_01_B8A1R2_P2,B_7-8,MAPK9
-1.4536280786666147,0.283242704112707,-1.3238365774331455,L14,K13,2024_02_01_B8A1R2_P2,B_7-8,MAPK9
1.893182166798189,0.1988491352032068,2.0319398563021522,K14,L14,2024_02_01_B8A1R2_P2,B_7-8,MAPK9
0.2241443119096771,0.8434600106633435,0.09843819712536221,K14,K13,2024_02_01_B8A1R2_P2,B_7-8,MAPK9
,,0.897765120364754,K13,L14,2024_01_22_B7A1R1_P4,B_7-8,MAPK9
,,-0.30969784462751726,K14,K13,2024_01_22_B7A1R1_P4,B_7-8,MAPK9
,,0.8223778322130291,K14,L14,2024_01_22_B7A1R1_P4,B_7-8,MAPK9
-0.05942469694926967,0.9580174406678547,-0.05125225707529986,L13,K13,2024_02_02_B8A1R2_P3,B_7-8,MAPK9
0.6723935670917235,0.5706086412450119,0.2931494192493771,L14,K13,2024_02_02_B8A1R2_P3,B_7-8,MAPK9
-1.4769731105833865,0.27771406650820085,-0.6977017633633257,K14,K13,2024_02_02_B8A1R2_P3,B_7-8,MAPK9
0.3787101530404544,0.7413257674167842,0.36206287306114565,L14,L13,2024_02_02_B8A1R2_P3,B_7-8,MAPK9
-0.8242515041843594,0.49645099941438475,-0.7151509897273892,K14,L13,2024_02_02_B8A1R2_P3,B_7-8,MAPK9
-2.4830678057667606,0.13105188780661256,-0.8149711173914643,K14,L14,2024_02_02_B8A1R2_P3,B_7-8,MAPK9
0.5889712526286389,0.597289689924638,0.15641639754047673,L14,K14,2024_01_31_B8A1R2_P1,B_7-8,MAPK9
-0.5362446875473196,0.6290020293424279,-0.40374916446604975,K14,K13,2024_01_31_B8A1R2_P1,B_7-8,MAPK9
0.4413573222059597,0.688827490020447,0.2722569600268203,L13,K14,2024_01_31_B8A1R2_P1,B_7-8,MAPK9
-0.3446397527331933,0.7531109281154397,-0.25628123305812167,L14,K13,2024_01_31_B8A1R2_P1,B_7-8,MAPK9
-0.24035941680747835,0.8255403405968328,-0.14007184316997948,L14,L13,2024_01_31_B8A1R2_P1,B_7-8,MAPK9
-0.37177241662137855,0.7347687213749203,-0.08747319544896702,L13,K13,2024_01_31_B8A1R2_P1,B_7-8,MAPK9
,,NaN,L14,K14,2024_01_23_B7A1R1_P4,B_7-8,MAPK9
,,NaN,K13,K14,2024_01_23_B7A1R1_P4,B_7-8,MAPK9
,,NaN,K13,L14,2024_01_23_B7A1R1_P4,B_7-8,MAPK9
-0.6497060734252857,0.5825357601239429,-0.5325450731262303,K13,L14,2024_02_05_B8A1R2_P4,B_7-8,MAPK9
-13.336416576630883,0.005575422354162587,-3.026937802935931,L13,L14,2025_06_03_B19A8A10R1_P1,B_18-19,MAPK9
-9.111951410396253,0.011830863627861026,-1.2931166855009986,L14,K13,2025_06_03_B19A8A10R1_P1,B_18-19,MAPK9
-4.907230431566338,0.0391068942628889,-1.5011471595279757,L14,K14,2025_06_03_B19A8A10R1_P1,B_18-19,MAPK9
-18.762290050514018,0.0028286717124804354,-4.0187520395580805,L13,K13,2025_06_03_B19A8A10R1_P1,B_18-19,MAPK9
-25.13614078122711,0.0015789676997413785,-5.269782798908931,L13,K14,2025_06_03_B19A8A10R1_P1,B_18-19,MAPK9
-0.5344612727813856,0.6464820365545484,-0.192791548147299,K14,K13,2025_06_03_B19A8A10R1_P1,B_18-19,MAPK9
-0.5623805456218846,0.6131408632422887,-0.1602183751009376,K14,L14,2025_05_28_B18A8A10R1_P1,B_18-19,MAPK9
-0.29847561915315496,0.784819858635848,-0.039999823148605035,L13,L14,2025_05_28_B18A8A10R1_P1,B_18-19,MAPK9
-0.2169380208056966,0.8421723337252325,-0.0378832851222498,K13,L14,2025_05_28_B18A8A10R1_P1,B_18-19,MAPK9
0.3305306360632246,0.7627372660889186,0.10766728043608365,L13,K14,2025_05_28_B18A8A10R1_P1,B_18-19,MAPK9
0.3254440988291136,0.7662220055548754,0.10125302761854987,K13,K14,2025_05_28_B18A8A10R1_P1,B_18-19,MAPK9
0.008232296071328863,0.9939484875365157,0.00047185733774056263,L13,K13,2025_05_28_B18A8A10R1_P1,B_18-19,MAPK9
,,NaN,L13,L14,2025_06_02_B19A8A10R1_P1,B_18-19,MAPK9
,,NaN,K14,L14,2025_06_02_B19A8A10R1_P1,B_18-19,MAPK9
,,NaN,K13,L14,2025_06_02_B19A8A10R1_P1,B_18-19,MAPK9
,,NaN,K14,L13,2025_06_02_B19A8A10R1_P1,B_18-19,MAPK9
,,NaN,K13,L13,2025_06_02_B19A8A10R1_P1,B_18-19,MAPK9
,,NaN,K13,K14,2025_06_02_B19A8A10R1_P1,B_18-19,MAPK9
0.25432278374002615,0.8156820631895368,0.02370227616289486,K14,L13,2025-03-17_B15A1A2_P1,B_15-16,MAPK9
-1.0492599625423025,0.3711308072598027,-0.17909794061933526,K14,K13,2025-03-17_B15A1A2_P1,B_15-16,MAPK9
1.6193695195028865,0.2038052972873209,0.4336073073454711,L14,K14,2025-03-17_B15A1A2_P1,B_15-16,MAPK9
0.8368253956950189,0.4641081703116442,0.19971129489296313,K13,L13,2025-03-17_B15A1A2_P1,B_15-16,MAPK9
1.9364539946171837,0.1482256174713766,0.4476803228517405,L14,L13,2025-03-17_B15A1A2_P1,B_15-16,MAPK9
1.0509626231908717,0.3704615802391888,0.2881443240102679,L14,K13,2025-03-17_B15A1A2_P1,B_15-16,MAPK9
3.30999206964181,0.08041752209397397,0.516785269106879,K13,L14,2025-03-18_B16A1A2_P1,B_15-16,MAPK9
0.7045704347934262,0.5540710864790681,0.07784440211610318,K14,L14,2025-03-18_B16A1A2_P1,B_15-16,MAPK9
-0.015483465540741065,0.9890521926507645,-0.0029387588330188675,L13,L14,2025-03-18_B16A1A2_P1,B_15-16,MAPK9
2.8395198864167472,0.10487453000728239,0.4478730022318942,K13,K14,2025-03-18_B16A1A2_P1,B_15-16,MAPK9
2.36647062024559,0.14160122991766283,0.533029983394487,K13,L13,2025-03-18_B16A1A2_P1,B_15-16,MAPK9
0.972570533725379,0.4333530042222742,0.08248905515683548,K14,L13,2025-03-18_B16A1A2_P1,B_15-16,MAPK9
,,NaN,L14,K13,2025-03-17_B16A1A2_P1,B_15-16,MAPK9
,,NaN,L13,K13,2025-03-17_B16A1A2_P1,B_15-16,MAPK9
,,NaN,K14,K13,2025-03-17_B16A1A2_P1,B_15-16,MAPK9
,,NaN,L13,L14,2025-03-17_B16A1A2_P1,B_15-16,MAPK9
,,NaN,K14,L14,2025-03-17_B16A1A2_P1,B_15-16,MAPK9
,,NaN,K14,L13,2025-03-17_B16A1A2_P1,B_15-16,MAPK9
,,NaN,L14,K14,2024-12-09_B12A1R2,B_11-12,MAPK9
,,NaN,L13,K14,2024-12-09_B12A1R2,B_11-12,MAPK9
,,NaN,K13,K14,2024-12-09_B12A1R2,B_11-12,MAPK9
,,NaN,L13,L14,2024-12-09_B12A1R2,B_11-12,MAPK9
,,NaN,K13,L14,2024-12-09_B12A1R2,B_11-12,MAPK9
,,NaN,K13,L13,2024-12-09_B12A1R2,B_11-12,MAPK9
,,NaN,K14,K13,2024-12-09_B11A1R1,B_11-12,MAPK9
,,NaN,L13,K13,2024-12-09_B11A1R1,B_11-12,MAPK9
,,NaN,L14,K13,2024-12-09_B11A1R1,B_11-12,MAPK9
,,NaN,L13,K14,2024-12-09_B11A1R1,B_11-12,MAPK9
,,NaN,L14,K14,2024-12-09_B11A1R1,B_11-12,MAPK9
,,NaN,L14,L13,2024-12-09_B11A1R1,B_11-12,MAPK9
-0.8058878069404495,0.4792665901522122,-0.7542932377579312,G17,G18,2024_01_17_B7A1R1_P2,B_7-8,SLIRP
0.32010228158473036,0.7698896395842288,0.28089667099632243,H17,G18,2024_01_17_B7A1R1_P2,B_7-8,SLIRP
-1.8506467130778117,0.16132098510088078,-1.2750414605142744,G17,H17,2024_01_17_B7A1R1_P2,B_7-8,SLIRP
0.7228222342135411,0.5220441612695841,0.519634884227105,H18,H17,2024_01_17_B7A1R1_P1,B_7-8,SLIRP
0.05505462574488054,0.9595562934372304,0.02214447814649794,G17,H17,2024_01_17_B7A1R1_P1,B_7-8,SLIRP
-0.48159113870793996,0.6630434454378664,-0.41339722439701115,G17,H18,2024_01_17_B7A1R1_P1,B_7-8,SLIRP
,,NaN,H17,G17,2024_01_19_B7A1R1_P4,B_7-8,SLIRP
,,NaN,H18,G17,2024_01_19_B7A1R1_P4,B_7-8,SLIRP
,,NaN,G18,G17,2024_01_19_B7A1R1_P4,B_7-8,SLIRP
,,NaN,H18,H17,2024_01_19_B7A1R1_P4,B_7-8,SLIRP
,,NaN,G18,H17,2024_01_19_B7A1R1_P4,B_7-8,SLIRP
,,NaN,G18,H18,2024_01_19_B7A1R1_P4,B_7-8,SLIRP
-0.5627080135723056,0.6302963011089113,-0.3249737500601666,H18,H17,2024_01_19_B7A1R1_P3,B_7-8,SLIRP
-0.7965052675195998,0.509266064019178,-0.7267071739124193,H18,G18,2024_01_19_B7A1R1_P3,B_7-8,SLIRP
-0.8780166149795358,0.4725378807402032,-0.766639922839444,H18,G17,2024_01_19_B7A1R1_P3,B_7-8,SLIRP
0.6353995443588198,0.5901699264233021,0.6837989908627501,G18,H17,2024_01_19_B7A1R1_P3,B_7-8,SLIRP
-0.6415368217664082,0.5868843024711803,-0.7157294210990681,H17,G17,2024_01_19_B7A1R1_P3,B_7-8,SLIRP
-0.4696123162812306,0.6848548732434651,-0.17277472519925924,G18,G17,2024_01_19_B7A1R1_P3,B_7-8,SLIRP
,,NaN,G18,G17,2024_01_31_B8A1R2_P2,B_7-8,SLIRP
,,NaN,H17,G17,2024_01_31_B8A1R2_P2,B_7-8,SLIRP
,,NaN,H17,G18,2024_01_31_B8A1R2_P2,B_7-8,SLIRP
,,NaN,H18,G17,2024_02_02_B8A1R2_P4,B_7-8,SLIRP
,,NaN,H17,G17,2024_02_02_B8A1R2_P4,B_7-8,SLIRP
,,NaN,G18,G17,2024_02_02_B8A1R2_P4,B_7-8,SLIRP
,,NaN,H17,H18,2024_02_02_B8A1R2_P4,B_7-8,SLIRP
,,NaN,G18,H18,2024_02_02_B8A1R2_P4,B_7-8,SLIRP
,,NaN,G18,H17,2024_02_02_B8A1R2_P4,B_7-8,SLIRP
,,NaN,G17,H17,2024_01_18_B7A1R1_P3,B_7-8,SLIRP
,,NaN,H18,H17,2024_01_18_B7A1R1_P3,B_7-8,SLIRP
,,NaN,G18,H17,2024_01_18_B7A1R1_P3,B_7-8,SLIRP
,,NaN,H18,G17,2024_01_18_B7A1R1_P3,B_7-8,SLIRP
,,NaN,G18,G17,2024_01_18_B7A1R1_P3,B_7-8,SLIRP
,,NaN,G18,H18,2024_01_18_B7A1R1_P3,B_7-8,SLIRP
3.322926552806491,0.07986554467644463,1.0239696646232215,G18,G17,2024_02_01_B8A1R2_P2,B_7-8,SLIRP
-0.5711351275822937,0.625531076619173,-0.6270486193639938,H17,G17,2024_02_01_B8A1R2_P2,B_7-8,SLIRP
-1.8777778749155047,0.201202269140287,-1.8612868657129082,H17,G18,2024_02_01_B8A1R2_P2,B_7-8,SLIRP
,,2.3402661126936266,H17,H18,2024_01_22_B7A1R1_P4,B_7-8,SLIRP
,,4.383462784930217,G18,H18,2024_01_22_B7A1R1_P4,B_7-8,SLIRP
,,8.418501376190674,G17,H18,2024_01_22_B7A1R1_P4,B_7-8,SLIRP
,,0.001214761121116358,G18,H17,2024_01_22_B7A1R1_P4,B_7-8,SLIRP
,,-1.0974950366146041,G17,H17,2024_01_22_B7A1R1_P4,B_7-8,SLIRP
,,-2.0596025026323312,G17,G18,2024_01_22_B7A1R1_P4,B_7-8,SLIRP
1.0307723983598602,0.41098640634249506,0.6906093187936716,H17,G17,2024_02_02_B8A1R2_P3,B_7-8,SLIRP
-0.7944992607108902,0.5102052026588921,-0.6868970085480794,G18,G17,2024_02_02_B8A1R2_P3,B_7-8,SLIRP
0.8129310978516693,0.5016402352146776,0.882802694952083,H18,G17,2024_02_02_B8A1R2_P3,B_7-8,SLIRP
1.0758170911810303,0.39455479130031224,0.9245273433554247,H17,G18,2024_02_02_B8A1R2_P3,B_7-8,SLIRP
-0.5156296794874317,0.6574531072039813,-0.5099702490448534,H17,H18,2024_02_02_B8A1R2_P3,B_7-8,SLIRP
1.2248705646578366,0.34530793989519726,0.9973560323344564,H18,G18,2024_02_02_B8A1R2_P3,B_7-8,SLIRP
0.27498533668941005,0.8011783660300777,0.10127506340327934,G17,H17,2024_01_31_B8A1R2_P1,B_7-8,SLIRP
-0.3253193326877669,0.766307575506133,-0.2651667328459025,H18,H17,2024_01_31_B8A1R2_P1,B_7-8,SLIRP
-0.5832047868257145,0.6007023969524689,-0.5207245230076045,H18,G17,2024_01_31_B8A1R2_P1,B_7-8,SLIRP
,,NaN,G18,H18,2024_01_23_B7A1R1_P4,B_7-8,SLIRP
,,NaN,G17,H18,2024_01_23_B7A1R1_P4,B_7-8,SLIRP
,,NaN,H17,H18,2024_01_23_B7A1R1_P4,B_7-8,SLIRP
,,NaN,G17,G18,2024_01_23_B7A1R1_P4,B_7-8,SLIRP
,,NaN,H17,G18,2024_01_23_B7A1R1_P4,B_7-8,SLIRP
,,NaN,H17,G17,2024_01_23_B7A1R1_P4,B_7-8,SLIRP
1.912099771506406,0.19600929174657533,1.478748845876551,G17,G18,2024_02_05_B8A1R2_P4,B_7-8,SLIRP
1.6191042236251503,0.24684667438344426,1.5841781826117995,G17,H17,2024_02_05_B8A1R2_P4,B_7-8,SLIRP
0.7059356921694429,0.5533792282806425,0.7810620093935445,G17,H18,2024_02_05_B8A1R2_P4,B_7-8,SLIRP
-0.1556607147671471,0.8905920037758909,-0.17685528623738261,H17,G18,2024_02_05_B8A1R2_P4,B_7-8,SLIRP
1.186261211837789,0.3573411117424813,0.7174863093127195,H18,G18,2024_02_05_B8A1R2_P4,B_7-8,SLIRP
0.9932441187448077,0.42525886766147347,0.858530249020534,H18,H17,2024_02_05_B8A1R2_P4,B_7-8,SLIRP
1.055327880548157,0.3687511495250752,1.0304759184239773,H17,H18,2025-03-17_B15A1A2_P1,B_15-16,SLIRP
0.5952821093490309,0.5935706469095889,0.4706620365018696,H17,G17,2025-03-17_B15A1A2_P1,B_15-16,SLIRP
0.8094819174472866,0.4774840574036013,0.7923958675542587,H17,G18,2025-03-17_B15A1A2_P1,B_15-16,SLIRP
1.53014825516336,0.2234706100293866,0.7545952482199665,G17,H18,2025-03-17_B15A1A2_P1,B_15-16,SLIRP
0.6498436385335656,0.5621164716038201,0.11776108226155446,G18,H18,2025-03-17_B15A1A2_P1,B_15-16,SLIRP
-0.9101931550623968,0.42982768599925963,-0.513603051097535,G18,G17,2025-03-17_B15A1A2_P1,B_15-16,SLIRP
3.0530569157851932,0.09261937223558521,0.9298991144854355,H17,H18,2025-03-18_B16A1A2_P1,B_15-16,SLIRP
-0.8162298032020716,0.5001225405071417,-0.5540277276304657,G17,H17,2025-03-18_B16A1A2_P1,B_15-16,SLIRP
-4.9816951575959,0.038011829896612774,-1.8719064828217364,G18,H17,2025-03-18_B16A1A2_P1,B_15-16,SLIRP
0.6424795710298851,0.5863810184931734,0.47763397983770955,G17,H18,2025-03-18_B16A1A2_P1,B_15-16,SLIRP
-1.6301836416086846,0.24462925760377074,-0.6524735678553988,G18,H18,2025-03-18_B16A1A2_P1,B_15-16,SLIRP
-3.2209324994413997,0.08437120916645559,-1.3133537093698773,G18,G17,2025-03-18_B16A1A2_P1,B_15-16,SLIRP
,,NaN,G18,H17,2025-03-17_B16A1A2_P1,B_15-16,SLIRP
,,NaN,G17,H17,2025-03-17_B16A1A2_P1,B_15-16,SLIRP
,,NaN,H18,H17,2025-03-17_B16A1A2_P1,B_15-16,SLIRP
,,NaN,G17,G18,2025-03-17_B16A1A2_P1,B_15-16,SLIRP
,,NaN,H18,G18,2025-03-17_B16A1A2_P1,B_15-16,SLIRP
,,NaN,H18,G17,2025-03-17_B16A1A2_P1,B_15-16,SLIRP
-1.5588307481534383,0.2593732571609354,-1.4559374190004923,G18,H17,2025_06_03_B19A8A10R1_P1,B_18-19,SLIRP
-2.2501147445908276,0.1533389919952943,-2.021070581980614,G18,H18,2025_06_03_B19A8A10R1_P1,B_18-19,SLIRP
-1.3844002550930916,0.30046563688465144,-0.41394917319835245,G17,G18,2025_06_03_B19A8A10R1_P1,B_18-19,SLIRP
2.7141257296997434,0.11316710804749634,2.039152650712335,H18,H17,2025_06_03_B19A8A10R1_P1,B_18-19,SLIRP
-3.2463410098946914,0.08321528583460223,-3.253014667003081,G17,H17,2025_06_03_B19A8A10R1_P1,B_18-19,SLIRP
-4.32996166100744,0.04941712326459152,-4.078788449320622,G17,H18,2025_06_03_B19A8A10R1_P1,B_18-19,SLIRP
2.7041388083865825,0.07352799379600375,1.8626135376854056,G17,H18,2025_05_28_B18A8A10R1_P1,B_18-19,SLIRP
-3.1629452754818725,0.050755739226589214,-1.4203204821663962,H18,G18,2025_05_28_B18A8A10R1_P1,B_18-19,SLIRP
1.3354865062372683,0.27400169708919503,1.012360375465065,H17,H18,2025_05_28_B18A8A10R1_P1,B_18-19,SLIRP
1.9252506367787783,0.14986298723860808,0.8173506288630391,G17,G18,2025_05_28_B18A8A10R1_P1,B_18-19,SLIRP
3.0895363793434343,0.0537331486902943,0.8787986933106132,G17,H17,2025_05_28_B18A8A10R1_P1,B_18-19,SLIRP
-0.48555229525657595,0.6605374728277095,-0.21367465212035172,H17,G18,2025_05_28_B18A8A10R1_P1,B_18-19,SLIRP
,,NaN,H17,G18,2025_06_02_B19A8A10R1_P1,B_18-19,SLIRP
,,NaN,H18,G18,2025_06_02_B19A8A10R1_P1,B_18-19,SLIRP
,,NaN,G17,G18,2025_06_02_B19A8A10R1_P1,B_18-19,SLIRP
,,NaN,H18,H17,2025_06_02_B19A8A10R1_P1,B_18-19,SLIRP
,,NaN,G17,H17,2025_06_02_B19A8A10R1_P1,B_18-19,SLIRP
,,NaN,G17,H18,2025_06_02_B19A8A10R1_P1,B_18-19,SLIRP
,,NaN,G17,H17,2024-12-09_B12A1R2,B_11-12,SLIRP
,,NaN,G18,H17,2024-12-09_B12A1R2,B_11-12,SLIRP
,,NaN,H18,H17,2024-12-09_B12A1R2,B_11-12,SLIRP
,,NaN,G18,G17,2024-12-09_B12A1R2,B_11-12,SLIRP
,,NaN,H18,G17,2024-12-09_B12A1R2,B_11-12,SLIRP
,,NaN,H18,G18,2024-12-09_B12A1R2,B_11-12,SLIRP
,,NaN,H17,G18,2024-12-09_B11A1R1,B_11-12,SLIRP
,,NaN,H18,G18,2024-12-09_B11A1R1,B_11-12,SLIRP
,,NaN,G17,G18,2024-12-09_B11A1R1,B_11-12,SLIRP
,,NaN,H18,H17,2024-12-09_B11A1R1,B_11-12,SLIRP
,,NaN,G17,H17,2024-12-09_B11A1R1,B_11-12,SLIRP
,,NaN,G17,H18,2024-12-09_B11A1R1,B_11-12,SLIRP
10.191733969944213,0.0020131485380011946,1.4042821039033193,H17,G18,2025_01_27_B13A7A8P1_,B_13-14,SLIRP
-8.793639929071977,0.0030981820601290373,-1.5776770030154654,G17,H17,2025_01_27_B13A7A8P1_,B_13-14,SLIRP
-6.462492653484854,0.00751703341988081,-4.468990620558071,H18,H17,2025_01_27_B13A7A8P1_,B_13-14,SLIRP
-2.150429264815257,0.12065907515250418,-0.3511789877749873,G17,G18,2025_01_27_B13A7A8P1_,B_13-14,SLIRP
-5.050528090803962,0.014973629350316908,-3.0473652432673397,H18,G18,2025_01_27_B13A7A8P1_,B_13-14,SLIRP
-3.4974095634154496,0.039554818163966075,-2.393163623247094,H18,G17,2025_01_27_B13A7A8P1_,B_13-14,SLIRP
-2.598518695584868,0.08047878553368949,-1.0303331779147265,G17,G18,2025_01_28_B14A7A8P1_,B_13-14,SLIRP
-6.419606154133974,0.007660403265710722,-2.4048511402562154,H18,G17,2025_01_28_B14A7A8P1_,B_13-14,SLIRP
3.986806283888343,0.02825160283519597,1.5598075881629212,H17,G17,2025_01_28_B14A7A8P1_,B_13-14,SLIRP
-15.46345689623303,0.0005875582247397047,-4.5582929154056595,H18,G18,2025_01_28_B14A7A8P1_,B_13-14,SLIRP
5.07089048662662,0.014809053498882065,0.6866213358869531,H17,G18,2025_01_28_B14A7A8P1_,B_13-14,SLIRP
26.354387120260263,0.00011985758570939175,5.516456589079194,H17,H18,2025_01_28_B14A7A8P1_,B_13-14,SLIRP
2.990678865598958,0.058099139665570634,0.8781537543755369,G17,H18,2025_01_28_B14A7A8P2_,B_13-14,SLIRP
-5.484403997739851,0.011923405307486977,-1.857289823067819,H17,H18,2025_01_28_B14A7A8P2_,B_13-14,SLIRP
-3.8404618284267005,0.03113976650852161,-2.1366388978621766,G18,H18,2025_01_28_B14A7A8P2_,B_13-14,SLIRP
6.774480390320998,0.006573294874656211,3.1082140058103818,G17,H17,2025_01_28_B14A7A8P2_,B_13-14,SLIRP
-3.9031960705622293,0.0298572985937547,-2.4460817259781744,G18,G17,2025_01_28_B14A7A8P2_,B_13-14,SLIRP
-2.5686403866317935,0.08259070579651037,-1.440028182123844,G18,H17,2025_01_28_B14A7A8P2_,B_13-14,SLIRP
3.2226149452900597,0.04848757807805373,2.1598393766759387,H18,H17,2025_01_27_B13A7A8P2_,B_13-14,SLIRP
8.829556643872452,0.0030616438584675134,4.640600815073943,G17,H17,2025_01_27_B13A7A8P2_,B_13-14,SLIRP
-1.340126541933383,0.27266358549771524,-0.988342098896228,G18,H17,2025_01_27_B13A7A8P2_,B_13-14,SLIRP
-0.5109030643889629,0.6446417009815788,-0.2841741719595756,H18,G17,2025_01_27_B13A7A8P2_,B_13-14,SLIRP
4.113013207218073,0.026032208285298335,1.875697139644651,H18,G18,2025_01_27_B13A7A8P2_,B_13-14,SLIRP
2.9670739361977745,0.05920687002760834,2.187044424868531,G17,G18,2025_01_27_B13A7A8P2_,B_13-14,SLIRP
