Gene,gene_variant,Bio_Batch,U2OS_prot_abun_t_stat,U2OS_prot_abun_t_pval,U2OS_prot_abun_t_pval_fdr_bh_adj
LITAF,LITAF_Leu122Val,B_15-16,-7.625143393551578,0.000134687293053999,0.0004993224532654523
SDHD,SDHD_His50Arg,B_13-14,5.69672964070171,0.43847762370643184,0.45054010756792956
SDHD,SDHD_Glu69Lys,B_13-14,-1.0918069182550203,1.0,1.0
SDHD,SDHD_Gly138Val,B_13-14,-10.431320102129657,0.0009202589005377759,0.0019797429106914077
FARS2,FARS2_His84Pro,B_13-14,-1.7797378199391343,0.14564882882800625,0.18129745368141986
BCL10,BCL10_Leu8Leu,B_7-8,0.30065266159670045,0.7738250513754019,0.8142023906386826
TPM1,TPM1_Glu180Val,B_15-16,-6.182467001059623,0.084650085127264,0.10534606445229934
TPM1,TPM1_Met8Arg,B_15-16,-0.6865966876277402,1.0,1.0
FARS2,FARS2_Tyr144Cys,B_13-14,-1.0293494520089046,0.5030591106066327,0.5267971630218737
SDHD,SDHD_Leu107Pro,B_13-14,1.6003300038664925,1.0,1.0
FARS2,FARS2_Asp142Tyr,B_13-14,-0.12544325386242416,1.0,1.0
SDHD,SDHD_Ser68Gly,B_13-14,3.271765987790615,1.0,1.0
TPM1,TPM1_Lys248Glu,B_15-16,-1.121493453840772,1.0,1.0
GSS,GSS_Arg125Cys,B_11-12,-0.4724132502257655,0.6620048381445829,0.708217427867996
RAF1,RAF1_Thr145Pro,B_13-14,3.4740690180528837,0.1387095016292574,0.15815415767121452
SDHD,SDHD_Ala90Glu,B_13-14,4.21956897166154,1.0,1.0
SHOC2,SHOC2_Thr126Ile,B_13-14,5.055771173011852,0.45735355014465257,0.46552176979871296
BRIP1,BRIP1_His587Arg,B_13-14,3.0325933716536873,0.296404339231148,0.33039590340778574
GRN,GRN_Ser120Tyr,B_7-8,0.6592971397543317,0.5874364062936731,0.6225698968141063
RAF1,RAF1_Leu613Val,B_13-14,5.024623972695487,0.01089392382330008,0.016641250708266293
SDHD,SDHD_Tyr114Cys,B_13-14,-5.682189281819903,0.4870599876081264,0.4902976868942017
TPM1,TPM1_Ser215Leu,B_15-16,-3.2756106800344176,0.3200457830484313,0.34447433612936984
ALK,ALK_Arg1275Gln,B_13-14,-2.9497627507613173,1.0,1.0
FARS2,FARS2_His135Asp,B_13-14,-1.2067628026462482,0.5211399928800905,0.531213479418906
SDHD,SDHD_Ile31Val,B_13-14,2.3664830937760195,1.0,1.0
TPM1,TPM1_Asp230Asn,B_15-16,0.6719322347957137,1.0,1.0
DES,DES_Pro419Ser,B_7-8,1.8612383416556193,0.11114158887698511,0.14404527459835792
FARS2,FARS2_Gly309Ser,B_13-14,-5.259931737910365,0.006835929204146723,0.011421439412778428
FARS2,FARS2_Leu371Phe,B_13-14,-2.39654084312888,0.07203020474370399,0.0957825480032792
FARS2,FARS2_Ile329Thr,B_13-14,-1.3257036731028407,0.3744974347038238,0.40916475676472064
SHOC2,SHOC2_Thr494Asn,B_13-14,6.487518049491403,0.0005479509014274737,0.0014135421772470955
TPM1,TPM1_Ile172Thr,B_15-16,4.706560236811825,0.0026453929738914374,0.00532041544660588
AGXT,AGXT_Phe152Ile,B_7-8,-0.5593443588657525,1.0,1.0
GRN,GRN_Thr182Met,B_7-8,2.191802163320086,0.1683788180576393,0.19941636192853468
TPM1,TPM1_Ala63Val,B_15-16,-3.5278904680414898,0.11173434785958897,0.13599098334044568
SDHD,SDHD_His102Pro,B_13-14,1.843204876330938,1.0,1.0
FARS2,FARS2_Gly3Val,B_13-14,-2.223769484475093,0.06650456444869174,0.09107995096372005
MVK,MVK_Ser329Asn,B_11-12,-11.593562110792755,0.001354109329583656,0.003086696422094421
TPM1,TPM1_Arg160His,B_15-16,0.337786708898425,1.0,1.0
BRIP1,BRIP1_Ser520Thr,B_13-14,1.836987186608994,1.0,1.0
RAF1,RAF1_Asp486Asn,B_13-14,-4.952038637737814,0.025081302731899485,0.03445326228195973
ALK,ALK_Arg1275Gln,B_11-12,-6.394576058358886,1.0,1.0
TPM1,TPM1_Lys37Glu,B_15-16,-6.388978294635526,0.01441079579255391,0.021755795969459497
SDHD,SDHD_Arg70Thr,B_13-14,-0.3796977806482231,1.0,1.0
FARS2,FARS2_Asp325Tyr,B_13-14,-3.0326764915490694,0.023298109859245034,0.03546515118639845
AGXT,AGXT_Ile340Met,B_7-8,1.9130698760917197,0.11054370966262946,0.14270084626170215
SDHD,SDHD_His102Leu,B_13-14,10.675261658839622,0.00033573179036110016,0.0008712965627157731
ZC4H2,ZC4H2_Pro201Ser,B_13-14,3.412556331098637,0.05848320816223985,0.07682711757918612
ALK,ALK_Arg1275Gln,B_15-16,-4.012321089963672,1.0,1.0
SDHD,SDHD_Gly106Val,B_13-14,0.9865200194047619,1.0,1.0
TPM1,TPM1_Lys15Asn,B_15-16,5.40965507564478,0.0011426891093417842,0.00263785433185437
DES,DES_Ala337Pro,B_7-8,-6.716310981480478,0.0008947258402494482,0.002093128556617442
TPM1,TPM1_Ala22Thr,B_15-16,6.865547048461509,0.0002386768833822558,0.0007799652193099314
RAF1,RAF1_Ser427Gly,B_13-14,4.521553491880699,0.022318231418365555,0.0313587391205787
RAF1,RAF1_Leu603Pro,B_13-14,-6.4739177359242595,0.020788784472461172,0.028945740909541964
SMAD3,SMAD3_Arg287Trp,B_15-16,-4.405254917341486,0.004974070196163054,0.009030232298509362
ZC4H2,ZC4H2_Val63Leu,B_13-14,-3.575493464130579,1.0,1.0
SDHD,SDHD_His50Asp,B_13-14,-0.5278983851524384,1.0,1.0
FARS2,FARS2_Arg419Cys,B_13-14,-1.4698956071499465,0.3684416130040028,0.39949472134780356
TPM1,TPM1_Ala239Thr,B_15-16,-0.4909444066012489,1.0,1.0
KRT6A,KRT6A_Thr552Ser,B_7-8,0.05808130768816435,0.9553323399578759,0.9636558853670614
MVK,MVK_Ser329Asn,B_7-8,-6.5937287684782575,0.0005846554620979839,0.0015616343128818056
RAF1,RAF1_Asn71Ser,B_13-14,0.8317408591390693,1.0,1.0
MVK,MVK_Pro288Leu,B_7-8,-2.6354389515594163,1.0,1.0
SDHD,SDHD_Leu139Arg,B_13-14,7.753130652821276,0.0019525222746259775,0.003803248905529341
RAF1,RAF1_Cys95Trp,B_13-14,-0.7341478353766485,0.6086007600525194,0.6374278814956559
RAF1,RAF1_Asp381Asn,B_13-14,1.2979507367601886,1.0,1.0
RAF1,RAF1_Thr491Arg,B_13-14,2.2142650562662,0.20819766860665642,0.23216562487529244
FARS2,FARS2_Thr246Met,B_13-14,-2.2892724416038037,0.0572911553710658,0.07975381986312452
BCL10,BCL10_Leu8Leu,B_13-14,1.8528778935229038,0.1063171348804939,0.13985085484280022
RAF1,RAF1_Asn140His,B_13-14,0.323741652913962,1.0,1.0
TPM1,TPM1_Glu23Gln,B_15-16,-0.2952395705313104,1.0,1.0
BRIP1,BRIP1_Gln255His,B_13-14,1.2439471189610838,1.0,1.0
TPM1,TPM1_Asp175Asn,B_15-16,3.9169447505566426,0.007082402149551709,0.012452644789038703
RAF1,RAF1_Pro225Ser,B_13-14,5.107601917252922,1.0,1.0
BAP1,BAP1_Arg59Pro,B_13-14,-6.337624151527198,0.0014440220120268232,0.003018166711515043
RAD51D,RAD51D_Arg165Gln,B_13-14,14.30591068342265,1.0,1.0
BRIP1,BRIP1_Leu195Pro,B_13-14,-0.678345949718366,1.0,1.0
FARS2,FARS2_Ile388Ser,B_13-14,-4.262653512272488,0.008708706837718317,0.014472031252986732
TPM1,TPM1_Met281Thr,B_15-16,2.0572646230972196,0.19051130225677423,0.2219434685596303
RAF1,RAF1_Thr491Ile,B_13-14,2.8254810197240707,1.0,1.0
MVK,MVK_Pro288Leu,B_11-12,1.3423034601995882,1.0,1.0
SDHD,SDHD_Phe34Cys,B_13-14,3.0721181130182984,1.0,1.0
FARS2,FARS2_Ala166Thr,B_13-14,-2.5932366695452966,0.035795255202522906,0.05279385382883707
SDHD,SDHD_Ala90Val,B_13-14,-0.46375151006751336,1.0,1.0
BRIP1,BRIP1_Arg848His,B_13-14,0.3645848143152252,1.0,1.0
SDHD,SDHD_Val111Ile,B_13-14,0.03966887739272629,1.0,1.0
GSS,GSS_Arg125Cys,B_7-8,-1.000210039363511,0.3505218715427985,0.4030123021810998
SDHD,SDHD_His102Arg,B_13-14,-1.4404529547031009,1.0,1.0
TPM1,TPM1_Glu54Lys,B_15-16,0.004714510259513527,1.0,1.0
SDHD,SDHD_Asp92Gly,B_13-14,-2.4981390885644545,1.0,1.0
TPM1,TPM1_Glu40Lys,B_15-16,0.7775696356229105,1.0,1.0
BRIP1,BRIP1_Val76Ile,B_13-14,0.5894749250073064,1.0,1.0
SMAD3,SMAD3_Pro263Leu,B_15-16,-1.4591620594440884,0.3791190909831814,0.40939462425046685
RAF1,RAF1_Phe22Leu,B_13-14,1.462481766348925,1.0,1.0
BRCA1,BRCA1_Ser611Arg,B_13-14,4.562711114888771,0.012450121366398254,0.01942939199680961
FARS2,FARS2_Ser57Cys,B_13-14,-1.0487307151913527,1.0,1.0
GRN,GRN_Ala324Thr,B_7-8,0.23298360727689837,1.0,1.0
TPM1,TPM1_Ile92Thr,B_15-16,-0.7985111239349238,1.0,1.0
RAD51D,RAD51D_Arg165Gln,B_7-8,-0.14556994448705718,1.0,1.0
TPM1,TPM1_Ala166Thr,B_15-16,-2.7362534053167247,0.29647524847407686,0.32191352036345006
GRN,GRN_Cys105Arg,B_7-8,6.541737821084694,0.00040601646746292897,0.0011371268085965053
PYGL,PYGL_Glu673Lys,B_7-8,-6.141028273124434,0.001379535038934254,0.0030174273796938233
TPM1,TPM1_Leu185Arg,B_15-16,-1.6423542558789532,0.4239446354480438,0.4444082931397225
TPM1,TPM1_Val95Ala,B_15-16,-1.5736596322058367,1.0,1.0
GSS,GSS_Arg125Cys,B_13-14,-3.015672145161352,0.0195051797715331,0.030749145086566353
FARS2,FARS2_Asn280Ser,B_13-14,-0.31670226276173263,1.0,1.0
ABCD1,ABCD1_Arg389Gly,B_13-14,2.0015698058408478,0.10173533425681955,0.13430527939659273
ABCD1,ABCD1_Arg518Gln,B_13-14,-0.5642973313423817,0.5969244898414112,0.645086241966425
ABCD1,ABCD1_Arg518Trp,B_13-14,-3.0156334416038666,0.02956395788957903,0.04439432301749388
AGXT,AGXT_Ala186Val,B_7-8,-4.020407119416259,0.005056991335573859,0.009488322188934592
AGXT,AGXT_Ala248Ser,B_7-8,1.7994846860083331,0.169767512719998,0.2110592044994555
AGXT,AGXT_Ala248Val,B_7-8,-1.1154178332513307,0.30149427480746244,0.35396160861912573
AGXT,AGXT_Ala280Val,B_7-8,-1.4273706231011083,0.19652327933319785,0.24073445766116028
AGXT,AGXT_Ala295Thr,B_7-8,3.10999699741361,0.017081283528209472,0.02744672090566058
AGXT,AGXT_Ala85Asp,B_7-8,-0.9230595163599699,0.42405550203262266,0.4776806913627149
AGXT,AGXT_Arg111Gln,B_7-8,3.386576932947367,0.011653685857125546,0.0195876757179665
AGXT,AGXT_Arg118Cys,B_7-8,-0.3311272379366828,0.7502401594641195,0.7912015474808386
AGXT,AGXT_Arg197Gln,B_7-8,-2.539315382412482,0.03870268993461828,0.05649915356406089
AGXT,AGXT_Arg301Cys,B_7-8,-0.15263840613974952,0.8829900162725006,0.9056552710651408
AGXT,AGXT_Arg381Lys,B_7-8,3.8398848759614825,0.006375491182957675,0.01163541064929741
AGXT,AGXT_Asn22Ser,B_7-8,2.2853521575539615,0.05619117103683032,0.07865049492950697
AGXT,AGXT_Asp129His,B_7-8,2.467805221261747,0.04297095350638046,0.062039102819990664
AGXT,AGXT_Glu274Asp,B_7-8,0.22510939284155027,0.8363564861685491,0.8660915079679952
AGXT,AGXT_Gly116Arg,B_7-8,-6.0837301086832865,0.0004990263517957661,0.001389549856669546
AGXT,AGXT_Gly161Arg,B_7-8,-6.970134129568279,0.0002172539315059796,0.0007248381169335865
AGXT,AGXT_Gly161Ser,B_7-8,1.6892368963290263,0.1350241698818834,0.1726615691520948
AGXT,AGXT_Gly41Arg,B_7-8,2.7470039059918094,0.028627417262907413,0.043224429128595684
AGXT,AGXT_Gly41Glu,B_7-8,-1.4699663293899243,0.18503193648319313,0.22864215720313766
AGXT,AGXT_Gly82Arg,B_7-8,0.6542599078478976,0.5338417547388525,0.5883481200875642
AGXT,AGXT_Ile202Asn,B_7-8,-7.265048247357121,0.0001677355078754896,0.0005965012731618671
AGXT,AGXT_Ile279Thr,B_7-8,-4.6774190880570155,0.01846021147715831,0.02927786349229516
AGXT,AGXT_Lys12Arg,B_7-8,0.7345570573911762,0.4864818279113292,0.5406990637294301
AGXT,AGXT_Met195Leu,B_7-8,-2.3185038907926847,0.05351224290869481,0.07530288783547161
AGXT,AGXT_Met49Leu,B_7-8,-0.9474545499387447,0.37495859053002134,0.42789117762598833
AGXT,AGXT_Pro10Ala,B_7-8,6.130348732826524,0.0004766375899660144,0.0013353129428818875
AGXT,AGXT_Pro11His,B_7-8,2.0491411407222,0.07963127427973171,0.10728589449582063
AGXT,AGXT_Pro11Leu,B_7-8,-1.1951657312246513,0.270938087543915,0.32161862944345976
AGXT,AGXT_Pro319Leu,B_7-8,-3.1228366298739574,0.035429397046837875,0.0523032530820173
AGXT,AGXT_Ser187Phe,B_7-8,-9.54864392896777,0.000028984439589213753,0.00015735635102428176
AGXT,AGXT_Ser218Leu,B_7-8,1.2610657070115185,0.24768659274185748,0.2966742151966765
AGXT,AGXT_Ser221Pro,B_7-8,-5.992026528377945,0.0005465892766391231,0.0014793382339716677
AIPL1,AIPL1_Arg302Leu,B_7-8,-6.413542151825731,0.0003625838988499698,0.0010714033081959656
AIPL1,AIPL1_Met79Thr,B_7-8,-8.417623811637617,0.00006577100710220402,0.00029348644823911756
AIPL1,AIPL1_Thr114Ile,B_7-8,0.5610655799362102,0.5922512534077851,0.6404131113749473
ALAS2,ALAS2_Ala135Thr,B_7-8,2.2511970929085647,0.1098163404231214,0.14414376586296693
ALAS2,ALAS2_Arg374Cys,B_7-8,2.7267965181555045,0.052616500177801645,0.07421312669198003
ALAS2,ALAS2_Asp122Asn,B_7-8,0.024583352305470325,0.9819310765439566,0.9862307200099399
ALAS2,ALAS2_Asp153Val,B_7-8,-0.030324011843360685,0.9772613469902052,0.9830354876265335
ALAS2,ALAS2_Cys358Tyr,B_7-8,2.495967977180686,0.06705494321953431,0.09216915416318013
ALAS2,ALAS2_Gly254Ser,B_7-8,2.1789293238438487,0.1174669800969227,0.15254912135729168
ALAS2,ALAS2_Lys262Gln,B_7-8,0.6420177601502908,0.5665502831009553,0.616985026403711
ALAS2,ALAS2_Phe128Leu,B_7-8,0.5009651419053094,0.6508436163926948,0.6984199041406989
ALAS2,ALAS2_Ser531Gly,B_7-8,-0.24476474180343047,0.8186821993085688,0.8511511817174072
ALAS2,ALAS2_Tyr549Phe,B_7-8,0.11079029450402801,0.9171190802153362,0.9318457985576644
AMPD2,AMPD2_Glu697Asp,B_7-8,-5.4245591603014525,0.0016257990589155498,0.0035943870760361853
AP2S1,AP2S1_Arg15Cys,B_15-16,8.642636702231393,0.00005547619653114772,0.00026236809441921666
APOA1,APOA1_Ala188Ser,B_15-16,10.371170585559316,0.000016816591294592926,0.0001046048983917899
APOA1,APOA1_Ala199Pro,B_15-16,8.397628448387708,0.00006678582670555073,0.0002960193043591439
APOA1,APOA1_Arg197Cys,B_15-16,5.2730849678815925,0.006199149202501814,0.011364074711878952
APOA1,APOA1_Arg34Leu,B_15-16,5.691601733382731,0.000741765597934068,0.0018696976266607346
APOA1,APOA1_Leu114Pro,B_15-16,-20.289822433266423,1.7702820886555142e-7,7.061886158006236e-6
APOA1,APOA1_Leu198Ser,B_15-16,-2.776718540572224,0.027427489191097703,0.04166344591528501
APOA1,APOA1_Leu84Arg,B_15-16,6.806139646520246,0.00025179823445634146,0.0008130560927622751
APOA1,APOA1_Trp74Arg,B_15-16,6.804760353385878,0.0002521138511072123,0.0008130560927622751
APOA1,APOA1_Val180Glu,B_15-16,6.276486539683042,0.0032896096388560364,0.006511794700432391
BAG3,BAG3_Arg218Trp,B_15-16,-5.757757496590391,0.0006928724020747903,0.0017707811390072984
BAG3,BAG3_Arg258Trp,B_15-16,-6.276410847508257,0.0004134601216731345,0.0011937226251941364
BAG3,BAG3_Arg477His,B_15-16,0.9209457388789546,0.4091953979849465,0.46293067527890064
BAG3,BAG3_Leu462Pro,B_15-16,0.54606513937819,0.6019821455845258,0.6501690624765184
BAG3,BAG3_Pro380Ser,B_15-16,-15.669803911529025,1.043132952088504e-6,0.000017090615777521473
BAP1,BAP1_Arg718Gln,B_13-14,-3.548642927115825,0.0093607514788508,0.016174179815151804
BAP1,BAP1_Asn290Ser,B_13-14,-0.4871826502271317,0.641013974880829,0.6886771919826237
BAP1,BAP1_Cys91Gly,B_13-14,-5.486804665013732,0.0009193072432989236,0.0022313872902824405
BAP1,BAP1_Cys91Ser,B_13-14,-2.5252776118798073,0.03950462125013418,0.0575325238047589
BAP1,BAP1_Glu31Lys,B_13-14,-0.5612576601246329,0.592127224854171,0.6404131113749473
BAP1,BAP1_Leu49Pro,B_13-14,-3.8167942109575983,0.006569580903600427,0.011947652089303056
BAP1,BAP1_Pro12Thr,B_13-14,-4.225969335815301,0.003907589099015427,0.007547816838624536
BAP1,BAP1_Ser596Gly,B_13-14,1.0503718377928355,0.3284513263433175,0.381702459683336
BAP1,BAP1_Thr423Lys,B_13-14,-4.899955064605282,0.0017532149414611572,0.003798287387935329
BAP1,BAP1_Thr93Ala,B_13-14,-1.5266053859990762,0.17069489538315274,0.21206847192152017
BCL10,BCL10_Ala5Ser,B_13-14,0.2928982794280082,0.778092046015708,0.8177542408011594
BRAF,BRAF_Asp565Glu,B_13-14,2.824515004016611,0.025606847300471365,0.039157137330304126
BRAF,BRAF_Gln257Arg,B_13-14,0.12688298867875483,0.9026008312567233,0.9223307243170084
BRAF,BRAF_Gln262Lys,B_13-14,2.1481671213234943,0.06879957779760018,0.09435517582854733
BRAF,BRAF_Glu501Lys,B_13-14,-1.1836032662476619,0.2752017617119537,0.3260137073863364
BRAF,BRAF_Glu501Val,B_13-14,0.613589922225558,0.5588895104969295,0.6108173030148097
BRAF,BRAF_Gly464Val,B_13-14,-0.5425173687147155,0.6042964959090807,0.6522847470548019
BRAF,BRAF_Gly469Glu,B_13-14,-3.0243624593274268,0.0192672781731555,0.030426381624561395
BRAF,BRAF_Gly596Val,B_13-14,-4.18296054546987,0.004122021750159124,0.007903772112374077
BRAF,BRAF_Leu245Phe,B_13-14,2.8902583829788178,0.02330765356847928,0.036062010369443065
BRAF,BRAF_Leu485Phe,B_13-14,3.0948589616255147,0.017447636321062537,0.027937532852661217
BRAF,BRAF_Lys499Asn,B_13-14,3.1187357524993065,0.016873536307570804,0.02716047291613371
BRAF,BRAF_Phe468Ser,B_13-14,2.3697823462370775,0.049622098981574284,0.07025968490060865
BRAF,BRAF_Thr241Arg,B_13-14,4.342228023678122,0.003386840271271843,0.006670834020243826
BRAF,BRAF_Val471Phe,B_13-14,-3.34655660145611,0.012308641923586394,0.020495787595082606
BRAF,BRAF_Val487Gly,B_13-14,3.97397278194632,0.005365012238222538,0.009964369895889025
BRAF,BRAF_Val600Gly,B_13-14,-2.6271460056936986,0.03405357216252174,0.050556881001802105
BRCA1,BRCA1_Ala102Gly,B_13-14,-15.590922854250527,1.0796966552991854e-6,0.000017228203151947872
BRCA1,BRCA1_Arg595Gln,B_13-14,5.806878409546107,0.000658897044143643,0.0017077345706265326
BRCA1,BRCA1_Arg71Gly,B_13-14,6.8385726493883485,0.00024450329988398285,0.0007955027576012563
BRCA1,BRCA1_Arg71Lys,B_13-14,4.455663203778334,0.0029514293962042914,0.005938457173283854
BRCA1,BRCA1_Asn132Lys,B_13-14,3.691132480091729,0.007745022327135816,0.013744793008021491
BRCA1,BRCA1_Asp67Tyr,B_13-14,-1.566566553425073,0.1611991200805131,0.20246432946457327
BRCA1,BRCA1_Cys39Arg,B_13-14,6.176662907203266,0.00045550350607088887,0.0012856882203950563
BRCA1,BRCA1_Cys44Tyr,B_13-14,6.484348876448501,0.00033909230654164806,0.0010234118133288226
BRCA1,BRCA1_Cys61Gly,B_13-14,5.221066099016583,0.0012243730284459688,0.002829627842819084
BRCA1,BRCA1_Cys64Ser,B_13-14,-4.922164968922964,0.0017094264265996762,0.003729842440916059
BRCA1,BRCA1_Cys64Tyr,B_13-14,-3.086713019102096,0.017648228915318507,0.02820949482544378
BRCA1,BRCA1_Glu143Lys,B_13-14,-3.763732118828379,0.007040413139430789,0.01267827096256673
BRCA1,BRCA1_Glu455Lys,B_13-14,-21.198611384232994,1.308385214335618e-7,6.488883427853673e-6
BRCA1,BRCA1_Glu631Lys,B_13-14,2.674997253307021,0.031768731924692914,0.047389447104914856
BRCA1,BRCA1_Gly602Ala,B_13-14,2.448360476306822,0.044213438463083156,0.0635330145495361
BRCA1,BRCA1_Gly666Val,B_13-14,5.301094274612864,0.0011220347033239419,0.0026329075199481244
BRCA1,BRCA1_His239Arg,B_13-14,3.364407036958549,0.01201174712743942,0.020056010899773737
BRCA1,BRCA1_His299Tyr,B_13-14,6.2761746546161055,0.00041355439162265147,0.0011937226251941364
BRCA1,BRCA1_His41Arg,B_13-14,3.3659379453642804,0.011986645329539395,0.0200323262110244
BRCA1,BRCA1_Leu460Pro,B_13-14,1.7383520996516049,0.12571050221887387,0.1623355183473846
BRCA1,BRCA1_Leu660Pro,B_13-14,-0.08365655654394928,0.9356716193611984,0.9470256048140093
BRCA1,BRCA1_Lys502Glu,B_13-14,5.61655036149595,0.0008019556151327337,0.0019913241593620653
BRCA1,BRCA1_Met1Ile,B_13-14,-18.83358370213424,2.956885464415597e-7,8.390976792275268e-6
BRCA1,BRCA1_Met1Thr,B_13-14,-13.289186733906769,3.1970151056312993e-6,0.00003445963826976376
BRCA1,BRCA1_Met548Ile,B_13-14,8.904168709864585,0.00004573055090166232,0.00022497469411407602
BRCA1,BRCA1_Met671Lys,B_13-14,1.7073574675266083,0.1315143412709758,0.16899777047075673
BRCA1,BRCA1_Phe558Ser,B_13-14,5.375445540674276,0.0010354288390783917,0.002461155336410426
BRCA1,BRCA1_Phe591Leu,B_13-14,3.3120223510004188,0.012905647064930617,0.021354249201215224
BRCA1,BRCA1_Pro510Ser,B_13-14,5.335113879487378,0.0010814453934293857,0.002553992660158202
BRCA1,BRCA1_Pro533Leu,B_13-14,5.364005835277965,0.00104825547835976,0.002488420184722069
BRCA1,BRCA1_Ser408Ile,B_13-14,9.911212238436196,0.000022689065756006088,0.0001288991816169386
BRCA1,BRCA1_Thr37Lys,B_13-14,5.811053388630985,0.0006560963239190668,0.001702880840723462
BRCA1,BRCA1_Thr581Ala,B_13-14,5.853936604185313,0.0006280865188124798,0.0016441351811995726
BRCA1,BRCA1_Thr581Ile,B_13-14,0.19497894827829038,0.8509478942030293,0.8782280010475584
BRCA1,BRCA1_Thr587Arg,B_13-14,11.188454921727086,0.000010158429901823806,0.00007639638881084706
BRCA1,BRCA1_Thr616Ala,B_13-14,-20.42607109409456,1.6904285653490424e-7,7.061886158006236e-6
BRCA1,BRCA1_Val275Ile,B_13-14,3.575783798699408,0.009026864283015919,0.015685886325127095
BRCA1,BRCA1_Val632Ala,B_13-14,6.115289664824691,0.0004837443157969204,0.0013531567370233977
CCBE1,CCBE1_Gly136Arg,B_15-16,-5.918919940770552,0.000588154517646305,0.0015664202320478514
CDKN1A,CDKN1A_Arg67Leu,B_15-16,2.173938495841072,0.06623078003599946,0.09110455874517168
CDKN1A,CDKN1A_Arg84Gln,B_15-16,-5.3789659971026715,0.0016973160507045121,0.0037122466663203576
CDKN1A,CDKN1A_Asp149Gly,B_15-16,-6.275717036348992,0.0004137371060618369,0.0011937226251941364
CDKN1A,CDKN1A_Ser31Arg,B_15-16,2.9543022014995444,0.021276469789578062,0.03331256148794859
CFP,CFP_Tyr414Asp,B_15-16,-4.3419165075898825,0.003388129322543458,0.006670834020243826
CLDN19,CLDN19_Arg200Gln,B_15-16,7.410044051863126,0.00014815263555466226,0.0005481050125863009
COMP,COMP_Asn555Lys,B_7-8,-0.10882584048097976,0.916394509420965,0.9318457985576644
COMP,COMP_Asp271His,B_7-8,4.540422643243186,0.0026663513289486352,0.0054424412554179595
COMP,COMP_Asp319Val,B_7-8,2.9165570338947635,0.022449831624268887,0.034911390703841874
COMP,COMP_Asp511Glu,B_7-8,1.0900514822743799,0.3117860417246504,0.36534315872588347
COMP,COMP_Asp605Asn,B_7-8,2.016794633768999,0.08352437088875973,0.11211940057123197
COMP,COMP_Cys348Arg,B_7-8,1.5372603553881448,0.16811398514928969,0.20957144208488218
COMP,COMP_His441Arg,B_7-8,-2.5886725769864634,0.036014352163047866,0.05299625999935271
COMP,COMP_Thr529Ile,B_7-8,0.41261969760049627,0.6922298247717562,0.7376548945738517
COMP,COMP_Thr585Arg,B_7-8,0.7626284330977129,0.47059797031235207,0.5239971332058047
COMP,COMP_Thr585Met,B_7-8,0.14489946107641677,0.8888740859261406,0.9107113052342088
CTCF,CTCF_Ala697Thr,B_13-14,0.8829117642446225,0.4065815603851444,0.46054145883132097
CTCF,CTCF_Arg283His,B_13-14,8.230553073512228,0.00007599298905368292,0.00032811090567884274
CTCF,CTCF_Arg342Cys,B_13-14,1.8584910793419462,0.10544478926604771,0.13880286104963957
CTCF,CTCF_Arg342Gly,B_13-14,-0.01663644363920429,0.9871908981233763,0.9898881410144239
CTCF,CTCF_Arg567Leu,B_13-14,4.033576251426681,0.004973192545738645,0.009369413061016851
CTCF,CTCF_Asp46Asn,B_13-14,2.8799144243407158,0.023654476066552226,0.0365370063822587
CTCF,CTCF_His455Gln,B_13-14,-8.101336513189299,0.00008410249567572472,0.0003578068785132897
CTCF,CTCF_Pro643Ser,B_13-14,0.40422285693115445,0.6981139918594725,0.7422066424416449
CTCF,CTCF_Tyr226Cys,B_13-14,7.012101443406622,0.00020929367632655448,0.0007046860478150963
CTCF,CTCF_Tyr407Cys,B_13-14,4.8815308469715015,0.0017904841907079834,0.00385626583327365
CTH,CTH_Gln240Glu,B_15-16,-5.411304532529716,0.0009963418079378095,0.0023836860724457372
CTH,CTH_Ser403Ile,B_15-16,-1.0324355038214075,0.3362136471243005,0.3894899258037194
CTH,CTH_Thr67Ile,B_15-16,-6.920691883530966,0.00022707243344658552,0.0007534862845831545
CTNNA3,CTNNA3_Val94Asp,B_15-16,-1.4385266186268382,0.19345320820333362,0.23776733895051386
CUL3,CUL3_Lys459Arg,B_15-16,0.9403119034062781,0.37836442031980455,0.43124143558188904
DCX,DCX_Ala251Ser,B_7-8,-3.155495832320868,0.016028679063430078,0.026005858604238898
DCX,DCX_Ala71Ser,B_7-8,0.7895619201312758,0.4556914072779289,0.50956351758379
DCX,DCX_Arg102Cys,B_7-8,-5.944689386567014,0.0005731123982931919,0.0015375164486374374
DCX,DCX_Arg186His,B_7-8,3.0302219082120456,0.019108612651670513,0.03020181241672299
DCX,DCX_Arg196Cys,B_7-8,-1.5235480311574754,0.17144214195447027,0.21285272698677465
DCX,DCX_Arg59His,B_7-8,-18.36944898075802,3.510382373530704e-7,8.946599521428946e-6
DCX,DCX_Arg78His,B_7-8,1.4329085569095,0.19499384842030876,0.23934027548579703
DCX,DCX_Arg89Gly,B_7-8,0.26472924740360393,0.7988437138310891,0.8364305341001493
DCX,DCX_Lys174Glu,B_7-8,4.556534678236334,0.002615672708355189,0.005374870570920237
DCX,DCX_Lys50Asn,B_7-8,-4.541088599811218,0.0026642353018439084,0.0054424412554179595
DCX,DCX_Met1Thr,B_7-8,3.3301546771649275,0.012588403281716431,0.020866955756052078
DCX,DCX_Pro191Arg,B_7-8,-15.091784992401545,1.347963284062644e-6,0.000019572510719154533
DCX,DCX_Ser129Leu,B_7-8,-15.307343476573067,1.2237462104730772e-6,0.00001846580032824103
DCX,DCX_Thr203Ala,B_7-8,-4.947162295759614,0.0016615869963824434,0.003650212692303261
DCX,DCX_Thr203Arg,B_7-8,-6.767458701896348,0.0002608204174409019,0.000830912267368151
DES,DES_Ala135Val,B_7-8,1.1597233036798804,0.2841849682927966,0.3362214163876736
DES,DES_Ala213Val,B_7-8,-0.07605005178348441,0.9415071896029289,0.9518819244745865
DES,DES_Ala237Thr,B_7-8,0.32435322649379505,0.7551477916199006,0.7959196999554955
DES,DES_Ala357Pro,B_7-8,-3.001160044949236,0.0199094304546956,0.03133259424045148
DES,DES_Ala397Thr,B_7-8,1.7318040839811792,0.126915987225036,0.16343216600557267
DES,DES_Arg127Pro,B_7-8,-0.11975113923588376,0.9080447595346983,0.9262157497199396
DES,DES_Arg212Gln,B_7-8,-0.9765423150948468,0.3613286976758955,0.4138814982741999
DES,DES_Arg222His,B_7-8,-0.7720764877349502,0.4653315440796689,0.5187626873549165
DES,DES_Arg227Cys,B_7-8,-1.4252488431275485,0.19711210158443015,0.24129466738320837
DES,DES_Arg278Pro,B_7-8,3.7407240209770323,0.007255868264705601,0.012989773917790026
DES,DES_Arg350Pro,B_7-8,-7.661201895868445,0.00012002972908237871,0.0004646720524602636
DES,DES_Arg355Pro,B_7-8,-7.658529705276042,0.00012029529906317643,0.00046471973427563947
DES,DES_Arg37Trp,B_7-8,1.2699056443551826,0.2447009621079883,0.29367316250370085
DES,DES_Asn342Asp,B_7-8,-7.149053438955154,0.0001855135037749004,0.0006410871552296464
DES,DES_Asp312Ala,B_7-8,0.9456266078630172,0.3758279923123328,0.42861675941151695
DES,DES_Gln131Lys,B_7-8,0.02116473595085358,0.9837049055320388,0.9874718280368113
DES,DES_Gln389Pro,B_7-8,0.8024017540864584,0.4487007588780191,0.50327988541636
DES,DES_Glu413Lys,B_7-8,3.2667266675309303,0.013736234364726149,0.02258601259791441
DES,DES_Gly20Arg,B_7-8,-0.2644460565697902,0.7990532568270091,0.8364305341001493
DES,DES_Gly44Ser,B_7-8,0.6114667206086883,0.560216206311982,0.6115388093887489
DES,DES_Gly84Ser,B_7-8,1.6378745897205762,0.14545863969973005,0.18458962921784555
DES,DES_His243Tyr,B_7-8,0.9834747644179446,0.35813703556130183,0.4108370114353041
DES,DES_His441Leu,B_7-8,2.1166096739550437,0.07208146042931347,0.09805002215551537
DES,DES_Leu136Pro,B_7-8,1.3976239000425987,0.20492360964554424,0.2500231540555676
DES,DES_Leu274Pro,B_7-8,2.81079787704624,0.02611598624414971,0.03980301890200558
DES,DES_Leu338Arg,B_7-8,-4.971681983598727,0.0016161001627832457,0.0035815746361198744
DES,DES_Leu345Pro,B_7-8,-7.1432762138037,0.000186452914537226,0.0006431223649921234
DES,DES_Met349Ile,B_7-8,1.2908173817140018,0.23776110442426152,0.2860928699137835
DES,DES_Pro433Thr,B_7-8,2.808597977647757,0.026198625030003454,0.039895831477225176
DES,DES_Ser298Leu,B_7-8,1.5146917734391687,0.1736236211050416,0.2154153784501361
DES,DES_Ser424Phe,B_7-8,2.1069291860630943,0.07311922921634885,0.09931442310288685
DES,DES_Ser46Tyr,B_7-8,1.449004201662139,0.1906091372642262,0.23442879817684656
DES,DES_Thr445Ala,B_7-8,-0.9116130012053344,0.3922839009214338,0.44580165209242284
DES,DES_Thr453Ile,B_7-8,2.4330038727584293,0.04522076323151873,0.06477759604202722
DES,DES_Tyr122Asp,B_7-8,0.7019500756561476,0.5090101194846053,0.5633495592607061
DES,DES_Tyr331Asn,B_7-8,-0.27132075503927977,0.7939714798630206,0.8325358088849388
DES,DES_Val394Met,B_7-8,0.9145295718633676,0.4278743330369286,0.48139141699740284
DES,DES_Val56Leu,B_7-8,-0.590950624551514,0.5731316652976064,0.6237820912343462
DIABLO,DIABLO_Gly224Arg,B_7-8,1.652981549875036,0.1494208875387291,0.18896438913409228
DIABLO,DIABLO_Ile59Val,B_7-8,1.1010442890940932,0.3130761389321146,0.36662074980244436
DOLK,DOLK_Tyr441Ser,B_7-8,-0.3346250430482549,0.7477109011275265,0.7889876386250783
EIF2B4,EIF2B4_Arg306Gly,B_7-8,-2.675678117519193,0.03173739936588348,0.047386597100403736
F9,F9_Ala233Thr,B_13-14,2.7825226153659015,0.027199331986286768,0.04135109709597035
F9,F9_Ala397Pro,B_13-14,1.8115033514430214,0.11296584138457301,0.14753901703963807
F9,F9_Arg191Cys,B_13-14,4.535885058625422,0.0026808186171023663,0.005459824819514809
F9,F9_Arg191His,B_13-14,3.5057024225478575,0.009916585141305978,0.017054295908431553
F9,F9_Arg226Gln,B_13-14,0.12028807631780493,0.9076347128020703,0.9262157497199396
F9,F9_Arg294Gln,B_13-14,3.529775888263387,0.00960071092369769,0.016557617053557575
F9,F9_Arg379Gln,B_13-14,1.0691261677479627,0.32048795721115075,0.3738686595565554
F9,F9_Arg384Leu,B_13-14,2.069988729844694,0.07721803720039067,0.10449491022324253
F9,F9_Arg384Pro,B_13-14,2.747600798952158,0.02860277980339594,0.043224429128595684
F9,F9_Arg3His,B_13-14,0.7209969603199433,0.49428073364385383,0.5480393632848772
F9,F9_Arg75Gln,B_13-14,1.6363295976951715,0.14578393634569953,0.18474691167885726
F9,F9_Asn166Tyr,B_13-14,4.976788660107431,0.0016068015194850096,0.0035695893320278364
F9,F9_Asn306Ser,B_13-14,6.895643775489026,0.00023223645787355464,0.0007644729901805403
F9,F9_Asp110Asn,B_13-14,0.4587166468892154,0.6603405189429533,0.706957323372415
F9,F9_Asp110Gly,B_13-14,2.9476460677186003,0.021478578999262612,0.033600334581114145
F9,F9_Asp410His,B_13-14,1.8236880182496336,0.11096723890084839,0.14534252918133964
F9,F9_Cys124Tyr,B_13-14,7.7782490540732905,0.00010902127794495096,0.00043301741348265155
F9,F9_Cys134Ser,B_13-14,2.02518199256615,0.0824971752926137,0.1108216080980572
F9,F9_Cys170Tyr,B_13-14,4.3939222449916775,0.003180219860308009,0.006315696367603027
F9,F9_Cys178Phe,B_13-14,3.564849657835464,0.009159800700738185,0.015901829977156643
F9,F9_Cys268Trp,B_13-14,3.6761263268862834,0.007900006792188257,0.013991887975234166
F9,F9_Cys28Arg,B_13-14,-14.72395644713804,1.5946040956690216e-6,0.000021203612431540977
F9,F9_Cys335Trp,B_13-14,1.8125204117721025,0.11279769975292003,0.14742434405029078
F9,F9_Cys335Tyr,B_13-14,6.1415257607915965,0.00047143849918395233,0.001324792719758886
F9,F9_Cys396Ser,B_13-14,1.3156979738998422,0.22972639498056355,0.2773341676245619
F9,F9_Cys407Arg,B_13-14,3.7082932702910565,0.007571818081638279,0.013489598232821594
F9,F9_Glu27Lys,B_13-14,0.007145895485218417,0.9944978361757142,0.9950400923568351
F9,F9_Glu54Val,B_13-14,-11.905458365645924,6.7048376695188415e-6,0.00005776233391346045
F9,F9_Glu73Lys,B_13-14,2.4435122724149703,0.044528944535031575,0.06393631707494753
F9,F9_Glu73Val,B_13-14,5.236829928039937,0.001203420081771499,0.0027974960036718766
F9,F9_Glu79Asp,B_13-14,-0.09341300931805499,0.9281929053186053,0.9410132493147186
F9,F9_Gly357Arg,B_13-14,-0.354012894295189,0.7337527133987192,0.7760439360729969
F9,F9_Gly442Arg,B_13-14,-1.8000237000578818,0.11488046831135514,0.14961366880861368
F9,F9_His282Arg,B_13-14,0.10650648567245825,0.9181685917700348,0.9323958859424538
F9,F9_His282Tyr,B_13-14,0.19248010003084795,0.8528312470245522,0.8796769748679333
F9,F9_His303Tyr,B_13-14,1.1755824753686785,0.27819227218051273,0.3293437544846715
F9,F9_Ile136Thr,B_13-14,-4.410901602851765,0.0031154124998878634,0.006227431304242081
F9,F9_Ile210Thr,B_13-14,5.183266991123854,0.0012762875683129946,0.0029238298225397565
F9,F9_Ile256Thr,B_13-14,2.665637217264417,0.032202754883711666,0.04792543001752709
F9,F9_Ile316Thr,B_13-14,6.047281654620102,0.0005173524805746467,0.0014190460416359891
F9,F9_Ile443Thr,B_13-14,1.0768268601982265,0.31726317412988003,0.3703421911757824
F9,F9_Ile7Phe,B_13-14,1.6947772859986143,0.13394174440834675,0.1717561851777193
F9,F9_Lys39Arg,B_13-14,0.0698144139043392,0.9462939494260949,0.95579518879782
F9,F9_Phe395Ile,B_13-14,3.1809845132947037,0.015469437981578186,0.025165264801592174
F9,F9_Pro175Ser,B_13-14,-1.841541395376454,0.10810028941792629,0.1419928640528953
F9,F9_Pro197Ser,B_13-14,2.832744971710679,0.02530639449289021,0.038794681616084827
F9,F9_Pro333Leu,B_13-14,2.5484361537213944,0.03819069027630669,0.05588510100241051
F9,F9_Pro414Thr,B_13-14,0.8811362108566082,0.4074784577436449,0.46127265265859857
F9,F9_Ser220Thr,B_13-14,-1.0080608886344498,0.3469930359098541,0.39945559654616203
F9,F9_Ser406Leu,B_13-14,4.644571769800711,0.0023568789121224307,0.004897930695067565
F9,F9_Ser411Ile,B_13-14,0.6306296539522278,0.5483102320593058,0.6014042294254789
F9,F9_Thr194Ala,B_13-14,4.490422328237727,0.002830646151654339,0.005728374893625198
F9,F9_Trp453Arg,B_13-14,4.415149146023866,0.003099428650434033,0.006202237266680971
F9,F9_Tyr161Cys,B_13-14,6.150156084158924,0.0004674674896665031,0.0013156485330337933
F9,F9_Val195Gly,B_13-14,0.10231224544958964,0.921378042908125,0.9351375601418193
F9,F9_Val227Ile,B_13-14,2.758232923056304,0.028167628267768433,0.04271702303417775
F9,F9_Val257Ile,B_13-14,4.318013076355253,0.0034886694691851866,0.006824849121487012
F9,F9_Val374Phe,B_13-14,2.1832000557729714,0.06533133145041142,0.09020541249925128
FA2H,FA2H_Arg143Cys,B_7-8,-5.301010808018125,0.0018280520026520005,0.003923363070019206
FA2H,FA2H_Arg62Cys,B_7-8,-6.329613996095075,0.00039282681334041133,0.0011453143277481894
FA2H,FA2H_Phe144Ser,B_7-8,-2.1769070691643875,0.06594113613463612,0.09084233093622919
FANCC,FANCC_Asp195Val,B_13-14,-8.3577150671891,0.00006886492807326819,0.0003037671707078056
FANCC,FANCC_Leu496Arg,B_13-14,-6.025745376237592,0.0005285343966927559,0.0014432449671595343
FANCC,FANCC_Leu554Pro,B_13-14,-6.197087675148789,0.00044651860288579437,0.0012703281182874925
FBP1,FBP1_Arg218Lys,B_7-8,-3.9253248419664115,0.005709849747772325,0.010572728846783267
FBP1,FBP1_Asn213Lys,B_7-8,0.4344536609138327,0.677036597292548,0.723144444721668
FBP1,FBP1_Asn273Ser,B_7-8,-3.3022148220278345,0.013080806822834261,0.021624577044955736
FBP1,FBP1_Gly164Ser,B_7-8,-4.77485206303472,0.0020243081738357534,0.004279499422797935
FBP1,FBP1_Gly260Arg,B_7-8,-5.381203119850089,0.0010290394310497409,0.002449140539528242
FBP1,FBP1_Met289Leu,B_7-8,0.6340679299895743,0.5461903158776702,0.5997960680045031
FBP1,FBP1_Phe194Ser,B_7-8,-5.549843049324048,0.0008600566765277423,0.0021098983976315603
FGD4,FGD4_Arg194His,B_7-8,0.9274251231783852,0.38456815603736433,0.4380400784162406
FH,FH_Arg233Cys,B_13-14,-0.6823690990205227,0.5169422876274314,0.5714392155399618
FH,FH_Arg233Leu,B_13-14,-3.205913968580473,0.014942586608623023,0.02439470322671107
FH,FH_Asn340Lys,B_13-14,-8.634081439849895,0.0000558325612656041,0.00026259929932931245
FH,FH_Gln376Pro,B_13-14,-6.772526112019,0.0002596180272702125,0.0008285201392014607
FH,FH_His318Tyr,B_13-14,-7.510482840405078,0.00013609892431414565,0.0005117654223697895
FH,FH_Leu303Ser,B_13-14,-6.983543805285113,0.0002146739640115828,0.0007196261669979084
FH,FH_Pro174Arg,B_13-14,-7.177547434631301,0.00018095749496161906,0.0006277070004812306
FH,FH_Ser334Arg,B_13-14,-5.31363743007343,0.0011068751163765785,0.0026006604847004116
FH,FH_Ser419Pro,B_13-14,-5.928129248913769,0.000582728723620866,0.0015587568627467771
FKBP6,FKBP6_Arg202His,B_15-16,6.353129122875109,0.0003840772340537908,0.0011222638924979398
FKBP6,FKBP6_Phe72Leu,B_15-16,1.2627043281142978,0.24713081235233042,0.2963954514160303
FLCN,FLCN_Arg239Cys,B_13-14,-10.756855128131008,0.000013199851080663478,0.00008971009901117585
FOXP3,FOXP3_Gln70His,B_15-16,-7.351906951299443,0.00015567730916313127,0.0005684780155260572
FOXP3,FOXP3_Gly52Val,B_15-16,-3.3455230078261606,0.012326072874477643,0.02050620464611648
FOXP3,FOXP3_Leu242Pro,B_15-16,-9.363211252931189,0.000032955587335360155,0.0001742752240933311
FOXP3,FOXP3_Pro187Leu,B_15-16,-2.3131435988201114,0.05393643421821846,0.0757255981564123
FTH1,FTH1_Lys54Arg,B_7-8,-0.23915737767913145,0.8178347985509042,0.8511511817174072
FXN,FXN_Gly130Val,B_7-8,-2.5403025271425497,0.038646934954087164,0.05646267965027862
FXN,FXN_Met1Ile,B_7-8,-3.475178502576244,0.010333329039319657,0.017605997016853826
G6PD,G6PD_Arg365His,B_13-14,-0.47068237958158676,0.6521815080236295,0.6994465617903917
G6PD,G6PD_Glu398Lys,B_13-14,-0.3612802146651411,0.7285479908969512,0.7709836005166698
G6PD,G6PD_Gly378Ser,B_13-14,-6.3269334061858045,0.0003938383328659987,0.0011453143277481894
G6PD,G6PD_Ile48Thr,B_13-14,-6.2877602803466734,0.0004089585762908782,0.0011874034612243062
GALE,GALE_Arg239Trp,B_7-8,3.372195824677216,0.011884621916907664,0.019898494897074202
GALE,GALE_Asp103Gly,B_7-8,-0.038963260923900706,0.9700076278374018,0.9774651274473544
GALE,GALE_Leu313Met,B_7-8,5.753066552667851,0.000696218078527209,0.0017768569876181204
GALE,GALE_Lys257Arg,B_7-8,-3.754893891546669,0.007122343212654656,0.01277837674826998
GALE,GALE_Val94Met,B_7-8,4.998083086504592,0.015408625426391027,0.02508857822309453
GAMT,GAMT_Ala196Val,B_7-8,-1.5821528881814027,0.1576293118691088,0.19852421913508214
GAMT,GAMT_Asp219Asn,B_7-8,-0.2617121295948472,0.8010770975534496,0.8375934324846609
GATA2,GATA2_Cys373Arg,B_7-8,3.993122006063162,0.005235569971182767,0.009753574514843022
GATA2,GATA2_Pro41Ala,B_7-8,3.1074304768556034,0.01714281406391746,0.027497433397979495
GCK,GCK_Ala387Glu,B_7-8,0.23434965917153114,0.8297967723033309,0.8597837815791147
GCK,GCK_Arg303Trp,B_7-8,17.450083207724287,0.00041017341683726013,0.001189049320531394
GCK,GCK_Arg377His,B_7-8,3.039786887948162,0.055876722988605396,0.07827006617106176
GCK,GCK_Gly175Arg,B_7-8,5.920720235374396,0.009626144116813624,0.016585891506434743
GCK,GCK_Gly299Arg,B_7-8,3.911387062255804,0.029694893910502985,0.04455448105132705
GCK,GCK_Gly385Arg,B_7-8,6.169766347765035,0.00857125852436886,0.015007881099443569
GCK,GCK_Gly44Asp,B_7-8,0.6044723228886159,0.5881845212175851,0.637142028591658
GCK,GCK_Met251Thr,B_7-8,6.530983006291094,0.0072952990493274136,0.013047635239294154
GCK,GCK_Met381Arg,B_7-8,0.7076224796320532,0.5301993119540843,0.5853885303464168
GCK,GCK_Val253Ala,B_7-8,1.1756540416952923,0.3245409050832905,0.37794727105632187
GCM2,GCM2_Arg47Leu,B_7-8,-4.0712976509080825,0.004741453182892145,0.008960418733889891
GCM2,GCM2_Gly203Ser,B_7-8,-1.0294283477898782,0.34297694639710546,0.39632411627121444
GCM2,GCM2_Gly63Ser,B_7-8,0.38535347478915155,0.7132668012694844,0.7565849017758338
GFAP,GFAP_Ala364Pro,B_15-16,7.711442785145749,0.00011515774194813486,0.0004524934828154764
GFAP,GFAP_Arg239Leu,B_15-16,10.109483547485839,0.000019911383556219327,0.00011710701546686687
GFAP,GFAP_Arg239Pro,B_15-16,9.603985772923496,0.000027906502763401285,0.00015286099274878018
GFAP,GFAP_Arg376Trp,B_15-16,6.230691201851499,0.00043216528438700893,0.0012352387801404382
GFAP,GFAP_Arg79Cys,B_15-16,10.958063896829024,0.000011669175882477893,0.00008299588273002688
GFAP,GFAP_Arg79Ser,B_15-16,23.68825137625999,6.071433245081874e-8,3.978957144544728e-6
GFAP,GFAP_Arg88Cys,B_15-16,15.063546432315947,1.365275952071815e-6,0.000019572510719154533
GFAP,GFAP_Asn77Ser,B_15-16,11.461787264380765,8.646311108565493e-6,0.00006958763545709508
GFAP,GFAP_Glu205Lys,B_15-16,7.377049821734152,0.00015237144063026136,0.000562578659067464
GFAP,GFAP_Glu207Lys,B_15-16,8.821109313301589,0.00004859836622654789,0.00023717553730243454
GFAP,GFAP_Glu210Lys,B_15-16,8.60442234465284,0.00005708819585793344,0.00026485053397642716
GFAP,GFAP_Glu371Gly,B_15-16,7.877050884052467,0.00010061061663345712,0.00040741970085551475
GFAP,GFAP_Glu371Val,B_15-16,15.927550283522942,9.331365516321612e-7,0.000016038019525826212
GFAP,GFAP_Leu235Pro,B_15-16,4.903410011544068,0.0017463223217867938,0.0037923094206849307
GFAP,GFAP_Leu352Pro,B_15-16,3.7781062429308787,0.006909345660392582,0.01248860421093343
GFAP,GFAP_Leu90Pro,B_15-16,8.032564357874701,0.00008881451352091258,0.0003696225098343208
GFAP,GFAP_Lys236Thr,B_15-16,21.82710058622292,1.0692821195017595e-7,5.945856634199178e-6
GFAP,GFAP_Lys279Glu,B_15-16,5.805418055645164,0.0006598798530521489,0.0017078695773634603
GFAP,GFAP_Met74Thr,B_15-16,15.922434612896655,9.351869696258336e-7,0.000016038019525826212
GFAP,GFAP_Pro47Leu,B_15-16,9.096074183799578,0.00003980834124984637,0.00020275063963846334
GFAP,GFAP_Tyr366Cys,B_15-16,7.119767769038466,0.00019033116676712798,0.0006516001698091043
GLYCTK,GLYCTK_His490Tyr,B_7-8,-3.3084757134363687,0.08048259120125527,0.10827386719523711
GLYCTK,GLYCTK_Phe493Cys,B_7-8,-1.6265376770169002,0.15495995878183294,0.195430600937913
GLYCTK,GLYCTK_Thr394Ile,B_7-8,-2.9024363866707543,0.04401032540431376,0.06329071090667378
GMPPB,GMPPB_Pro22Ser,B_7-8,-5.0500732160911985,0.0023334639278288273,0.004854769056197163
GMPPB,GMPPB_Pro32Leu,B_7-8,-1.6842023751331532,0.13601492233455295,0.1738073694177609
GSS,GSS_Arg283Cys,B_7-8,-4.740306406463392,0.002107123639017292,0.004415327599619065
GSS,GSS_Pro314Leu,B_7-8,-3.353150462234164,0.012198061941918626,0.020348585148564254
GYG1,GYG1_Ala16Thr,B_7-8,-3.2797566733467027,0.013491583133727178,0.02223832186856719
GYG1,GYG1_Arg33Lys,B_7-8,-2.1112632206814244,0.07265278007230343,0.09875396402420503
HBD,HBD_Arg105Ser,B_7-8,-1.8476211312598232,0.10714042131869432,0.1408328604010058
HBD,HBD_Asn13Lys,B_7-8,0.8465884011388484,0.4252172926949539,0.47869554116272417
HBD,HBD_Asn58Lys,B_7-8,-0.880748288327358,0.4123399147559426,0.46577466962415087
HBD,HBD_Asp100Asn,B_7-8,-0.15563180849278413,0.8814272403354461,0.9045967483308409
HBD,HBD_His147Arg,B_7-8,-2.980085016459047,0.024633926203302986,0.037841922606554314
HBD,HBD_Leu76Val,B_7-8,-1.0003527824326115,0.35576027015950534,0.4087790205026251
HBD,HBD_Pro37His,B_7-8,1.3165185333894052,0.22946547918084778,0.27720154989918083
HGD,HGD_Ala48Ser,B_15-16,8.61233097164192,0.000056750284365898976,0.00026485053397642716
HPRT1,HPRT1_Ala161Ser,B_7-8,-4.828041133751851,0.001903753567400627,0.004043272912245544
HPRT1,HPRT1_Asp194Asn,B_7-8,-3.5937037901770292,0.008813487161322613,0.015358735936397905
HPRT1,HPRT1_Asp194Glu,B_7-8,-3.492264135985463,0.010097779126858476,0.017304130326346492
HPRT1,HPRT1_Asp201Gly,B_7-8,-2.786338184130667,0.027050428260432954,0.04115881911931548
HPRT1,HPRT1_Asp80Val,B_7-8,-4.0171589838747215,0.005077896687477088,0.009517814526578608
HPRT1,HPRT1_Gly140Asp,B_7-8,-4.09008856726419,0.004630444067381241,0.008786830262300495
HPRT1,HPRT1_Gly58Arg,B_7-8,-2.1927004658462597,0.0644214449290855,0.0890831585869419
HPRT1,HPRT1_Gly70Glu,B_7-8,-3.4037765521177183,0.011383810873671815,0.019199717787856417
HPRT1,HPRT1_Gly71Arg,B_7-8,-2.0506242261227485,0.07945715203511454,0.10712995884234768
HPRT1,HPRT1_Ile132Met,B_7-8,-3.2934310270143703,0.013239849103847469,0.021867797574761573
HPRT1,HPRT1_Met143Lys,B_7-8,-4.963148929391778,0.0016317713409293244,0.0036032495915828042
HPRT1,HPRT1_Phe74Leu,B_7-8,-5.893937780605372,0.000603159916842087,0.0015948104429470168
HPRT1,HPRT1_Pro176Leu,B_7-8,-4.267023393792782,0.0037142779767921296,0.007212381044882071
HPRT1,HPRT1_Ser104Arg,B_7-8,-2.3143153000208208,0.053843419423098365,0.07565289023076992
HPRT1,HPRT1_Thr168Ile,B_7-8,-9.772333741907088,0.002276889427886823,0.004747831932014001
IER3IP1,IER3IP1_Leu78Pro,B_7-8,-9.48304368443014,0.00003032380674072707,0.00016365936873304169
IL2RG,IL2RG_Arg285Gln,B_7-8,2.2998795869445097,0.055000853600274006,0.07710203694156058
IRAK4,IRAK4_Ala428Thr,B_7-8,3.128942570207846,0.025988432315368945,0.03964430969185402
KCTD1,KCTD1_Ala30Glu,B_7-8,0.3229864578627531,0.7561394681475732,0.7965074190877134
KCTD1,KCTD1_Gly62Asp,B_7-8,2.598056759771155,0.03552552478178866,0.0524030048027188
KCTD1,KCTD1_His33Gln,B_7-8,-1.7039060687303773,0.13217612776458543,0.16972931731841448
KCTD1,KCTD1_His33Pro,B_7-8,2.592677493460505,0.03580488536937917,0.052730308710121
KCTD1,KCTD1_His74Pro,B_7-8,1.8052853871683008,0.11399905898070803,0.14857410393338225
KCTD1,KCTD1_Val248Ile,B_7-8,-0.13115317402706467,0.8993439538021126,0.9198975224230082
KCTD7,KCTD7_Arg184Cys,B_7-8,-3.8829643742702884,0.006029871899395085,0.01109810926317952
KCTD7,KCTD7_Asp115Tyr,B_7-8,-6.971950204987777,0.00021690249178283968,0.0007248381169335865
KLHL3,KLHL3_Ala77Glu,B_7-8,-1.1890684299801793,0.27317952764097153,0.32382715324365813
KLHL3,KLHL3_Cys164Phe,B_7-8,-3.553228221863068,0.009303418191058418,0.01610544564206811
KLHL3,KLHL3_Glu85Ala,B_7-8,-0.7748310107345587,0.46380373280503007,0.5173737688129059
KLHL3,KLHL3_Met78Val,B_7-8,-2.690213022270074,0.031076155866581846,0.04643708958890691
KRAS,KRAS_Asp153Val,B_13-14,4.458581826426934,0.002941072175065041,0.005924113546920252
KRAS,KRAS_Gly12Asp,B_13-14,6.567134953108474,0.0003137660893001123,0.0009580046154171483
KRAS,KRAS_Gly12Val,B_13-14,7.61190074927341,0.00012503779786052498,0.0004800091194018061
KRAS,KRAS_Gly13Asp,B_13-14,3.0207259226056062,0.019366453268833718,0.03055669969760092
KRAS,KRAS_Gly60Arg,B_13-14,7.470146501094296,0.0001408016453172378,0.0005251443478803482
KRAS,KRAS_Gly60Ser,B_13-14,0.9504758263710318,0.37352495835952293,0.4270518994328502
KRAS,KRAS_Ile36Met,B_13-14,7.234220244875865,0.0001722655236133858,0.0006067317386383166
KRAS,KRAS_Lys5Asn,B_13-14,4.319478100134986,0.003482413960523058,0.006819882195901613
KRAS,KRAS_Met72Leu,B_13-14,6.061396204703247,0.0005101677844292108,0.0014077562171843634
KRAS,KRAS_Phe156Ile,B_13-14,6.450900416899214,0.0003499696180274488,0.001047625202414957
KRAS,KRAS_Pro34Arg,B_13-14,8.780959234340912,0.0000500572303660495,0.00024236152433166445
KRAS,KRAS_Pro34Leu,B_13-14,5.607048332369264,0.0008099575857921664,0.0020084759053089533
KRAS,KRAS_Thr58Ile,B_13-14,1.8618547153095657,0.10492537310114099,0.13821827684177582
KRAS,KRAS_Tyr71His,B_13-14,6.889330606006399,0.00023355876445148906,0.0007655583100346809
KRT2,KRT2_Asn186Tyr,B_7-8,-4.275209021281974,0.003677004258638867,0.007147566540892289
KRT2,KRT2_Glu488Lys,B_7-8,-2.136732683835079,0.0699710862038243,0.09546241128923241
KRT2,KRT2_Gly219Asp,B_7-8,-0.2646588677863389,0.7988957885603613,0.8364305341001493
KRT2,KRT2_Thr479Pro,B_7-8,-5.776354069781155,0.0006797846162667201,0.0017397556078792627
KRT4,KRT4_Glu449Lys,B_7-8,-7.985385834396815,0.00009221944626036218,0.00038285675087729545
KRT6A,KRT6A_Asn171Asp,B_7-8,-0.6023262850365011,0.5659489774487575,0.616696183858949
KRT6A,KRT6A_Asn171Ser,B_7-8,-1.5667946733462197,0.16114633825957142,0.20246432946457327
KRT6A,KRT6A_Asn171Thr,B_7-8,-2.395276208353346,0.047796755169019996,0.06820143525283957
KRT6A,KRT6A_Gln166Pro,B_7-8,-3.340576359006381,0.012409863197787651,0.020589601236835748
KRT6A,KRT6A_Glu472Lys,B_7-8,-0.612017531468894,0.5598718489381391,0.6115266921437412
KRT6A,KRT6A_Ile178Asn,B_7-8,1.5331701183249142,0.16910048447765474,0.21051518929206
KRT6A,KRT6A_Ile462Asn,B_7-8,-2.48349646533157,0.04199453901577646,0.060677148892873865
KRT6A,KRT6A_Leu170Phe,B_7-8,-0.2001864952055851,0.8470263922298896,0.8746727235463407
KRT6A,KRT6A_Leu468Pro,B_7-8,-4.814187505747358,0.0019343686331709765,0.004103545019501435
KRT6A,KRT6A_Ser176Pro,B_7-8,-3.072310105996576,0.01800892875602393,0.02868609745425687
KRT6A,KRT6A_Val523Phe,B_7-8,2.1215449402634508,0.07155806402336347,0.097482589074144
KRT8,KRT8_Gly434Ser,B_7-8,-3.7786968133392946,0.006904017723928942,0.01248860421093343
KRT8,KRT8_Ile63Val,B_7-8,-3.7104962252527742,0.007549889914175018,0.01346360349126449
KRT8,KRT8_Tyr54His,B_7-8,-4.006232852977928,0.005148914896614037,0.00963125263535857
LITAF,LITAF_Ala111Gly,B_15-16,-2.8680508077048694,0.024058962159627006,0.03706817427616755
LITAF,LITAF_Ala129Val,B_15-16,-7.56091656145503,0.00013046621385214623,0.0004946394678072073
LITAF,LITAF_Asn30Tyr,B_15-16,-7.199532543407132,0.00017752827294070905,0.0006196758249753655
LITAF,LITAF_Gly112Ser,B_15-16,-6.7868796717345,0.000256245915976968,0.000819183372504767
LITAF,LITAF_Gly53Ala,B_15-16,3.6349830587430305,0.008342457694889522,0.014635191080422823
LITAF,LITAF_Ile92Val,B_15-16,-16.70330786951341,0.00007527218911118333,0.0003265353830236913
LITAF,LITAF_Phe136Leu,B_15-16,-9.31040331719552,0.00003419680347143609,0.00017980267727818114
LITAF,LITAF_Pro135Arg,B_15-16,-8.034572584147265,0.00008867276015700449,0.0003696225098343208
LITAF,LITAF_Pro135Ser,B_15-16,-9.951200880740087,0.00002209518706840738,0.00012591511885257
LITAF,LITAF_Pro135Thr,B_15-16,-6.396441058095169,0.0003685278255092563,0.0010854712035465253
LITAF,LITAF_Pro34Thr,B_15-16,-5.1927431927487255,0.0012630465135850515,0.002900738864115857
LITAF,LITAF_Pro39Ser,B_15-16,-7.193699927316086,0.00017843085244934553,0.0006204741380623879
LITAF,LITAF_Pro84Leu,B_15-16,-8.474347220659835,0.00006298573477875578,0.0002860861963342001
LITAF,LITAF_Ser118Pro,B_15-16,-10.362203160056499,0.000016913152461878858,0.00010478241612753693
LITAF,LITAF_Ser15Leu,B_15-16,-7.334674377212142,0.0001579897873358307,0.0005729471536783583
LITAF,LITAF_Thr49Met,B_15-16,-3.758544195114326,0.007088380055353296,0.012752134707424801
LITAF,LITAF_Trp116Gly,B_15-16,-7.309819340440901,0.00016139363579788091,0.0005795642303113727
LITAF,LITAF_Val144Met,B_15-16,-8.575555138315215,0.00005834106214939252,0.0002676396226103382
LMNA,LMNA_Ala43Thr,B_13-14,-4.328574699016766,0.0034438473295563443,0.006766016969738642
LMNA,LMNA_Arg335Trp,B_13-14,-0.2556608087336149,0.8055625098137831,0.8413245335846852
LMNA,LMNA_Arg349Leu,B_13-14,4.355974567016565,0.0033304907987539976,0.0065856148876223975
LMNA,LMNA_Arg41His,B_13-14,-7.925259481334789,0.0000967745026011612,0.0003963866345382384
LMNA,LMNA_Leu162Pro,B_13-14,-3.767405046492536,0.007006667102666885,0.012629896005298364
MIP,MIP_Val107Ile,B_7-8,1.098980364589119,0.3139066964717457,0.3671247852298619
MIP,MIP_Val67Ile,B_7-8,0.1529580466224763,0.8834457412570038,0.9056552710651408
MLH1,MLH1_Ala681Thr,B_11-12,5.4784146452798765,0.010099576882570621,0.017304130326346492
MLH1,MLH1_Asp485Glu,B_11-12,-1.469696297051731,0.2137789279807527,0.2604809647043036
MLH1,MLH1_Cys39Tyr,B_11-12,9.207374804438935,0.000092662718330656,0.00038382864139222065
MLH1,MLH1_Cys680Arg,B_11-12,24.629489101747186,3.0838409264530843e-7,8.390976792275268e-6
MLH1,MLH1_Gln701His,B_11-12,-0.047117075332861455,0.9649217826874207,0.9728744347425368
MLH1,MLH1_Gly147Arg,B_11-12,5.140502417422929,0.002872940677602566,0.005793237520220559
MLH1,MLH1_His318Gln,B_11-12,7.328826338297669,0.00034192888125920366,0.0010289395745323635
MLH1,MLH1_Ile36Asn,B_11-12,0.8820639707383459,0.4421526758156034,0.49654232565583367
MLH1,MLH1_Ile36Met,B_11-12,3.969467194239438,0.008205098616457143,0.014427578152588551
MLH1,MLH1_Leu653Pro,B_11-12,-4.323628369220576,0.14383305430371493,0.18277953922944384
MLH1,MLH1_Lys618Arg,B_11-12,7.911270267630238,0.00031241619885686916,0.0009557208804295567
MLH1,MLH1_Lys670Arg,B_11-12,9.661402542333652,0.00007178343958553843,0.0003151258651661795
MLH1,MLH1_Lys751Arg,B_11-12,0.3084551093411999,0.7745921294963749,0.8145424399001994
MLH1,MLH1_Pro640Ser,B_11-12,9.205004393896298,0.00017558682631771088,0.0006148889814751898
MLH1,MLH1_Ser295Thr,B_11-12,-3.2483330107204096,0.04470036415113076,0.06408216266978511
MLH1,MLH1_Ser44Phe,B_11-12,19.785050171891815,0.000013186275714743875,0.00008971009901117585
MLH1,MLH1_Ser508Arg,B_11-12,10.622732754211617,0.00008883025985664059,0.0003696225098343208
MLH1,MLH1_Val185Gly,B_11-12,7.123712931573369,0.004979604365633598,0.009371870780448875
MVK,MVK_Arg106His,B_7-8,0.38642471308068044,0.7125142302013368,0.7565849017758338
MVK,MVK_Arg388Gln,B_7-8,3.154521516757782,0.019701394166180403,0.031031809695228358
MVK,MVK_Asn205Asp,B_7-8,-2.9533228782515595,0.025502785940234633,0.03903053561328653
MVK,MVK_Asn301Thr,B_11-12,-10.040191364021846,0.001535942545714028,0.003437139721201514
MVK,MVK_Asp386Asn,B_7-8,1.0672657418340665,0.3269005235912685,0.3803820296702458
MVK,MVK_Cys101Tyr,B_7-8,2.704421905798014,0.03536738207506067,0.05225374082748496
MVK,MVK_His20Gln,B_7-8,-0.649452834609613,0.5400961121946324,0.5945269141434616
MVK,MVK_His20Pro,B_7-8,0.25545103088374344,0.806906220154144,0.842248529000486
MVK,MVK_Ile119Met,B_7-8,-0.11710258551422485,0.9106002828607251,0.9277909600496561
MVK,MVK_Ile268Val,B_7-8,3.5650222509333087,0.011855113934231486,0.01988494887505921
MVK,MVK_Leu255Pro,B_7-8,-5.704597310623486,0.0012549639600398944,0.002885788053475196
MVK,MVK_Leu41Pro,B_7-8,-6.293970224018622,0.000749358034108339,0.0018862441599297698
MVK,MVK_Pro165Leu,B_7-8,2.0058060796898998,0.09168572844787744,0.12218105424971322
MVK,MVK_Pro167Leu,B_7-8,-1.70881137001799,0.1383461667859513,0.17641780128715817
MVK,MVK_Pro200Ser,B_7-8,-1.0266186954951424,0.34419586119032525,0.3974823192474807
MVK,MVK_Thr209Ala,B_7-8,-2.280358914615297,0.0627688148965986,0.08692888704547805
MVK,MVK_Thr243IIe,B_11-12,0.418078138052659,0.6943728622703299,0.7395091133291093
MVK,MVK_Val250Ile,B_7-8,2.8642045111822894,0.028643545406197467,0.043224429128595684
MVK,MVK_Val278Met,B_7-8,0.5923954392178961,0.5752152752399553,0.6256787374423936
MVK,MVK_Val5Ala,B_7-8,0.6621971297310884,0.5324400401703991,0.5871559337215639
MVK,MVK_Val80Ile,B_7-8,-1.6483862083671048,0.15036960443177746,0.19003321221233585
MYOZ2,MYOZ2_Gln10Pro,B_7-8,-1.6040503919743705,0.15982447390800925,0.20115082964416803
MYOZ2,MYOZ2_Ile246Met,B_7-8,-3.1904781851498867,0.018824953838884488,0.029779129564097444
MYOZ2,MYOZ2_Ser48Pro,B_7-8,-4.136098582122605,0.006105195955065726,0.011214248826371979
NCF2,NCF2_Ala140Asp,B_7-8,-5.340483933255421,0.0017604739974935743,0.0038095162563687606
NCF2,NCF2_Arg188Lys,B_7-8,2.204342157996726,0.06968414500848127,0.09521251384256377
NCF2,NCF2_Asn419Ile,B_7-8,1.7106865127928692,0.13798835041496513,0.17608388248363074
NCF2,NCF2_Asn448Asp,B_7-8,5.285422954518238,0.001855547396491803,0.003963829420910895
NCF2,NCF2_Asp108Val,B_7-8,-4.933511083814512,0.0026209529389128587,0.005379696468573933
NCF2,NCF2_Asp93Glu,B_7-8,4.382797695014504,0.004654089805640097,0.008813472438957254
NCF2,NCF2_Gly44Arg,B_7-8,-5.870756123067199,0.0020346534065706504,0.004293587097609837
NCF2,NCF2_Val297Ala,B_7-8,7.226251539519734,0.00035617184765088564,0.0010609989292846998
NEXN,NEXN_Arg171Cys,B_7-8,2.955369316929055,0.025435187901106524,0.03895957412231258
NEXN,NEXN_Tyr544Cys,B_7-8,7.502152756180353,0.00029010805979610207,0.0009038171302645963
NFU1,NFU1_Gly208Cys,B_7-8,-2.288174254452979,0.062099364875767914,0.08613177214439464
NMNAT1,NMNAT1_Arg207Trp,B_7-8,-0.8426321838983876,0.43173482059979323,0.48543712977979203
NMNAT1,NMNAT1_Asn273Asp,B_7-8,3.00615431410231,0.023818331313883147,0.03675915724219981
NMNAT1,NMNAT1_Leu153Val,B_7-8,-1.0605266600066088,0.3297178881173107,0.38293185107295263
NMNAT1,NMNAT1_Ser255Asn,B_7-8,-5.579454779530818,0.0014072564973658791,0.003188044040328874
NR0B1,NR0B1_Arg267Pro,B_15-16,-4.242161158410579,0.003830057837514706,0.0074214953873701014
NR0B1,NR0B1_Arg425Ile,B_15-16,3.1629270189281216,0.015863437286709865,0.02578335466883313
NR0B1,NR0B1_Asn440Ile,B_15-16,-10.693789403598533,0.000013725630784151467,0.00009158739086879252
NR0B1,NR0B1_Tyr380Asp,B_15-16,-2.0262838251400828,0.0823631660891541,0.11072264452278226
NR0B1,NR0B1_Val126Met,B_15-16,-12.761330890819002,4.203542515575294e-6,0.000042875727323185605
NT5C3A,NT5C3A_Asp132Val,B_15-16,-8.681104210182873,0.00005390532712478761,0.0002569253903220397
NT5C3A,NT5C3A_Cys108Arg,B_15-16,-8.636852046115273,0.000055716870437328863,0.00026259929932931245
NT5C3A,NT5C3A_Gly202Arg,B_15-16,-8.876217494874219,0.000046673684619174725,0.00022900056490958722
NT5C3A,NT5C3A_Gly275Arg,B_15-16,-7.97420302829472,0.00009304798101615799,0.0003845564080284908
PDGFRB,PDGFRB_Pro660Thr,B_7-8,9.638042857777052,0.0006481162817246746,0.0016869409602337277
PHYH,PHYH_Arg275Gln,B_15-16,-27.31951077941699,0.000010675550039083664,0.0000786732302077049
PHYH,PHYH_Arg275Trp,B_15-16,6.706096590875462,0.0002758883236198962,0.0008698540787671984
PHYH,PHYH_Gln176Lys,B_15-16,-5.8169784652310215,0.0006521443956598382,0.001695021198350996
PHYH,PHYH_Gly204Ser,B_15-16,6.686332986617741,0.0002809478687246795,0.000882772840941416
PLP1,PLP1_Asp168His,B_7-8,-0.7708183995565996,0.4700694428786044,0.5237264284652332
PLP1,PLP1_Cys193Tyr,B_7-8,-1.4428470328581076,0.19916410206747118,0.2434817636867486
PLP1,PLP1_Gly186Cys,B_7-8,1.969815314807577,0.09637489014383441,0.12805787357996823
PLP1,PLP1_Gly74Arg,B_7-8,-2.8812595771610714,0.02801158320156561,0.04251551296515542
PLP1,PLP1_Ile152Thr,B_7-8,1.6542102412235942,0.1491681989199998,0.18877492759875836
PLP1,PLP1_Leu189Pro,B_7-8,0.6380255820775189,0.5470199931583302,0.6003478991899138
PLP1,PLP1_Pro181Ser,B_7-8,0.9214604958779741,0.392354042577255,0.44580165209242284
PLP1,PLP1_Ser135Phe,B_7-8,1.7913498829560215,0.12342198291860738,0.1598301613660159
PLP1,PLP1_Thr121Ile,B_7-8,-1.0207517834509552,0.3467523797846414,0.39942913804445507
PLP1,PLP1_Thr147Pro,B_7-8,-1.455669660660065,0.1957311140366079,0.24008462182966275
PLP1,PLP1_Thr43Ile,B_7-8,0.8266172612165424,0.44008103740721044,0.49451849580050894
PLP1,PLP1_Trp128Arg,B_7-8,-4.0572391695458965,0.006671285730271443,0.012108614554943716
PLP1,PLP1_Val184Phe,B_7-8,0.931023785457904,0.38776852784371857,0.441137785860647
PMP22,PMP22_Ala135Thr,B_7-8,-1.2397273910660442,0.26136252103887125,0.3112266230410959
PMP22,PMP22_Arg157Gly,B_7-8,-4.610359344536307,0.003652082945871746,0.007106651331574394
PMP22,PMP22_Arg157Trp,B_7-8,-3.0310918007633383,0.02306550393533265,0.03571746811927039
PMP22,PMP22_Cys109Arg,B_7-8,-8.914144702366082,0.00011111280517218364,0.0004403714848616781
PMP22,PMP22_His51Arg,B_7-8,-0.9362412193251884,0.3852842847453154,0.43858353753576534
PMP22,PMP22_Leu16Pro,B_7-8,-8.219643706094692,0.00017501941468366756,0.0006148889814751898
PMP22,PMP22_Leu80Pro,B_7-8,-9.340359601347862,0.00008535587284447163,0.00036089407066729364
PNKP,PNKP_Glu326Lys,B_15-16,-5.963346045033627,0.0005624907560412809,0.0015156689241347292
PNPO,PNPO_Arg116Gln,B_7-8,-13.325199539630683,0.000011049928463014664,0.00008046277273663456
PNPO,PNPO_Arg95Cys,B_7-8,-6.679205235596191,0.0005455950172471065,0.0014788284440892768
PNPO,PNPO_Arg95His,B_7-8,-14.763872076384178,6.069248419451141e-6,0.00005432717487655045
POLR1C,POLR1C_Arg279Gln,B_7-8,-4.141632675291973,0.006067536501808435,0.011156241964747973
POLR1C,POLR1C_Arg279Trp,B_7-8,-2.4628726121780793,0.04892840380358449,0.0694382219486292
POMT1,POMT1_Ala200Pro,B_7-8,-8.946471667899907,0.00010887044834087447,0.00043301741348265155
POMT1,POMT1_Ala647Thr,B_7-8,-3.057197784000787,0.022305001668457662,0.03474505777726639
POMT1,POMT1_Asn144Asp,B_7-8,-6.572233931336663,0.001223562532419919,0.002829627842819084
POMT1,POMT1_Ser515Arg,B_7-8,-1.0301927041804562,0.3426459488810795,0.39632411627121444
POMT1,POMT1_Thr392Met,B_7-8,-1.9689353160073562,0.09649252282058357,0.12812140331097746
PRKAR1A,PRKAR1A_Arg335Pro,B_7-8,-7.671607454235887,0.000599638637291113,0.0015900822246086594
PRKAR1A,PRKAR1A_Arg74His,B_7-8,-1.0547323566679425,0.3321561461569745,0.38551962567871484
PSAP,PSAP_Met76Lys,B_7-8,-3.2169040124077752,0.01820800770672193,0.028927873715874235
PYGL,PYGL_Asn339Ser,B_7-8,3.6541675113743652,0.010653246801938515,0.018083911083771668
PYGL,PYGL_Asp629Tyr,B_7-8,-3.002044774597261,0.023944932324171192,0.036923488079709355
PYGL,PYGL_Asp634His,B_7-8,-7.311132544434858,0.00033415885581146405,0.0010118506607492352
PYGL,PYGL_Leu739Met,B_7-8,-3.405392445048341,0.01440002773666925,0.02359290258641792
PYGL,PYGL_Lys681Thr,B_7-8,-7.280001947551816,0.0003420453081551726,0.0010289395745323635
PYGL,PYGL_Pro382Leu,B_7-8,-9.766029688058108,0.00019147980283647359,0.0006543118029886947
PYGL,PYGL_Ser675Thr,B_7-8,-2.351317403243081,0.056955793906770975,0.07959930069986652
PYGL,PYGL_Thr586Met,B_7-8,-6.805458595288639,0.0004932524752688044,0.0013755597144654347
PYGL,PYGL_Thr59Met,B_7-8,-0.6526730925547383,0.5381549853026737,0.592745737113089
PYGL,PYGL_Tyr821His,B_7-8,-7.774108415944837,0.00023843223463495316,0.0007798986640911569
PYGL,PYGL_Val456Met,B_7-8,-3.424908113355973,0.014058752581308188,0.023074965104383297
RAD51D,RAD51D_Ala231Ser,B_13-14,20.400137795378285,1.7053057366150723e-7,7.061886158006236e-6
RAD51D,RAD51D_Arg55Trp,B_13-14,0.5813170207797926,0.5792556789010563,0.6289551306410878
RAD51D,RAD51D_Asn138His,B_13-14,14.59311297744467,1.6944447221729085e-6,0.000022369108382642354
RAD51D,RAD51D_Cys9Ser,B_13-14,10.929112713093579,0.000011876471256007736,0.00008382047982605459
RAD51D,RAD51D_Glu307Lys,B_13-14,1.7479318109350837,0.12396650632555821,0.16042210092200235
RAD51D,RAD51D_Gly289Ser,B_13-14,7.140762735508007,0.00018686329218062857,0.0006433285950308694
RAD51D,RAD51D_His23Arg,B_13-14,11.775670298904382,7.216084009177201e-6,0.000060740890627707175
RAD51D,RAD51D_Ile17Val,B_13-14,13.558438555866092,2.791222873132887e-6,0.000031422662406127906
RAD51D,RAD51D_Ile251Val,B_13-14,5.663339616909652,0.0007638183759416417,0.0019200092052779625
RAD51D,RAD51D_Met308Val,B_13-14,16.536103346581474,7.220728928733058e-7,0.00001409578466406932
RAD51D,RAD51D_Phe305Leu,B_13-14,7.076099825437383,0.005803811750101772,0.010725070051799348
RAD51D,RAD51D_Ser46Cys,B_13-14,3.7843682705812154,0.006853078574643705,0.012414016963939978
RAD51D,RAD51D_Thr328Ile,B_13-14,17.636571766015564,4.6430099714799027e-7,0.000010784713035019775
RAD51D,RAD51D_Val132Ile,B_13-14,18.122854566401507,3.8520208993757504e-7,9.424611133806003e-6
RAD51D,RAD51D_Val28Leu,B_13-14,16.200443125934576,8.308316556276541e-7,0.00001534362961504208
RAD51D,RAD51D_Val56Gly,B_13-14,5.884913267417665,0.0006086853457433739,0.0016040557207708719
RAD51D,RAD51D_Val66Leu,B_13-14,1.1583845273616833,0.2846957175886964,0.3366086609376661
RAD51D,RAD51D_Val66Met,B_13-14,6.8572888119232625,0.0002404019141362116,0.0007849421929536446
RET,RET_Arg313Gln,B_13-14,6.63510375043922,0.00029455519250897794,0.0009099474381380042
RET,RET_Arg330Gln,B_13-14,17.287358910168212,5.325798048199852e-7,0.000011497458139349093
RET,RET_Arg67His,B_13-14,6.2432579259442935,0.0004269310409800663,0.001224091344060034
RET,RET_Gly321Arg,B_13-14,8.107754851970034,0.00008367733864267227,0.00035708817769605495
RET,RET_Leu56Met,B_13-14,4.94642043916327,0.0016629851829784886,0.003650212692303261
RET,RET_Pro64Leu,B_13-14,11.754841319223607,7.302190024442537e-6,0.00006090690315841844
RET,RET_Thr278Asn,B_13-14,7.025889276268805,0.000206750480846574,0.0006974028168262193
RET,RET_Thr338Ile,B_13-14,0.29048171550285723,0.7798649762322163,0.8191483865976629
RET,RET_Val262Ala,B_13-14,4.25267392896843,0.003780624659097835,0.007333452694973074
RET,RET_Val292Met,B_13-14,5.722295950936414,0.0007186171011069104,0.001828935340542553
RHO,RHO_Arg135Leu,B_13-14,-19.870958292119106,2.044071682895162e-7,7.171420172698516e-6
RHO,RHO_Asp190Gly,B_13-14,-20.557452822978444,1.6172969394705232e-7,7.061886158006236e-6
RHO,RHO_Cys110Tyr,B_13-14,-15.001906186263495,1.4039537956208934e-6,0.000019970970658638292
RHO,RHO_Pro267Thr,B_13-14,-14.907619954138292,1.465555727552797e-6,0.000020017998095403237
RP2,RP2_Arg118His,B_7-8,1.3826405101236114,0.21603525844908672,0.26270689148712667
RP2,RP2_Arg282Trp,B_7-8,2.6520924133030834,0.03792243996483805,0.055625641355298024
RP2,RP2_Cys86Tyr,B_7-8,-13.24687487253007,0.000011436126349653063,0.00008229526216318969
RP2,RP2_Leu253Arg,B_7-8,-13.346044411371931,0.000010949714940379227,0.00008005070484301148
RPS19,RPS19_Arg101His,B_13-14,-2.241162505890439,0.05997493541979265,0.08358112955460112
RPS19,RPS19_Arg62Trp,B_13-14,-2.714487908231321,0.03000369106244107,0.044925020949342746
RPS19,RPS19_Gly127Glu,B_13-14,-10.451724769792817,0.000015976681032977155,0.0001025077262080877
RPS19,RPS19_Val15Phe,B_13-14,-7.26643432023655,0.00016753500704300546,0.0005965012731618671
SDC3,SDC3_Val136Ile,B_7-8,-0.24233413839945683,0.8165921231428739,0.8504236923763755
SERPINF1,SERPINF1_Thr72Met,B_7-8,0.05173452459157133,0.9604196008224674,0.9688674917587837
SFTPA2,SFTPA2_Gln223Lys,B_15-16,-9.1375794430513,0.00003864480139332366,0.00019752983441991343
SFTPA2,SFTPA2_Gly231Val,B_15-16,-10.428694418923417,0.000016211848749571528,0.00010305590197656857
SFTPA2,SFTPA2_Phe198Ser,B_15-16,8.76745172804591,0.00005055912123537037,0.0002432118981251832
SFTPB,SFTPB_Ala280Thr,B_7-8,3.2401428873731466,0.017683716752140144,0.028217061078414922
SFTPC,SFTPC_Ala116Asp,B_7-8,10.211827629913616,0.00005138811166334424,0.00024620674909200176
SFTPC,SFTPC_Arg167Gln,B_7-8,-0.17398174607203204,0.8676015131971664,0.8924040228233185
SFTPC,SFTPC_Glu66Lys,B_7-8,2.87163739475446,0.028366255155034836,0.04298272354210481
SFTPC,SFTPC_Ile73Thr,B_7-8,12.523974752629526,0.000015850191297841316,0.00010241232757584089
SFTPC,SFTPC_Leu188Gln,B_7-8,7.219705569897845,0.0003579376653308508,0.0010610914634605999
SFTPC,SFTPC_Leu194Pro,B_7-8,4.069423646456388,0.006580104037989381,0.011954941494762885
SFTPC,SFTPC_Val39Leu,B_7-8,3.0203975383493695,0.023385136624668155,0.036151411715472676
SFTPC,SFTPC_Val48Met,B_7-8,2.3114781465408734,0.06014690586635936,0.08374019139967331
SH3BP2,SH3BP2_Arg415Gln,B_7-8,1.55609005143493,0.1636404082921498,0.2051195530428483
SH3BP2,SH3BP2_Pro418Arg,B_7-8,3.4866551511798476,0.010174461743327002,0.017399941564776374
SH3BP2,SH3BP2_Pro418His,B_7-8,3.325943580185582,0.01588655530110976,0.025798078741182662
SH3BP2,SH3BP2_Pro418Leu,B_7-8,1.5679301748113172,0.16088384611722178,0.20234534449972721
SHOC2,SHOC2_Asn527Ser,B_13-14,1.085131532003488,0.3138147269308183,0.3671247852298619
SHOC2,SHOC2_Gln269Arg,B_13-14,5.086797297438733,0.001420231443223506,0.003213470651436663
SHOC2,SHOC2_Glu13Ala,B_13-14,-0.49599748744533817,0.6350883549851457,0.6837270468588192
SHOC2,SHOC2_Glu25Gly,B_13-14,5.585971471324058,0.0008280271369182573,0.0020395030822080566
SHOC2,SHOC2_Gly53Arg,B_13-14,7.059159648859733,0.00020075568205577907,0.0006796802150781451
SHOC2,SHOC2_Ile112Thr,B_13-14,6.175274595268666,0.000456121543039336,0.0012856882203950563
SHOC2,SHOC2_Leu174Phe,B_13-14,-1.2179065510729294,0.26271411919537624,0.3126332092889205
SHOC2,SHOC2_Met173Val,B_13-14,5.776884920881023,0.0006794150947910288,0.0017397556078792627
SHOC2,SHOC2_Ser2Gly,B_13-14,9.184718991012415,0.000037369764022047716,0.00019154613681692057
SHOC2,SHOC2_Ser403Gly,B_13-14,6.38788613265301,0.00037154228352073335,0.001092596298494464
SHOC2,SHOC2_Ser4Arg,B_13-14,-1.2779634061574066,0.24200649193138557,0.29062952401445846
SHOC2,SHOC2_Ser57Phe,B_13-14,4.543257396836306,0.002657356943427251,0.005436176132875145
SHOC2,SHOC2_Thr205Ala,B_13-14,4.52590031283961,0.0027129591164138946,0.005519157404234475
SHOC2,SHOC2_Thr321Ala,B_13-14,0.2450729027692532,0.8134293844417977,0.848092568437897
SMAD3,SMAD3_Arg268Cys,B_15-16,2.22789750761941,0.061160316008011924,0.08502210596568324
SMAD3,SMAD3_Arg279Lys,B_15-16,0.18364390332568642,0.8594991609237606,0.8860567192669104
SMAD3,SMAD3_Arg323His,B_15-16,-1.6473665558952744,0.14347498143737641,0.1824508599706069
SMAD3,SMAD3_Arg385Gly,B_15-16,7.566210399023609,0.00012989037427100868,0.0004934758525616997
SMAD3,SMAD3_Arg385Thr,B_15-16,0.370017034177931,0.7223111273261256,0.7648245347048127
SMAD3,SMAD3_Asn197Ile,B_15-16,2.7149578680825153,0.02998331403916871,0.044925020949342746
SMAD3,SMAD3_Asn59Asp,B_15-16,3.4795085466037174,0.010273077510476238,0.0175196070926802
SMAD3,SMAD3_Asp408His,B_15-16,0.9816796361684548,0.35896141231524903,0.4114267280440237
SMAD3,SMAD3_Cys109Tyr,B_15-16,-9.05084304494648,0.000041121733188140844,0.00020673528876777658
SMAD3,SMAD3_Gln316Pro,B_15-16,-3.3721800691867045,0.011884877606099907,0.019898494897074202
SMAD3,SMAD3_Glu239Lys,B_15-16,-6.188281315128267,0.00045036795457963297,0.0012773186965280162
SMAD3,SMAD3_Glu284Gln,B_15-16,-2.9358641510394374,0.021841324650669732,0.03408063837923381
SMAD3,SMAD3_Gly272Arg,B_15-16,-5.440776608440403,0.000965445714413201,0.00232798013922237
SMAD3,SMAD3_Ile170Val,B_15-16,-4.132912709904401,0.004387942117633577,0.00836993117033016
SMAD3,SMAD3_Leu219Phe,B_15-16,1.1450407086421948,0.2898280807040688,0.341357206734253
SMAD3,SMAD3_Met212Ile,B_15-16,0.22314264021113964,0.8297963269804212,0.8597837815791147
SMAD3,SMAD3_Met255Arg,B_15-16,-5.514542070876259,0.0008926932622742277,0.002175421163709439
SMAD3,SMAD3_Pro263Ala,B_15-16,4.408238972823329,0.0031254784632835744,0.00624075405889593
SMAD3,SMAD3_Ser355Leu,B_15-16,-0.8972296535940535,0.39940186239459863,0.4529681195884354
SMAD3,SMAD3_Ser423Arg,B_15-16,1.2293792625071869,0.2586457831990802,0.30819156634435857
SMAD3,SMAD3_Trp232Cys,B_15-16,-8.602847499928926,0.00005715575556112543,0.00026485053397642716
SMAD3,SMAD3_Trp94Leu,B_15-16,-6.641025376143156,0.00029294506974572533,0.0009064994991288465
SMAD3,SMAD3_Tyr364Cys,B_15-16,3.0857233676155733,0.017672765648239788,0.028217061078414922
SMAD3,SMAD3_Val294Met,B_15-16,-4.402139959825962,0.003148670758726887,0.006266606119592015
SMAD3,SMAD3_Val410Phe,B_15-16,-2.9410834464726863,0.021679838224477506,0.03385744948248189
SNIP1,SNIP1_Ala174Val,B_7-8,2.851303879581119,0.029131776521615867,0.04385300239308049
SNIP1,SNIP1_Arg116Gln,B_7-8,1.7919180911474009,0.12332491813680402,0.15981724913914927
SOS2,SOS2_Pro1318Ser,B_13-14,12.670492549376737,4.410938552305839e-6,0.00004393628723118101
SOS2,SOS2_Val869Ile,B_13-14,26.314751185604315,2.9294705203644902e-8,3.162104944040494e-6
STAR,STAR_Arg182His,B_7-8,1.0236908321022704,0.3454697772868937,0.39870254171160374
STAR,STAR_Arg182Leu,B_7-8,4.115429407348154,0.004485222901084754,0.008537742762956975
STAR,STAR_Arg188Cys,B_7-8,2.5226538233711837,0.03965640468071427,0.05770777366305367
STAR,STAR_Val187Met,B_7-8,8.765543350432546,0.00005063048778409808,0.0002432118981251832
SUCLA2,SUCLA2_Pro230Ser,B_7-8,2.2032652143138227,0.06342459009569956,0.08777083169352089
TAT,TAT_Arg119Trp,B_7-8,-11.15317969985122,0.000010374633134358014,0.00007770388490427328
TAT,TAT_Leu273Pro,B_7-8,-10.863969739178302,0.000012358377673049448,0.00008590008723502174
TAT,TAT_Pro220Ser,B_7-8,-8.49734485623604,0.00006189468337176139,0.00028323377552913253
TH,TH_Ala226Thr,B_7-8,-1.6634927294255495,0.14016293837386606,0.17861041105280848
TH,TH_Arg133His,B_7-8,1.5481362622611954,0.16551654620675604,0.20689568275844505
TH,TH_Arg306His,B_7-8,0.4042154910868077,0.6981191634083265,0.7422066424416449
TH,TH_Arg89Arg,B_7-8,0.23617880244248715,0.8200556917884257,0.8516141451226719
TH,TH_Asp267His,B_7-8,-0.008277408088881433,0.9936266204775519,0.9947107739096059
TH,TH_Gln381Lys,B_7-8,0.7947036594574547,0.45288299940008425,0.5073147905387336
TH,TH_Gln39Glu,B_7-8,-7.418120684288637,0.000308607045835826,0.000948566045408276
TH,TH_Glu27Asp,B_7-8,2.1401308466978546,0.06962085850226002,0.09519692649154034
TH,TH_Ile209Met,B_7-8,0.903956903999821,0.39606091885626793,0.44945688689007524
TH,TH_Ile219Thr,B_7-8,0.20632166292568577,0.8424123183405422,0.8713791455213613
TH,TH_Leu205Pro,B_7-8,0.3407041005263361,0.7433230773599635,0.7848088877764862
TH,TH_Pro2Leu,B_7-8,-3.8003707147212986,0.006711541310682285,0.0121696425939743
TH,TH_Thr283Met,B_7-8,-4.369233612256514,0.02217531454051988,0.03457238927940015
TH,TH_Thr7Pro,B_7-8,-3.754731526732098,0.007123857990997379,0.01277837674826998
TH,TH_Val136Met,B_7-8,1.4557670007482093,0.18879346680435832,0.23235144975586688
TH,TH_Val468Met,B_7-8,-0.6290663103377626,0.5492757795795657,0.6021033784519134
THAP1,THAP1_Gly9Cys,B_7-8,-4.17347556032121,0.005855839263764478,0.010799462360811876
THAP1,THAP1_His23Pro,B_7-8,-8.257393674280701,0.0004247733424477858,0.0012198107721309657
THAP1,THAP1_Lys24Glu,B_7-8,-1.1714155492429392,0.2858401777049257,0.3375268507648254
THAP1,THAP1_Lys89Arg,B_7-8,0.23106623338993568,0.8249412000541684,0.8562031120471714
THAP1,THAP1_Val193Ile,B_7-8,1.4834524001577232,0.18848001537128903,0.23212136121229218
TMEM43,TMEM43_Ala366Thr,B_15-16,-1.7910636830787663,0.11639648869725612,0.151265975042114
TMEM43,TMEM43_Arg220Cys,B_15-16,-4.538647307881698,0.002672001389706827,0.005447913944568919
TMEM43,TMEM43_Arg28Trp,B_15-16,-24.174773982453274,3.292177702826541e-7,8.755284180705365e-6
TMEM43,TMEM43_Arg299Thr,B_15-16,-1.010502949160558,0.3459010308137941,0.3989493347223835
TMEM43,TMEM43_Tyr371His,B_15-16,1.917670484050527,0.09666054165626514,0.12825169482230406
TPK1,TPK1_Asn50His,B_7-8,5.588379140049916,0.0008259404119098465,0.002037097655718506
TTPA,TTPA_Ala120Thr,B_7-8,-3.0477181457056806,0.01864304234137802,0.02951680991926546
TTPA,TTPA_Arg192His,B_7-8,-1.3166297482726848,0.2294301357084381,0.27720154989918083
TTPA,TTPA_Glu141Lys,B_7-8,-5.831966142480954,0.0006422661280434942,0.001674285450085281
TTPA,TTPA_Gly246Arg,B_7-8,-7.296099497011973,0.00016330789184360747,0.0005852929326816791
UBQLN2,UBQLN2_Pro497Ser,B_7-8,-2.101618012725241,0.07369491933564948,0.10002232025215739
UBQLN2,UBQLN2_Pro509Ser,B_7-8,1.156265172023083,0.28550581580751616,0.33734911268949913
UBQLN2,UBQLN2_Pro525Ser,B_7-8,1.0527317211081442,0.3274407046903331,0.3807691337812175
WRAP53,WRAP53_Arg68Gly,B_7-8,-1.5343794435958067,0.1688082630737354,0.2102940683912454
ZC4H2,ZC4H2_Ala157Thr,B_13-14,9.564949391729368,0.000028662018291252733,0.00015606766636334945
ZC4H2,ZC4H2_Ala162Thr,B_13-14,5.128022691271471,0.0013566205853411412,0.003088584086973938
ZC4H2,ZC4H2_Ala200Thr,B_13-14,5.9783752544958135,0.000554094398136057,0.0014952400302642127
ZC4H2,ZC4H2_Arg18Lys,B_13-14,6.383370379835618,0.0003731446272996475,0.0010955526257517651
ZC4H2,ZC4H2_Arg198Gln,B_13-14,6.833150230736553,0.0002457062062229511,0.0007965916756521471
ZC4H2,ZC4H2_Arg211Trp,B_13-14,7.874721243068885,0.00010080029656043797,0.00040741970085551475
ZC4H2,ZC4H2_Arg213Trp,B_13-14,5.341864212921037,0.0010735873843517084,0.002538702126656424
ZC4H2,ZC4H2_Ile7Val,B_13-14,6.5155988276416865,0.00032927185651585603,0.0010003540673950261
ZC4H2,ZC4H2_Leu66His,B_13-14,4.396655815279685,0.003169686792505649,0.0063015983361298655
ZC4H2,ZC4H2_Lys217Arg,B_13-14,-0.028994446789252497,0.9776783460045906,0.9830354876265335
ZMYND10,ZMYND10_Arg243Cys,B_7-8,1.676036313980252,0.14474752983609077,0.1838143371966966
