Gene,Variant,U2OS_prot_abun_t_stat,U2OS_prot_abun_t_pval
FARS2,FARS2_Leu371Phe,-2.718592944820779,0.04215074661217547
GRN,GRN_Cys105Arg,5.524314770370379,0.0010957883209453635
SDHD,SDHD_His102Pro,0.47594409396764115,1.0
DES,DES_Ala337Pro,-6.663877845855177,0.0007234178976206171
BRIP1,BRIP1_Leu195Pro,-1.8989442577783242,0.3193129417034555
BRIP1,BRIP1_Val76Ile,-0.15019282853357918,1.0
SDHD,SDHD_Ala90Glu,-0.8867327192676124,1.0
GRN,GRN_Ser120Tyr,0.7170224192437915,1.0
FARS2,FARS2_Ser57Cys,-0.6872432004263447,1.0
BRIP1,BRIP1_Ser520Thr,0.7464293414885846,0.5681293449170274
FARS2,FARS2_Thr246Met,-2.353819191627526,0.05729009060236506
BRIP1,BRIP1_Thr266Lys,-2.8097461543970716,0.1251885088372282
PYGL,PYGL_Glu673Lys,-5.9379840516174465,0.004071092194191047
SDHD,SDHD_His50Arg,1.55422989775168,1.0
SMAD3,SMAD3_Pro263Leu,-1.5027592174152915,0.37683240440259397
RAF1,RAF1_Pro225Ser,2.0699418157000897,1.0
SDHD,SDHD_His50Asp,-5.489031542982944,0.11438868033215185
RAF1,RAF1_Thr491Ile,2.583864682897168,0.271931931279114
FARS2,FARS2_Ile329Thr,-2.124393793498326,0.10954203012231523
RAF1,RAF1_Asn140His,-0.26453384717819656,1.0
SDHD,SDHD_Tyr114Cys,-8.333215389049078,0.004201518252758375
ZC4H2,ZC4H2_Val63Leu,-2.514597705164753,1.0
FARS2,FARS2_Ile388Ser,-4.23530096770175,0.007658698829097526
SDHD,SDHD_Glu69Lys,-4.0779855505012845,0.2861293525491404
FARS2,FARS2_His135Asp,-1.036882426271927,1.0
GSS,GSS_Arg125Cys,-1.1129963527507523,0.5390576811122689
SDHD,SDHD_Phe34Cys,-1.9188547732241474,1.0
AGXT,AGXT_Ile340Met,1.8573757469992649,0.17245936931866968
GRN,GRN_Ala324Thr,-0.6949079868754068,1.0
SDHD,SDHD_Leu107Pro,-2.025220716499999,1.0
SHOC2,SHOC2_Thr126Ile,5.129487174989365,1.0
RAF1,RAF1_Leu603Pro,-2.761223855400645,0.028913933298763714
BAP1,BAP1_Arg59Pro,-6.724527061687107,0.0006642771727354712
SMAD3,SMAD3_Arg287Trp,-4.797824298345287,0.002359930815250039
SDHD,SDHD_Val111Ile,-1.6891303326515865,1.0
KRT6A,KRT6A_Thr552Ser,-0.054444311290212155,1.0
FARS2,FARS2_Tyr144Cys,-0.9424771139167271,1.0
FARS2,FARS2_Gly309Ser,-3.676692343777721,0.008971916021034814
SHOC2,SHOC2_Thr494Asn,6.245201442276201,0.0007634759552907376
SDHD,SDHD_Gly106Val,-1.3929891888092047,1.0
SDHD,SDHD_Ala90Val,1.0316194490045099,1.0
LITAF,LITAF_Thr115Asn,-6.885685988155979,0.0002573108294976423
SDHD,SDHD_Ile31Val,1.667033369287295,1.0
RAF1,RAF1_Asp381Asn,0.5200707489892997,1.0
MVK,MVK_Leu265Pro,-6.5611844097693375,0.010337679476182245
RAF1,RAF1_Phe22Leu,0.5106342537669916,1.0
RAF1,RAF1_Gly361Ala,-8.632887687864953,0.04258493446313849
FARS2,FARS2_Ala166Thr,-1.639197575049847,0.2876744818638417
SDHD,SDHD_His102Arg,-4.099256799150142,0.05237100831983184
RAF1,RAF1_Leu613Val,5.723555823832908,0.0022460511579955496
BCL10,BCL10_Leu8Leu,1.6174995855992562,0.15607053577138466
SDHD,SDHD_Gly138Val,-12.876055682927632,0.000013797877181555869
SMAD3,SMAD3_Thr261Ile,-1.4727955663206003,1.0
GRN,GRN_Thr182Met,1.972752416496426,0.33777087496291414
ZC4H2,ZC4H2_Pro201Ser,3.658069769647808,0.034243655203901685
RAF1,RAF1_Thr491Arg,2.486225049163244,0.12982347958537951
RAF1,RAF1_Ser427Gly,4.645910603471249,0.00992717572430983
BRIP1,BRIP1_Gln255His,-0.8359911693403168,1.0
RAF1,RAF1_Asn71Ser,0.44825035148598597,1.0
AGXT,AGXT_Asp201Asn,-8.439215058911925,0.0013847844331580895
BRIP1,BRIP1_His587Arg,0.8160682007653915,0.5462855001074963
SDHD,SDHD_His102Leu,4.685700930445011,0.010670406461331302
RAD51D,RAD51D_Arg165Gln,3.8063421461726854,0.4404648365303642
FARS2,FARS2_Asn280Ser,-0.6127928774573419,1.0
FARS2,FARS2_Arg419Cys,-1.28234935661335,1.0
BRIP1,BRIP1_Arg848His,-3.086811053904651,0.18383040953677723
FARS2,FARS2_Gly3Val,-2.0289898882089776,0.1046229420390252
FARS2,FARS2_Asp142Tyr,0.5392488168522184,1.0
FARS2,FARS2_His84Pro,-1.9143491804649417,0.11887068523584414
SDHD,SDHD_Arg70Thr,-2.6398149628228182,0.48151603696647605
AGXT,AGXT_Phe152Ile,0.41120884168859506,1.0
SDHD,SDHD_Ser68Gly,0.011366001524099056,1.0
DES,DES_Pro419Ser,1.8249388035171699,0.11262316443461531
RAF1,RAF1_Cys95Trp,-1.491000957661587,0.23274383192261294
SDHD,SDHD_Leu139Arg,3.6405640563005033,0.05718059390456844
MVK,MVK_Pro288Leu,-0.4555222534881098,1.0
LITAF,LITAF_Leu122Val,-6.830850528416266,0.00025377905187667536
SDHD,SDHD_Asp92Gly,-4.989321535931711,0.027997159194273955
RAF1,RAF1_Asp486Asn,-3.177824308148034,0.02572498582917983
BRCA1,BRCA1_Ser611Arg,3.4350690406883606,0.022021464779879492
MVK,MVK_Ser329Asn,-7.699798479307392,0.0018256684757220316
RAF1,RAF1_Thr145Pro,3.706074644344897,0.04897839094117087
FARS2,FARS2_Asp325Tyr,-2.20007671920073,0.07158255080772741
ABCD1,ABCD1_Arg389Gly,1.7323208335459606,0.12682045577777387
ABCD1,ABCD1_Arg518Gln,0.28092595257451597,0.7868893052001036
ABCD1,ABCD1_Arg518Trp,-2.977011164333264,0.02060194104485391
AGXT,AGXT_Ala186Val,-4.707033305164683,0.002190445359648623
AGXT,AGXT_Ala248Ser,2.5891839194692388,0.08113138250943684
AGXT,AGXT_Ala248Val,-0.6732117111238182,0.5224102898316907
AGXT,AGXT_Ala280Val,-1.2797856442358622,0.241400698693753
AGXT,AGXT_Ala295Thr,2.3102664234328256,0.05416553103517587
AGXT,AGXT_Ala85Asp,-0.3838356818828986,0.7266882133283
AGXT,AGXT_Arg111Gln,2.793684327844972,0.026766147172081294
AGXT,AGXT_Arg118Cys,-0.11480148733762473,0.9118260962426579
AGXT,AGXT_Arg197Gln,-2.868008474346794,0.02406041848688912
AGXT,AGXT_Arg301Cys,-0.1884531080551649,0.8558685061548075
AGXT,AGXT_Arg381Lys,4.672276472851153,0.0022813924356818865
AGXT,AGXT_Asn22Ser,3.018740002019871,0.01942084161346261
AGXT,AGXT_Asp129His,2.476747503852215,0.04241167365463533
AGXT,AGXT_Glu274Asp,0.44912051815803183,0.6838062588420207
AGXT,AGXT_Gly116Arg,-5.661659230262708,0.0007651524506561891
AGXT,AGXT_Gly161Arg,-7.0051516975813,0.00021058890448993886
AGXT,AGXT_Gly161Ser,1.4661020895903059,0.18604884204603772
AGXT,AGXT_Gly41Arg,2.650168297663693,0.032933645658284015
AGXT,AGXT_Gly41Glu,-1.30716252983099,0.23245577884491775
AGXT,AGXT_Gly82Arg,-0.46713056813814013,0.6545981074435134
AGXT,AGXT_Ile202Asn,-6.517294515701266,0.00032874818419307254
AGXT,AGXT_Ile279Thr,-4.781091607879475,0.017393889912067063
AGXT,AGXT_Lys12Arg,0.5181064678942128,0.620352246105266
AGXT,AGXT_Met195Leu,-2.2469823477249196,0.05946221919800055
AGXT,AGXT_Met49Leu,-1.2910606882084215,0.2376813697454178
AGXT,AGXT_Pro10Ala,5.914336861803742,0.0005908757490140771
AGXT,AGXT_Pro11His,1.9244129997608719,0.09570616309926158
AGXT,AGXT_Pro11Leu,-1.4488794662298767,0.19064277338157434
AGXT,AGXT_Pro319Leu,-2.40055856693035,0.07431129591724062
AGXT,AGXT_Ser187Phe,-8.023245750685016,0.00008947563817873145
AGXT,AGXT_Ser218Leu,1.07403640759059,0.3184286982287483
AGXT,AGXT_Ser221Pro,-5.451221277054345,0.0009547538601150501
AIPL1,AIPL1_Arg302Leu,-5.411131951045085,0.000996525943174252
AIPL1,AIPL1_Met79Thr,-6.526669000410282,0.00032586992283325936
AIPL1,AIPL1_Thr114Ile,0.7246739890067577,0.4921578634265098
ALAS2,ALAS2_Ala135Thr,1.2880060637055455,0.2880990953239055
ALAS2,ALAS2_Arg374Cys,1.397673798747587,0.23474529541299852
ALAS2,ALAS2_Asp122Asn,0.48409148917095074,0.6614609410166481
ALAS2,ALAS2_Asp153Val,0.05074434386774552,0.9619621448863371
ALAS2,ALAS2_Cys358Tyr,1.0556278919284283,0.3506775793474602
ALAS2,ALAS2_Gly254Ser,1.4953233273449151,0.2317094321404546
ALAS2,ALAS2_Lys262Gln,0.7216791135397561,0.5226539686440193
ALAS2,ALAS2_Phe128Leu,0.11620857423910166,0.914829800060912
ALAS2,ALAS2_Ser531Gly,-1.2195930411718987,0.2896120139926567
ALAS2,ALAS2_Tyr549Phe,-0.17131590681107361,0.8722926855798149
AMPD2,AMPD2_Glu697Asp,-3.137890655122553,0.020121755353756463
AP2S1,AP2S1_Arg15Cys,6.709695607305104,0.0002749780290606547
AP2S1,AP2S1_Arg15His,7.557733070228213,0.004803743456267144
APOA1,APOA1_Ala188Ser,10.417362017975371,0.000016329006612958617
APOA1,APOA1_Ala199Pro,7.471050370642033,0.00014069427895585144
APOA1,APOA1_Arg197Cys,5.593479754292758,0.005013244834935533
APOA1,APOA1_Arg34Leu,5.271115459270984,0.0011592119947846805
APOA1,APOA1_Gly50Arg,-5.6769508290013935,0.029655774878259177
APOA1,APOA1_Leu114Pro,-18.958213918826136,2.825700811527343e-7
APOA1,APOA1_Leu198Ser,-2.5926001722471366,0.035808917462796915
APOA1,APOA1_Leu84Arg,6.376939735190903,0.0003754398397847965
APOA1,APOA1_Trp74Arg,4.423834838454512,0.0030670240791976213
APOA1,APOA1_Val180Glu,7.767247870000959,0.001480994113260495
BAG3,BAG3_Arg218Trp,-6.0801332328548705,0.0005008021245392382
BAG3,BAG3_Arg258Trp,-6.300703015392535,0.00040389202085934446
BAG3,BAG3_Arg477His,3.505964232712364,0.024762122103215163
BAG3,BAG3_Leu462Pro,1.1342236430372379,0.2940443731385813
BAG3,BAG3_Pro380Ser,-13.085999599996736,3.547911242245254e-6
BAP1,BAP1_Arg718Gln,-3.420989205735933,0.01112045469917
BAP1,BAP1_Asn290Ser,0.08966665608823118,0.9310637601032032
BAP1,BAP1_Cys91Gly,-4.617978065799683,0.0024319418319997716
BAP1,BAP1_Cys91Ser,-2.6931062589231534,0.0309462574441354
BAP1,BAP1_Glu31Lys,-2.0298025778770206,0.08193664202063412
BAP1,BAP1_Leu49Pro,-3.5941090630658135,0.008808725066084462
BAP1,BAP1_Pro12Thr,-4.423763667701538,0.0030672880820356166
BAP1,BAP1_Ser596Gly,0.8767858936876382,0.40968206922602535
BAP1,BAP1_Thr423Lys,-4.239050177833455,0.003844822069613415
BAP1,BAP1_Thr93Ala,-1.8287496773019911,0.11014705290189507
BCL10,BCL10_Ala5Ser,-0.22462787367078096,0.8286849004700589
BFSP2,BFSP2_Ala407Asp,11.872919742565465,0.0000746553831750124
BFSP2,BFSP2_Arg287Trp,6.377161426808784,0.00037536045094255097
BFSP2,BFSP2_Arg339His,15.913032369719927,9.389688961934846e-7
BRAF,BRAF_Asp565Glu,2.7720035823390834,0.027614311127530596
BRAF,BRAF_Gln257Arg,-0.4372464292354162,0.6751046251185971
BRAF,BRAF_Gln262Lys,1.4713633473538252,0.18466553940209554
BRAF,BRAF_Glu501Lys,-0.6694140404872534,0.5246885914445109
BRAF,BRAF_Glu501Val,0.8012197285196747,0.4493411824264216
BRAF,BRAF_Gly464Val,2.1555502654060805,0.06805360380374736
BRAF,BRAF_Gly469Glu,-2.4349535695068565,0.04509157625446467
BRAF,BRAF_Gly596Val,-3.8089973889178856,0.006636562833595199
BRAF,BRAF_Leu245Phe,0.8416317444096693,0.4278071535265413
BRAF,BRAF_Leu485Phe,3.8578981633103693,0.006228415739546075
BRAF,BRAF_Lys499Asn,5.574798126697147,0.0008377883870810507
BRAF,BRAF_Phe468Ser,2.961834070476631,0.021050194197223714
BRAF,BRAF_Thr241Arg,6.127715259649578,0.000477871903155989
BRAF,BRAF_Val471Phe,-3.0812311870095046,0.01778459894246216
BRAF,BRAF_Val487Gly,3.8723574361118165,0.006113032285350252
BRAF,BRAF_Val600Gly,-2.3131620225658573,0.05393497039622505
BRCA1,BRCA1_Ala102Gly,-6.386066195669308,0.00037218712893209255
BRCA1,BRCA1_Arg391Met,-6.583652048919765,0.00030897140928174874
BRCA1,BRCA1_Arg595Gln,6.662337598181629,0.00028723146358685287
BRCA1,BRCA1_Arg71Gly,5.634491429600971,0.0007870863265976704
BRCA1,BRCA1_Arg71Lys,2.373169074983095,0.049375562988145466
BRCA1,BRCA1_Asn132Lys,2.057481779620184,0.0786569367910109
BRCA1,BRCA1_Asp67Tyr,-0.9756740391325566,0.3617299832806896
BRCA1,BRCA1_Cys39Arg,4.1294175576416,0.004407203445207837
BRCA1,BRCA1_Cys44Tyr,5.676268140463764,0.0007536407364486894
BRCA1,BRCA1_Cys61Gly,4.370983692104869,0.003270140985358988
BRCA1,BRCA1_Cys64Ser,-3.2780519643623762,0.013523323462305661
BRCA1,BRCA1_Cys64Tyr,-2.2694527201623846,0.057523894319769224
BRCA1,BRCA1_Glu116Lys,-8.233502008527775,0.00007581852114808116
BRCA1,BRCA1_Glu143Lys,-1.3011218450965225,0.23440439309487046
BRCA1,BRCA1_Glu455Lys,-8.447337291706038,0.00006429500751423088
BRCA1,BRCA1_Glu631Lys,1.9419342156297024,0.09326896956291153
BRCA1,BRCA1_Gly602Ala,0.5419560155120805,0.604663137301014
BRCA1,BRCA1_Gly666Val,3.511235063816483,0.009843009152846196
BRCA1,BRCA1_His239Arg,3.0457234726586297,0.018695506167409306
BRCA1,BRCA1_His299Tyr,6.185243760707367,0.00045170431666583454
BRCA1,BRCA1_His41Arg,2.6259888042545514,0.03411090005792835
BRCA1,BRCA1_Leu460Pro,0.01042038511580422,0.9919766475766167
BRCA1,BRCA1_Leu660Pro,-0.4813800816904402,0.6449300602568308
BRCA1,BRCA1_Lys502Glu,4.989655621459294,0.0015836344442593463
BRCA1,BRCA1_Met1Ile,-8.007642466557488,0.00009059512375294578
BRCA1,BRCA1_Met1Thr,-5.415058354854696,0.0009923460458709568
BRCA1,BRCA1_Met548Ile,4.279146156570467,0.003659222814302877
BRCA1,BRCA1_Met671Lys,0.8349415031917332,0.43132063358320416
BRCA1,BRCA1_Phe558Ser,4.615270970171342,0.0024397297238219016
BRCA1,BRCA1_Phe591Leu,2.2777054491482396,0.056828180249927085
BRCA1,BRCA1_Pro510Ser,4.261917325727005,0.0037377388491010573
BRCA1,BRCA1_Pro533Leu,5.735636261825845,0.0007088088193576657
BRCA1,BRCA1_Ser186Tyr,-2.567524632668086,0.03714171283359245
BRCA1,BRCA1_Ser408Ile,7.5905087590606035,0.0001272838197150418
BRCA1,BRCA1_Thr37Lys,4.81745560482641,0.0019270976461462812
BRCA1,BRCA1_Thr581Ala,4.326359069964326,0.003453197422548223
BRCA1,BRCA1_Thr581Ile,-0.1586367936470939,0.8784347489809712
BRCA1,BRCA1_Thr587Arg,7.926953340626398,0.00009664275201696522
BRCA1,BRCA1_Thr616Ala,-7.543974029456265,0.00013232858766953467
BRCA1,BRCA1_Val275Ile,2.664548117941024,0.03225365624269284
BRCA1,BRCA1_Val632Ala,3.8182324743496685,0.006557305473716383
CCBE1,CCBE1_Gly136Arg,-6.8907154487038405,0.00023326798271047067
CDKN1A,CDKN1A_Arg67Leu,2.664624155134068,0.03225009976170031
CDKN1A,CDKN1A_Arg84Gln,-4.3631962153015635,0.0047539744612248875
CDKN1A,CDKN1A_Asp149Gly,-5.33578609181382,0.0010806600120396538
CDKN1A,CDKN1A_Ser31Arg,3.8187787963303266,0.006552649217687135
CFP,CFP_Tyr414Asp,-2.4867298219367324,0.04179619414948561
CLDN19,CLDN19_Arg200Gln,7.949942734924168,0.00009487448861981141
CLDN19,CLDN19_Gln57Glu,17.139386480817905,5.649134676976851e-7
COMP,COMP_Asn555Lys,0.1583136411265175,0.8786800318316281
COMP,COMP_Asp271His,4.064110780195287,0.004784677722464952
COMP,COMP_Asp319Val,2.4764485285494957,0.04243025091442688
COMP,COMP_Asp511Glu,0.8635340446377762,0.4164481087682963
COMP,COMP_Asp605Asn,1.9896421144223195,0.08693712311129725
COMP,COMP_Cys348Arg,1.9159902453815603,0.09689981629945323
COMP,COMP_His441Arg,-3.2105892087239276,0.01484593503379594
COMP,COMP_Thr529Ile,0.9481782190776097,0.37461482169793203
COMP,COMP_Thr585Arg,0.867809039814726,0.41425661918513
COMP,COMP_Thr585Met,0.24264910870342052,0.8152335687710239
COQ8A,COQ8A_Gly272Asp,-16.583965571525138,7.0792797046319e-7
COQ8A,COQ8A_Gly549Ser,-8.29056732082058,0.00007252992120425271
COQ8A,COQ8A_His80Tyr,-4.927227211419724,0.0016996163901772273
COQ8A,COQ8A_His85Gln,-8.763627552641156,0.000050702246499195435
CTCF,CTCF_Ala697Thr,1.4887201352067425,0.18016786356357115
CTCF,CTCF_Arg283His,7.650237629061512,0.00012112361894122482
CTCF,CTCF_Arg342Cys,3.346590636205559,0.012308068398097118
CTCF,CTCF_Arg342Gly,1.3306764800790363,0.22500413846281694
CTCF,CTCF_Arg567Leu,2.874101838925229,0.023851750906581655
CTCF,CTCF_Arg567Trp,4.260796641789189,0.0037429098147742346
CTCF,CTCF_Asp46Asn,2.5264609447668644,0.039436363219745474
CTCF,CTCF_His455Gln,-3.9544631677107454,0.00550049482130096
CTCF,CTCF_Pro643Ser,1.7682708607040432,0.1203399615971314
CTCF,CTCF_Tyr226Cys,9.898022384502617,0.00002288890486814957
CTCF,CTCF_Tyr407Cys,5.642049992400373,0.0007809142606724553
CTH,CTH_Gln240Glu,-0.9729109928874411,0.36300923996358186
CTH,CTH_Ser403Ile,-1.9952402164171568,0.08622243453420804
CTH,CTH_Thr67Ile,-4.697032304972118,0.0022161969526245493
CTNNA3,CTNNA3_Val94Asp,-1.8256818175358642,0.11064346502994005
CUL3,CUL3_Lys459Arg,4.20970944705195,0.003987183476054659
DCX,DCX_Ala251Ser,-2.470398604922797,0.04280797736343713
DCX,DCX_Ala71Ser,0.32354297828105544,0.7557356180004632
DCX,DCX_Arg102Cys,-5.105643745867045,0.001390749196072886
DCX,DCX_Arg186His,2.457501352323444,0.04362481421839518
DCX,DCX_Arg196Cys,-2.2109260441235716,0.06271147048022198
DCX,DCX_Arg59His,-11.028669169103118,0.000011180636768765666
DCX,DCX_Arg78His,1.0589509186616834,0.324789175708286
DCX,DCX_Arg89Gly,-0.27011364912329705,0.7948630043487268
DCX,DCX_Lys174Glu,4.916521377178172,0.0017204371270297127
DCX,DCX_Lys50Asn,-4.076778079575071,0.004708779058548801
DCX,DCX_Met1Thr,3.9527910398349846,0.005512279425893442
DCX,DCX_Pro191Arg,-9.533473780262845,0.000029288106810387515
DCX,DCX_Ser129Leu,-11.283283105854116,9.602150456377055e-6
DCX,DCX_Thr203Ala,-4.70666123627769,0.00219139745292835
DCX,DCX_Thr203Arg,-8.459221000520243,0.00006371520511237048
DES,DES_Ala135Val,1.2216628975767896,0.26137615893235355
DES,DES_Ala213Val,0.1366704685979876,0.8951389917106629
DES,DES_Ala237Thr,0.28788386500563556,0.7817724765216766
DES,DES_Ala357Pro,-2.9471505314204056,0.02149370666015871
DES,DES_Ala397Thr,1.6444969781847736,0.14407198523909984
DES,DES_Arg127Pro,-0.13165131669809058,0.8989641536909022
DES,DES_Arg212Gln,-0.6174624619791779,0.5564745559578494
DES,DES_Arg222His,-0.2889531593168307,0.7809871394858587
DES,DES_Arg227Cys,-0.4318002916201615,0.678874554867758
DES,DES_Arg278Pro,3.3613219592088868,0.012062503988202081
DES,DES_Arg350Pro,-7.634251525567014,0.00012273874232818333
DES,DES_Arg355Pro,-7.5453585835127015,0.00013217527358523165
DES,DES_Arg37Trp,1.4554030456747196,0.1888907827532944
DES,DES_Asn342Asp,-6.704441008116608,0.00027630820495887296
DES,DES_Asp312Ala,0.2620952985126715,0.8007933504287592
DES,DES_Gln131Lys,0.259242510216572,0.8029066895073108
DES,DES_Gln389Pro,0.40001516148873817,0.701071002153987
DES,DES_Glu413Lys,3.254228992699738,0.013975361656351763
DES,DES_Gly20Arg,-0.9503744813156629,0.3735729803528325
DES,DES_Gly44Ser,0.786965857173762,0.4571139278063727
DES,DES_Gly84Ser,1.6642961014794706,0.13999983215506426
DES,DES_His243Tyr,1.1014351569685674,0.30713272142212183
DES,DES_His441Leu,2.0415130928871723,0.080532843390693
DES,DES_Leu136Pro,1.4562254274697748,0.18867095495160477
DES,DES_Leu274Pro,2.544661419362887,0.038401731801125466
DES,DES_Leu338Arg,-4.495690582672335,0.0028128198916351267
DES,DES_Leu345Pro,-6.178893355402045,0.00045451253802781
DES,DES_Met349Ile,1.0334339090030134,0.3357777924295763
DES,DES_Pro433Thr,2.7393028939293727,0.028947286179192375
DES,DES_Ser298Leu,1.4945671663953244,0.17867526244465815
DES,DES_Ser424Phe,2.0485344905477016,0.07970260730169927
DES,DES_Ser46Tyr,1.4305558189942607,0.19564230369357066
DES,DES_Thr445Ala,-0.6500946958593571,0.5363748174638372
DES,DES_Thr453Ile,2.6096707645850272,0.034930067647678975
DES,DES_Tyr122Asp,0.512868222449683,0.6263721985434623
DES,DES_Tyr331Asn,-0.5452519896497796,0.6025121621343716
DES,DES_Val126Leu,4.8028755222991295,0.0019597714756076716
DES,DES_Val394Met,0.6483254579102964,0.5629745567575123
DES,DES_Val56Leu,-0.5033048031480146,0.6301977571754281
DIABLO,DIABLO_Gly224Arg,1.8746379659381842,0.10996947030732256
DIABLO,DIABLO_Ile59Val,0.9870741762433175,0.36172360646205887
DOLK,DOLK_Tyr441Ser,-0.10804718250357245,0.9169900511170821
EIF2B4,EIF2B4_Arg306Gly,-1.8327742014332833,0.10949910009743556
F9,F9_Ala233Thr,3.587645258672378,0.008885010186593878
F9,F9_Ala397Pro,0.9692244259217453,0.36472147421309253
F9,F9_Arg191Cys,4.191694298278343,0.004077453669868551
F9,F9_Arg191His,2.942357539772449,0.021640609484757076
F9,F9_Arg226Gln,1.4556270843437564,0.18883087293195974
F9,F9_Arg294Gln,3.6977465243052414,0.007677762494573888
F9,F9_Arg379Gln,1.1488750909457108,0.28834551914610007
F9,F9_Arg384Leu,2.8708323052481384,0.02396347802008087
F9,F9_Arg384Pro,3.0708156160011555,0.018046802699958293
F9,F9_Arg3His,0.8991095686215548,0.3984661560449298
F9,F9_Arg75Gln,2.1795977289238957,0.0656797080553944
F9,F9_Asn166Tyr,4.074624066623891,0.004721591716704368
F9,F9_Asn306Ser,5.129812155289865,0.0013539320413639188
F9,F9_Asp110Asn,1.7599540493123675,0.12181047156624328
F9,F9_Asp110Gly,3.4617750461748127,0.010522263831025634
F9,F9_Asp410His,3.93429836591186,0.005644463979138862
F9,F9_Cys124Tyr,8.951997130377087,0.000044166321269130565
F9,F9_Cys134Ser,2.68941056386725,0.03111228480786824
F9,F9_Cys170Tyr,2.607836994019341,0.03502339256961306
F9,F9_Cys178Phe,2.967597014339918,0.020878782165472228
F9,F9_Cys268Trp,1.9756930984659165,0.08874341761188416
F9,F9_Cys28Arg,-15.200294562595731,1.2837247491940444e-6
F9,F9_Cys335Trp,1.5161983938537984,0.17325072705321565
F9,F9_Cys335Tyr,4.56786619174951,0.002580667543327912
F9,F9_Cys396Ser,1.5614087607211882,0.16239678534293972
F9,F9_Cys407Arg,6.600675766224722,0.00030411560492763206
F9,F9_Glu27Lys,0.15398402888899934,0.8819677098053768
F9,F9_Glu54Val,-9.969911056687636,0.0000218233869121902
F9,F9_Glu73Lys,4.733840396936638,0.0021230372127589514
F9,F9_Glu73Val,3.649068249307377,0.008188034318931552
F9,F9_Glu79Asp,0.22047699236965554,0.8317921252859086
F9,F9_Gly357Arg,-0.2649616421767047,0.7986717699292339
F9,F9_Gly442Arg,-0.32204583824703,0.756822233337272
F9,F9_His282Arg,1.2929819666339708,0.23705255365323002
F9,F9_His282Tyr,-0.0665369108871065,0.9488108779187232
F9,F9_His303Tyr,1.0751387058760036,0.31796787724790854
F9,F9_Ile136Thr,-2.234007194152328,0.060611432891231026
F9,F9_Ile210Thr,9.025273762716747,0.0000418858688751677
F9,F9_Ile256Thr,2.379972424129913,0.048884091588368726
F9,F9_Ile316Thr,5.600629239460329,0.0008154137445087137
F9,F9_Ile443Thr,0.8828856898637611,0.4065947210623251
F9,F9_Ile7Phe,2.0281260799966656,0.08213958470108292
F9,F9_Lys39Arg,0.19849471444297212,0.8482998707084011
F9,F9_Phe395Ile,2.16877350476657,0.06673777803491078
F9,F9_Pro175Ser,-1.8223377535932688,0.11118702752921403
F9,F9_Pro197Ser,3.3939706402177365,0.011536838629607006
F9,F9_Pro333Leu,3.78958013146929,0.006806627697826317
F9,F9_Pro414Thr,3.086613266343835,0.017650700472202088
F9,F9_Ser220Thr,-0.4279713934093683,0.6815309193523282
F9,F9_Ser406Leu,4.920567410383196,0.0017125353292463399
F9,F9_Ser411Ile,3.4413497038332044,0.010817379207463796
F9,F9_Thr194Ala,3.466849610648739,0.010450298192967698
F9,F9_Trp453Arg,3.948697672762188,0.00554124463815655
F9,F9_Tyr161Cys,5.876260287856266,0.0006140365131649915
F9,F9_Val195Gly,0.5614375506637511,0.5920110805676679
F9,F9_Val227Ile,2.6131162566212125,0.03475541658228683
F9,F9_Val257Ile,3.064324923319804,0.018212277955950307
F9,F9_Val374Phe,1.574146257461855,0.15945387119897717
FA2H,FA2H_Arg143Cys,-6.680006826456086,0.0005452431601790662
FA2H,FA2H_Arg62Cys,-8.634705330603786,0.00005580648608207546
FA2H,FA2H_Phe144Ser,-2.5410618781425978,0.03860410254542904
FADD,FADD_Cys105Trp,1.2432665747711864,0.2537928471367864
FAM161A,FAM161A_Leu269Arg,-11.944647150570136,0.006936118429641585
FANCC,FANCC_Asp195Val,-11.6293475965227,7.846369178135278e-6
FANCC,FANCC_Leu496Arg,-6.82618618656796,0.0002472608798740025
FANCC,FANCC_Leu554Pro,-4.383117084986827,0.0032222333592398064
FBP1,FBP1_Arg218Lys,-3.4547211243846867,0.010623189172481964
FBP1,FBP1_Asn213Lys,-0.17660324551699283,0.8648209817782323
FBP1,FBP1_Asn273Ser,-2.967650193679758,0.02087720730723994
FBP1,FBP1_Gly164Ser,-3.899830677005846,0.005900165878615772
FBP1,FBP1_Gly260Arg,-4.158424415295285,0.004250113455953884
FBP1,FBP1_Met289Leu,-0.3797283127979932,0.7154051293941892
FBP1,FBP1_Phe194Ser,-4.5249426983119,0.002716063908328706
FGD4,FGD4_Arg194His,-0.6877011364155967,0.513775252615285
FH,FH_Ala308Thr,-11.394484282268747,8.993403746646915e-6
FH,FH_Arg101Pro,-6.3120881858677516,0.00039949333367175175
FH,FH_Arg160Gly,-6.7751149070571115,0.0002590061663729525
FH,FH_Arg233Cys,-0.5768098835051846,0.5821337323712967
FH,FH_Arg233Leu,-2.3788375489716853,0.04896572564958671
FH,FH_Asn340Lys,-10.83270980690384,0.0000125974853100848
FH,FH_Gln376Pro,-7.121042736745749,0.00019011851741779218
FH,FH_His318Tyr,-8.740897838119132,0.000051562458963120044
FH,FH_Leu303Ser,-6.345032355574454,0.00038706498420756636
FH,FH_Leu507Pro,-9.275306049641868,0.000035051027926109044
FH,FH_Pro174Arg,-7.281739576538825,0.00016533890191996532
FH,FH_Ser334Arg,-5.513451391166578,0.0008937233895488164
FH,FH_Ser419Pro,-6.746355577654343,0.0002658955188190891
FKBP6,FKBP6_Arg202His,9.266975379582467,0.0000352573191713694
FKBP6,FKBP6_Phe72Leu,1.9460394035189146,0.09270678449421546
FLCN,FLCN_Arg239Cys,-15.695201041940072,1.0316623825275126e-6
FOXP3,FOXP3_Gln70His,-9.61934889327215,0.000027615372713976645
FOXP3,FOXP3_Gly52Val,-5.415423954551947,0.0009919578379547237
FOXP3,FOXP3_Ile363Val,6.445535338478609,0.00035175050890158153
FOXP3,FOXP3_Leu242Pro,-6.065210204312465,0.0005082455769357767
FOXP3,FOXP3_Pro187Leu,-1.8715562467499018,0.10344111012176084
FTH1,FTH1_Lys54Arg,-0.05162036802875731,0.9602733614045404
FXN,FXN_Gly130Val,-2.4972849768284715,0.041155401038216376
FXN,FXN_Met1Ile,-4.06266081393551,0.004793450540380973
FXN,FXN_Trp173Gly,-3.1476448522819047,0.016205252776722846
G6PD,G6PD_Arg365His,-0.030512229050507184,0.9765102707417327
G6PD,G6PD_Glu398Lys,-0.8074387696543632,0.44597881965233355
G6PD,G6PD_Gly378Ser,-4.885624293312452,0.001782128546597905
G6PD,G6PD_Ile48Thr,-5.13568429567412,0.0013451510736389762
GALE,GALE_Arg239Trp,3.0595536274503483,0.018334947067536658
GALE,GALE_Asp103Gly,-0.23630670392772693,0.8199602889795681
GALE,GALE_Leu313Met,4.599706801891214,0.00248504327775435
GALE,GALE_Lys257Arg,-3.401720741943263,0.011415711212105729
GALE,GALE_Val94Met,6.745167418626643,0.006655082031799938
GAMT,GAMT_Ala196Val,-1.2741470009977107,0.24327947781053164
GAMT,GAMT_Asp219Asn,0.06064413814527525,0.9533377353640753
GATA2,GATA2_Cys373Arg,5.526042800177999,0.0008819112635692813
GATA2,GATA2_Pro41Ala,2.187097587023585,0.06495649817198697
GCK,GCK_Ala387Glu,2.4703939991347124,0.09003295184468063
GCK,GCK_Arg303Trp,4.677016840158755,0.018464511906781764
GCK,GCK_Arg377His,4.356506485920154,0.02234874000140853
GCK,GCK_Gly175Arg,6.377342845064974,0.007805226916778032
GCK,GCK_Gly299Arg,2.7991959770615904,0.067898188394813
GCK,GCK_Gly385Arg,5.613838077315356,0.011173245089144053
GCK,GCK_Gly44Asp,1.6272795797624502,0.2021572970936308
GCK,GCK_Met251Thr,14.287441876182381,0.0007430204706296079
GCK,GCK_Met381Arg,1.4201818785051121,0.25064137588681096
GCK,GCK_Val253Ala,5.692280380940909,0.010748499164067248
GCM2,GCM2_Arg47Leu,-1.7350754210202213,0.1263123682623984
GCM2,GCM2_Gly203Ser,1.5230209740843328,0.17858396743251564
GCM2,GCM2_Gly63Ser,0.9007453242813203,0.4024291037685157
GFAP,GFAP_Ala364Pro,7.136275040955829,0.00018759853334739403
GFAP,GFAP_Arg239Leu,8.545506281669464,0.000059678356006112116
GFAP,GFAP_Arg239Pro,6.9862030218807885,0.0002141664480460552
GFAP,GFAP_Arg376Trp,5.669791567143128,0.0007587201905415904
GFAP,GFAP_Arg79Cys,8.103138516279087,0.00008398288334436373
GFAP,GFAP_Arg79Ser,18.305043308603054,3.596154722093215e-7
GFAP,GFAP_Arg88Cys,15.277881601613958,1.239928896270025e-6
GFAP,GFAP_Asn386Ile,-11.184805396175522,0.000010180558985751859
GFAP,GFAP_Asn77Ser,9.583632957219322,0.000028297559319705186
GFAP,GFAP_Asp295Asn,-13.192371454693806,3.3590322133290005e-6
GFAP,GFAP_Asp417Ala,3.1913442068156126,0.015248127666299597
GFAP,GFAP_Glu205Lys,9.216664646710306,0.000036532780895180084
GFAP,GFAP_Glu207Lys,9.42206563976367,0.000031631999808865136
GFAP,GFAP_Glu210Lys,9.049351172804226,0.0000411658815542272
GFAP,GFAP_Glu371Gly,6.65725520575657,0.0002885825480447109
GFAP,GFAP_Glu371Val,14.517416804462783,1.7554473198056518e-6
GFAP,GFAP_Leu235Pro,3.882086782291023,0.006036705370782832
GFAP,GFAP_Leu352Pro,3.8688874494158108,0.006140508378271691
GFAP,GFAP_Leu357Pro,-11.875475794616754,6.819180930728242e-6
GFAP,GFAP_Leu90Pro,7.292666902154135,0.00016379081546565147
GFAP,GFAP_Lys236Thr,21.038334107079535,1.3787675657447656e-7
GFAP,GFAP_Lys279Glu,5.880708050023404,0.0006112793893613483
GFAP,GFAP_Met73Arg,-6.155169804411004,0.00046517778020351214
GFAP,GFAP_Met74Thr,11.21749930203508,9.984252478756173e-6
GFAP,GFAP_Pro47Leu,9.404740871763615,0.00003201525839438709
GFAP,GFAP_Tyr366Cys,5.486864477913057,0.000919248909293604
GLYCTK,GLYCTK_His490Tyr,-1.7946337233434593,0.21456358732320224
GLYCTK,GLYCTK_Phe493Cys,0.06944776080066856,0.946889931444792
GLYCTK,GLYCTK_Thr394Ile,-1.6387134173019449,0.17661564972851476
GMPPB,GMPPB_Pro22Ser,-4.833228331426284,0.0018924288056507705
GMPPB,GMPPB_Pro32Leu,-3.465553641884172,0.010468626539906972
GSS,GSS_Arg283Cys,-4.456102179455806,0.002949869052912466
GSS,GSS_Pro314Leu,-2.6889680992947755,0.031132224563825747
GYG1,GYG1_Ala16Thr,-2.7778346475071896,0.02738345978387095
GYG1,GYG1_Arg33Lys,-2.110827060513544,0.07269958694817495
HBD,HBD_Arg105Ser,-0.9461884442982403,0.3755606106714744
HBD,HBD_Asn13Lys,0.8950206344337868,0.4005034456682946
HBD,HBD_Asn58Lys,-0.8757300568494648,0.4148555786888393
HBD,HBD_Asp100Asn,-1.2571409597463021,0.25542226972023707
HBD,HBD_His147Arg,-3.0158475505286697,0.023522583412129188
HBD,HBD_Leu76Val,-0.9903269735978378,0.3602555040794068
HBD,HBD_Pro37His,-1.2280666110332756,0.25910854066663097
HGD,HGD_Ala48Ser,12.365365618389436,5.197767280001462e-6
HPRT1,HPRT1_Ala161Ser,-4.928856008019639,0.0016964732586691401
HPRT1,HPRT1_Arg45Lys,-5.953945704026018,0.0005678147818695581
HPRT1,HPRT1_Asp177Tyr,-5.60515368770377,0.000811563762493132
HPRT1,HPRT1_Asp194Asn,-3.838580145173584,0.006386290083210153
HPRT1,HPRT1_Asp194Glu,-3.7402558459527038,0.007260326131129516
HPRT1,HPRT1_Asp201Gly,-2.9013318575921954,0.022942310204039407
HPRT1,HPRT1_Asp80Val,-4.57874565028922,0.002547544817256803
HPRT1,HPRT1_Gly140Asp,-4.110261783463772,0.004514427237331229
HPRT1,HPRT1_Gly58Arg,-1.9702498497157637,0.0894582489637916
HPRT1,HPRT1_Gly70Glu,-2.2593792035052287,0.05838481218108747
HPRT1,HPRT1_Gly71Arg,-2.3630106639775676,0.050118820017109426
HPRT1,HPRT1_His204Asp,-5.961843496145388,0.0005633379836540948
HPRT1,HPRT1_Ile132Met,-0.8059220174477291,0.44679723851073494
HPRT1,HPRT1_Leu41Pro,-6.379206854630667,0.0003746288612318765
HPRT1,HPRT1_Met143Lys,-5.279510974274171,0.001148664188997487
HPRT1,HPRT1_Phe74Leu,-6.199699912443137,0.0004453838684497355
HPRT1,HPRT1_Pro176Leu,-4.908789016632405,0.001735650917346802
HPRT1,HPRT1_Ser104Arg,-2.6002535665647386,0.03541209001197951
HPRT1,HPRT1_Thr168Ile,-9.305764894531876,0.0007420399425857831
IER3IP1,IER3IP1_Leu78Pro,-9.661014936809098,0.000026842978858800617
IL10,IL10_Gly15Arg,8.04056282665112,0.004017370054196782
IL10,IL10_Phe129Tyr,7.379820873368098,0.00015201195942745466
IL2RG,IL2RG_Arg285Gln,2.441732825810578,0.04464532497924724
IL2RG,IL2RG_Ser108Pro,4.497876192984453,0.002805460770510915
IL2RG,IL2RG_Trp237Arg,3.5034964428883115,0.009946086842529322
IL36RN,IL36RN_Arg102Trp,3.6222953979679944,0.022311723904220936
IL36RN,IL36RN_Leu27Pro,-5.581339797606076,0.0008320579719402128
IL36RN,IL36RN_Lys35Arg,6.281474296431406,0.00041144496813919307
IL36RN,IL36RN_Thr123Arg,2.25732698016435,0.05856179608170124
IMPDH1,IMPDH1_Arg154Trp,8.55953958083079,0.000059049550803258625
IMPDH1,IMPDH1_Arg273Pro,-14.481854154709067,6.795012882443451e-6
IMPDH1,IMPDH1_Asp275Asn,3.7198031245494994,0.013714904446319584
IMPDH1,IMPDH1_Val317Ile,-16.914730375503332,2.7292721931659957e-6
IRAK4,IRAK4_Ala428Thr,-0.1309995855232846,0.9000576476345867
KCNJ2,KCNJ2_Ala115Val,-9.432619687770265,0.0025250797272813852
KCNJ2,KCNJ2_Ala70Ser,-10.986428921794298,0.000011470053454496197
KCNJ2,KCNJ2_Ala70Thr,-8.368497607040611,0.00006829613746988127
KCNJ2,KCNJ2_Arg189Ile,-7.077453253536692,0.00019754298289868883
KCNJ2,KCNJ2_Arg189Lys,-7.559888876143788,0.00013057833419096855
KCNJ2,KCNJ2_Arg260Pro,-8.70579641564557,0.00005292352306820285
KCNJ2,KCNJ2_Arg312His,-7.159382345274587,0.0001838472153596309
KCNJ2,KCNJ2_Arg325Cys,-8.440023477098878,0.00006465481110464331
KCNJ2,KCNJ2_Arg40Gln,-8.636042659048845,0.000055750639547486896
KCNJ2,KCNJ2_Arg40Pro,-6.8430419058378416,0.00024351682010287593
KCNJ2,KCNJ2_Arg67Gln,-6.229516215585242,0.0004326583513787383
KCNJ2,KCNJ2_Arg67Trp,-5.352693899688556,0.001061113120739426
KCNJ2,KCNJ2_Arg82Gln,-7.212378391930847,0.00017555849428902486
KCNJ2,KCNJ2_Asn318Ser,-9.48856530422557,0.000030208407573139585
KCNJ2,KCNJ2_Asn410Ser,-12.178449430924243,0.00001864312206376649
KCNJ2,KCNJ2_Asp172Asn,-12.881930287469418,0.000013455760338409254
KCNJ2,KCNJ2_Asp274Val,-9.119344410142844,0.0008021578499169315
KCNJ2,KCNJ2_Asp71Asn,-8.262074934866918,0.00042364174857400334
KCNJ2,KCNJ2_Asp71His,-8.492832161377482,0.00006210707779069315
KCNJ2,KCNJ2_Asp78Gly,-7.023678963393074,0.00020715582662022357
KCNJ2,KCNJ2_Cys76Gly,-5.19190227371166,0.0012642153283888167
KCNJ2,KCNJ2_Glu349Lys,-9.155414411112309,0.000038156691690901873
KCNJ2,KCNJ2_Gly206Ser,-9.86787403071705,0.00018220033391642997
KCNJ2,KCNJ2_Gly215Asp,-8.041546092841513,0.00019769743488395875
KCNJ2,KCNJ2_Gly300Asp,-6.86569825060178,0.0002385843406719489
KCNJ2,KCNJ2_His110Tyr,-14.988616901259004,5.5549117718297115e-6
KCNJ2,KCNJ2_Ile258Thr,-11.91841269903904,0.00007328243440698247
KCNJ2,KCNJ2_Ile269Lys,-9.14824133836275,0.00003835216103579579
KCNJ2,KCNJ2_Lys364Arg,-9.24380397919874,0.000035838379593973304
KCNJ2,KCNJ2_Met301Leu,-8.804877701523067,0.00004918227342870154
KCNJ2,KCNJ2_Met301Val,-7.146648109535148,0.00018590397538160538
KCNJ2,KCNJ2_Pro186Leu,-8.365792047244009,0.00006843835790887856
KCNJ2,KCNJ2_Pro415Leu,-11.155043064665254,0.0015439496395955894
KCNJ2,KCNJ2_Pro420Leu,-16.891202900842757,2.7517472676894144e-6
KCNJ2,KCNJ2_Thr139Ile,-8.853734008037584,0.000047448318608504804
KCNJ2,KCNJ2_Thr400Met,-7.807058211690513,0.00010648958914668755
KCNJ2,KCNJ2_Thr75Arg,-7.3571455886192245,0.00015498190320136873
KCNJ2,KCNJ2_Thr75Met,-2.8109349823383214,0.026110844987443194
KCNJ2,KCNJ2_Trp322Cys,-13.178013495524073,0.000011788665903362377
KCNJ2,KCNJ2_Tyr326Asn,-14.689208821503454,6.252226513108331e-6
KCNJ2,KCNJ2_Val295Ala,-2.8695333934370586,0.024008017675003716
KCNJ2,KCNJ2_Val302Met,-7.66123353795457,0.00012002658836591186
KCNJ2,KCNJ2_Val86Phe,-8.23954705365918,0.00007546229119282989
KCNJ2,KCNJ2_Val93Ile,-4.422038901288219,0.0030736936389455325
KCTD1,KCTD1_Ala30Glu,0.13398048759777362,0.8971886968071761
KCTD1,KCTD1_Gly62Asp,2.479125423672414,0.04226421615761194
KCTD1,KCTD1_His33Gln,-1.6871858384920217,0.13542697611402596
KCTD1,KCTD1_His33Pro,2.0563083541151905,0.07879329565118555
KCTD1,KCTD1_His74Pro,1.480295684637714,0.18233833731461171
KCTD1,KCTD1_Val248Ile,-0.171355112199828,0.8687928044164028
KCTD7,KCTD7_Arg184Cys,-2.666724026330321,0.03215204404189448
KCTD7,KCTD7_Arg94Trp,-4.250944388098348,0.0037887089292962975
KCTD7,KCTD7_Asn273Ile,6.847723969100887,0.0002424881663847539
KCTD7,KCTD7_Asp115Tyr,-6.293647651793544,0.0004066451255466811
KLHL3,KLHL3_Ala77Glu,-0.6466682650422227,0.5384641433414387
KLHL3,KLHL3_Cys164Phe,-2.7933053179504435,0.026780737090535155
KLHL3,KLHL3_Glu85Ala,0.06983943776114859,0.9462747350746504
KLHL3,KLHL3_Met78Val,-2.426284936892463,0.04566887836473067
KRAS,KRAS_Asp153Val,1.9062732019056778,0.09829495263619474
KRAS,KRAS_Gly12Asp,6.504027749209328,0.00033287040797068537
KRAS,KRAS_Gly12Val,7.386569839087916,0.00015114042618877112
KRAS,KRAS_Gly13Asp,2.6206139205304035,0.03437849113816
KRAS,KRAS_Gly60Arg,5.200356910662419,0.0012525185362658572
KRAS,KRAS_Gly60Ser,1.0463836155630009,0.33016491483243277
KRAS,KRAS_Ile36Met,6.974814863521124,0.00021634943402749327
KRAS,KRAS_Lys5Asn,3.404403617783895,0.01137409970321642
KRAS,KRAS_Met72Leu,4.235830569813894,0.0038601676600614906
KRAS,KRAS_Phe156Ile,4.60376764126087,0.0024731315942266253
KRAS,KRAS_Phe156Leu,0.6157222247118173,0.5575590131675932
KRAS,KRAS_Pro34Arg,11.210462647469498,0.000010026137401729719
KRAS,KRAS_Pro34Leu,4.76286831428778,0.0020526213309444738
KRAS,KRAS_Thr58Ile,1.3907484853397487,0.20691013190075047
KRAS,KRAS_Tyr71His,6.312032320641843,0.0003995147857415345
KRT2,KRT2_Asn186Tyr,-4.383265948577457,0.003221650401980458
KRT2,KRT2_Glu488Lys,-2.4781419133506017,0.04232514060262281
KRT2,KRT2_Gly219Asp,-0.21586432434796182,0.8352488152667831
KRT2,KRT2_Thr479Pro,-4.0570628685679635,0.004827485665441461
KRT4,KRT4_Glu449Lys,-5.916978976900192,0.0005893052616321075
KRT6A,KRT6A_Asn171Asp,-0.48214608949026555,0.6444123940983018
KRT6A,KRT6A_Asn171Ser,-1.7618945530850518,0.1214658397240208
KRT6A,KRT6A_Asn171Thr,-1.6832252540171624,0.13620800498370678
KRT6A,KRT6A_Gln166Pro,-2.3593798108868334,0.050387241272150426
KRT6A,KRT6A_Glu472Lys,-0.2960931742810265,0.7757502630811743
KRT6A,KRT6A_Ile178Asn,1.4009809936440478,0.2039598172502602
KRT6A,KRT6A_Ile462Asn,-1.7191055755539058,0.12928516070691123
KRT6A,KRT6A_Leu170Phe,-0.6890710264163521,0.512963590059473
KRT6A,KRT6A_Leu468Gln,-8.780638336945156,0.00012095709456318134
KRT6A,KRT6A_Leu468Pro,-3.9818200701297797,0.005311549154373383
KRT6A,KRT6A_Ser176Pro,-2.663320871756394,0.032311114707802756
KRT6A,KRT6A_Val523Phe,0.6091289984757887,0.5616791094039116
KRT8,KRT8_Arg454Cys,-2.806288355652267,0.026285681259809315
KRT8,KRT8_Gly434Ser,-3.3501945903138783,0.012247499744613153
KRT8,KRT8_Gly53Val,-3.5955392806129858,0.008791941766770507
KRT8,KRT8_Gly55Ala,-4.27596769249649,0.007893757097700774
KRT8,KRT8_Ile63Val,-3.191610276851581,0.01524248846242121
KRT8,KRT8_Tyr54His,-3.7940134393497074,0.006767385246733267
KRT83,KRT83_Glu407Lys,3.9676734001139375,0.0054083549590669775
LITAF,LITAF_Ala111Gly,-2.5364514968456664,0.03886491650816146
LITAF,LITAF_Ala129Val,-6.717380707757543,0.00027304552445477526
LITAF,LITAF_Arg160His,-6.547283213219834,0.0003196396981311092
LITAF,LITAF_Asn30Tyr,-6.242778782174291,0.00042712930396031156
LITAF,LITAF_Gly112Ser,-5.764422968882961,0.0006881493105575431
LITAF,LITAF_Gly130Ser,-10.251814771086906,0.00015171036904268717
LITAF,LITAF_Gly53Ala,2.909001617284054,0.022692811106958387
LITAF,LITAF_Ile92Val,-10.877090681355785,0.00003579279939659338
LITAF,LITAF_Phe136Leu,-8.83142734069076,0.00004823127077784761
LITAF,LITAF_Pro135Arg,-7.1884017522492165,0.00017925521052689682
LITAF,LITAF_Pro135Ser,-8.060881881650266,0.00008683909165211787
LITAF,LITAF_Pro135Thr,-6.519051980896145,0.00032820642013240304
LITAF,LITAF_Pro34Thr,-4.825308691468028,0.0019097492408311145
LITAF,LITAF_Pro39Ser,-6.324488724805087,0.000394763380092952
LITAF,LITAF_Pro51Ser,-7.07748862342447,0.00019753682760683753
LITAF,LITAF_Pro84Leu,-7.3275019128892405,0.00015896366554229608
LITAF,LITAF_Ser118Pro,-8.366677410488508,0.00006839178108840388
LITAF,LITAF_Ser15Leu,-6.765188608884936,0.00026136109239289536
LITAF,LITAF_Thr49Met,-1.8542112976441545,0.10610927972281554
LITAF,LITAF_Trp116Gly,-5.904753421411162,0.0005966116156558584
LITAF,LITAF_Val144Met,-8.170665952604368,0.00007963614086323366
LITAF,LITAF_Val81Met,-7.2435169261261,0.00017088507127259252
LMNA,LMNA_Ala43Thr,-4.1903998369062005,0.004084025769311878
LMNA,LMNA_Arg335Trp,-0.9255931267106533,0.385456246323218
LMNA,LMNA_Arg349Leu,4.167510144450547,0.00420217915215487
LMNA,LMNA_Arg377Leu,-1.7547994394249709,0.12273046621541059
LMNA,LMNA_Arg386Thr,-8.018250483099878,0.00008983232334729825
LMNA,LMNA_Arg41His,-7.249892521424595,0.00016994557101229237
LMNA,LMNA_Leu162Pro,-3.875594822687866,0.006087518771187429
MIP,MIP_Val107Ile,0.4151558290594912,0.6924646222215731
MIP,MIP_Val67Ile,-1.8964189323770835,0.10669828675129002
MLH1,MLH1_Ala160Val,3.4064537542491746,0.03198415055313528
MLH1,MLH1_Ala29Gly,5.173031892766325,0.002271107966662628
MLH1,MLH1_Ala586Asp,1.001708175396863,0.3610441211411195
MLH1,MLH1_Ala681Thr,5.119237788778971,0.01066370377561994
MLH1,MLH1_Ala681Val,7.008267716203624,0.0005601263425936824
MLH1,MLH1_Asn38His,2.153209144756885,0.08956615851719729
MLH1,MLH1_Asn38Lys,2.991831188562189,0.02767979312222204
MLH1,MLH1_Asp41His,3.1608771329808016,0.020059087344383206
MLH1,MLH1_Asp485Glu,2.2051431548020672,0.08172345500577577
MLH1,MLH1_Cys39Phe,6.438639057053914,0.0027379540192400127
MLH1,MLH1_Cys39Tyr,4.807357508084172,0.01025274744349554
MLH1,MLH1_Cys680Arg,4.956417600974616,0.006794732763806997
MLH1,MLH1_Gln701His,-5.967099305295643,0.0009980195938284041
MLH1,MLH1_Gly147Arg,4.607140351749304,0.00413635264400236
MLH1,MLH1_Gly244Asp,10.04679699758382,0.0012296792457387592
MLH1,MLH1_His318Gln,3.8761128242824814,0.013497525841029192
MLH1,MLH1_Ile36Asn,2.9675876342772,0.0517248758048115
MLH1,MLH1_Ile36Met,0.7410398284693778,0.5000185311856551
MLH1,MLH1_Leu582Val,8.974781488000671,0.00010725484540660186
MLH1,MLH1_Leu653Pro,-10.734438597506124,0.000044749698729109865
MLH1,MLH1_Lys618Arg,4.161399339808222,0.008366269761256174
MLH1,MLH1_Lys670Arg,7.2470515400976945,0.0005161937348697298
MLH1,MLH1_Lys751Arg,4.580791126958376,0.01420059163546255
MLH1,MLH1_Pro640Ser,3.6738980145640863,0.013040174260317644
MLH1,MLH1_Pro747Ser,3.404289272124167,0.022975299410004833
MLH1,MLH1_Ser295Thr,2.2017843598489595,0.07408554229284442
MLH1,MLH1_Ser44Phe,21.89975044169705,6.946037639713954e-7
MLH1,MLH1_Ser508Arg,2.2449853127368327,0.0916964290012796
MLH1,MLH1_Val185Gly,10.645651093034745,0.00004075618829613254
MLH1,MLH1_Val716Met,4.896121276959916,0.011227389057379569
MSRB3,MSRB3_Cys82Gly,6.947633895643252,0.0002216616542126423
MVK,MVK_Arg106His,0.12226415403688898,0.9066821219080287
MVK,MVK_Arg388Gln,3.051042136216359,0.022481835680768784
MVK,MVK_Asn205Asp,-2.243574173681957,0.06602181386218224
MVK,MVK_Asn301Thr,-8.691374189627426,0.0028771206093320765
MVK,MVK_Asp386Asn,0.5824646084424154,0.5814657236004488
MVK,MVK_Cys101Tyr,2.0959352238013294,0.0809312750045812
MVK,MVK_Gly211Ala,-9.983515685790447,0.0020833901276764524
MVK,MVK_His20Gln,-0.8433182505006981,0.4313798806098115
MVK,MVK_His20Pro,0.03470437475803143,0.9734412163853736
MVK,MVK_Ile119Met,-1.050915835595174,0.3337701814973851
MVK,MVK_Ile268Val,3.385311407048478,0.014760736154704232
MVK,MVK_Leu255Pro,-5.096848174746549,0.0022282921925745533
MVK,MVK_Leu41Pro,-5.466680692486507,0.0015627631450917676
MVK,MVK_Pro165Leu,1.704312912396428,0.13920824298965206
MVK,MVK_Pro167Leu,-1.7111546396069397,0.13789916235011368
MVK,MVK_Pro200Ser,-1.614663124850915,0.1575107908510435
MVK,MVK_Thr209Ala,-2.7894581234058715,0.031600105271187694
MVK,MVK_Thr243IIe,3.4641367782289145,0.016010001714004806
MVK,MVK_Val250Ile,2.112779790067788,0.07906844045906827
MVK,MVK_Val278Met,-1.0505539458188191,0.3339235589885275
MVK,MVK_Val5Ala,0.27598001585388854,0.7918226975449709
MVK,MVK_Val80Ile,-2.102677716517119,0.08018030114348859
MYOZ2,MYOZ2_Gln10Pro,-1.6344085858628334,0.15329101287488187
MYOZ2,MYOZ2_Ile246Met,-2.791967459093771,0.03149569313647958
MYOZ2,MYOZ2_Ser48Pro,-7.4616889803252695,0.00029885157111387065
NCF2,NCF2_Ala140Asp,-4.614029416568886,0.0036380515219400526
NCF2,NCF2_Arg188Lys,3.115484896578467,0.020703626713736305
NCF2,NCF2_Asn419Ile,2.2995448576399506,0.06113860031140704
NCF2,NCF2_Asn448Asp,2.485285989190333,0.04746424637764759
NCF2,NCF2_Asp108Val,-5.008736743267996,0.0024311142417926695
NCF2,NCF2_Asp93Glu,5.132023698194282,0.002152741134010475
NCF2,NCF2_Gly44Arg,-4.928983713504655,0.0026329035391278004
NCF2,NCF2_Val297Ala,4.8771285068212435,0.002774277697412804
NEXN,NEXN_Arg171Cys,2.583432013502824,0.04157720954839235
NEXN,NEXN_Tyr544Cys,5.6521655653557135,0.0013163595410135365
NFU1,NFU1_Gly208Cys,0.0785612052726153,0.9399361722915878
NMNAT1,NMNAT1_Arg207Trp,-0.1117152374501234,0.9146927730453014
NMNAT1,NMNAT1_Asn273Asp,2.3145207817473437,0.05989674221184999
NMNAT1,NMNAT1_Leu153Val,-1.9863446479225986,0.09419199939900881
NMNAT1,NMNAT1_Ser255Asn,-5.757665663598735,0.0011961277862459474
NR0B1,NR0B1_Arg267Pro,-2.904202319120123,0.02284859595793658
NR0B1,NR0B1_Arg425Ile,2.9010287184396475,0.0229522306916851
NR0B1,NR0B1_Asn440Ile,-13.25017921447267,3.26119895503705e-6
NR0B1,NR0B1_Trp105Cys,0.15780015570926564,0.8790698126754367
NR0B1,NR0B1_Tyr380Asp,-1.5435962479548846,0.16659629723884295
NR0B1,NR0B1_Val126Met,-10.9220398346027,0.000011927747770015788
NT5C3A,NT5C3A_Asp132Val,-8.98566501154752,0.00004310152825299491
NT5C3A,NT5C3A_Cys108Arg,-8.96323573581128,0.000043807608516811236
NT5C3A,NT5C3A_Gly202Arg,-9.144144752048776,0.00003846430341758221
NT5C3A,NT5C3A_Gly275Arg,-7.987869835813642,0.00009203653931660696
NT5C3A,NT5C3A_Phe31Leu,-10.177175248833102,0.00001905301893187018
PDGFRB,PDGFRB_Pro660Thr,1.4781644376539471,0.21343713287413202
PHYH,PHYH_Arg275Gln,-35.51464887414933,3.7517088409393162e-6
PHYH,PHYH_Arg275Trp,5.941501587545757,0.0005749496388855461
PHYH,PHYH_Gln176Lys,-5.22206250657336,0.0012230366765441918
PHYH,PHYH_Gly204Ser,7.222391021827159,0.0001740402261091567
PHYH,PHYH_Pro29Ser,0.5108757087955782,0.6251516298399118
PLP1,PLP1_Asp168His,-0.6924882247261163,0.5145243435190083
PLP1,PLP1_Cys193Tyr,-1.9500056292302779,0.09905819191830723
PLP1,PLP1_Gly186Cys,2.408310824824035,0.052694951013677195
PLP1,PLP1_Gly74Arg,-3.3431590308634496,0.015550671516452385
PLP1,PLP1_Ile152Thr,1.8984762806509001,0.10639436276151375
PLP1,PLP1_Leu189Pro,0.16404972356973752,0.8750787577298375
PLP1,PLP1_Pro181Ser,1.2516166005903047,0.2572938392576706
PLP1,PLP1_Ser135Phe,1.18866375397519,0.2794805144550127
PLP1,PLP1_Thr121Ile,-0.9054757068433557,0.40011125513177814
PLP1,PLP1_Thr147Pro,-1.5260095133770324,0.17785664806047882
PLP1,PLP1_Thr43Ile,1.3245372107326092,0.2335386585304562
PLP1,PLP1_Trp128Arg,-4.10323946156604,0.006334267114378663
PLP1,PLP1_Val184Phe,0.4864102778321038,0.6439315990666966
PMP22,PMP22_Ala135Thr,-2.7683104595440664,0.03249495750696243
PMP22,PMP22_Arg157Gly,-3.9285857536014195,0.007725297008652126
PMP22,PMP22_Arg157Trp,-2.6713764594901512,0.036958657970073416
PMP22,PMP22_Cys109Arg,-8.05253499061651,0.00019620373370660507
PMP22,PMP22_Gly150Cys,-8.218362637597107,0.0037708382431070452
PMP22,PMP22_His51Arg,-0.6259914256962444,0.5543714559679942
PMP22,PMP22_Leu16Pro,-7.896223386006083,0.0002187377074570815
PMP22,PMP22_Leu80Pro,-6.8766276761086615,0.0004662989148504632
PNKP,PNKP_Glu326Lys,-7.153853174029553,0.0001847370909274067
PNPO,PNPO_Arg116Gln,-11.972822080281341,0.00002057573248649986
PNPO,PNPO_Arg95Cys,-6.243156250110437,0.0007822670787410065
PNPO,PNPO_Arg95His,-13.814929416589461,8.95179095881169e-6
POLR1C,POLR1C_Arg279Gln,-3.922464657720056,0.00777989101495652
POLR1C,POLR1C_Arg279Trp,-0.38691774267141016,0.712167983961193
POMT1,POMT1_Ala200Pro,-8.048665836382808,0.00019672817111375787
POMT1,POMT1_Ala647Thr,-3.4289439080030477,0.013989295014215437
POMT1,POMT1_Asn144Asp,-2.5687609673126324,0.04240564301053855
POMT1,POMT1_Ser515Arg,0.12041559084418327,0.9080850469022732
POMT1,POMT1_Thr392Met,-2.0824091498060686,0.08245952069710542
PRKAR1A,PRKAR1A_Arg335Pro,-6.962871906323263,0.0004358740947787644
PRKAR1A,PRKAR1A_Arg74His,-1.0599056952989974,0.3299784889551478
PRPS1,PRPS1_His193Gln,2.3655568898206285,0.04993145440648754
PRPS1,PRPS1_Leu129Ile,-6.712997113507974,0.00027414595112879145
PSAP,PSAP_Met76Lys,-3.132002056451191,0.02027293307704646
PYGL,PYGL_Asn339Ser,2.9185559063932134,0.026681417875676332
PYGL,PYGL_Asn632Ile,-7.072945017375623,0.0004002995170198686
PYGL,PYGL_Asp629Tyr,-3.524840235678668,0.012445294091393036
PYGL,PYGL_Asp634His,-6.48092393869461,0.0006412163517579442
PYGL,PYGL_Leu739Met,-4.224494108579817,0.005533698980619977
PYGL,PYGL_Lys681Thr,-5.98941003039465,0.0009735152660662073
PYGL,PYGL_Pro382Leu,-6.479572687782734,0.000641930928428657
PYGL,PYGL_Ser675Thr,-2.4001151813208272,0.05328651406946545
PYGL,PYGL_Thr586Met,-5.156022308371331,0.0021028653191571354
PYGL,PYGL_Thr59Met,-0.7431594928601671,0.4854547681542719
PYGL,PYGL_Tyr821His,-6.208675573533769,0.0008055409959924208
PYGL,PYGL_Val456Met,-2.455623119640176,0.049412102399134294
RAB33B,RAB33B_Lys46Gln,1.7709334176907305,0.12695988999497404
RAD51D,RAD51D_Ala231Ser,15.706224815942017,1.0267282885890885e-6
RAD51D,RAD51D_Arg55Trp,-0.6516104897040342,0.5354521334844586
RAD51D,RAD51D_Asn138His,10.652301864900743,0.000014084472813108453
RAD51D,RAD51D_Cys9Ser,5.444910176636157,0.0009611984439907118
RAD51D,RAD51D_Glu233Gly,-22.26053493041938,9.334055407083976e-8
RAD51D,RAD51D_Glu307Lys,0.8497515553009464,0.4235704158061365
RAD51D,RAD51D_Gly289Ser,4.424250910670517,0.0030654811896686845
RAD51D,RAD51D_His23Arg,5.8691667067277065,0.0006184625812000529
RAD51D,RAD51D_Ile17Val,15.438748804892427,1.1544372823221078e-6
RAD51D,RAD51D_Ile251Val,4.73346535387811,0.0021239643067238714
RAD51D,RAD51D_Met308Val,14.967472002836823,1.4261030216509061e-6
RAD51D,RAD51D_Phe305Leu,3.733061609886038,0.033504115466645654
RAD51D,RAD51D_Ser46Cys,2.61629208398007,0.03459523845265817
RAD51D,RAD51D_Thr328Ile,18.307890143801558,3.5923133391567124e-7
RAD51D,RAD51D_Val132Ile,11.407170550504395,8.926785329176513e-6
RAD51D,RAD51D_Val28Leu,11.911894475594515,6.680577611790558e-6
RAD51D,RAD51D_Val56Gly,6.150467942611997,0.00046732469968957475
RAD51D,RAD51D_Val66Leu,1.7405392471192878,0.12531028330572558
RAD51D,RAD51D_Val66Met,9.486270453812256,0.00003025630828943128
RET,RET_Arg313Gln,5.8231339538018,0.0006480669481361119
RET,RET_Arg330Gln,12.792825715139873,4.1342425315877565e-6
RET,RET_Arg67His,6.886187755373604,0.0002342201970283017
RET,RET_Gly321Arg,6.221935624960898,0.00043585464276858364
RET,RET_Leu56Met,4.176807048731463,0.004153743658106803
RET,RET_Pro64Leu,8.469985626960886,0.00006319510150519935
RET,RET_Thr278Asn,6.503086124471587,0.00033316518625512326
RET,RET_Thr338Ile,2.2743462514220494,0.05711032904998553
RET,RET_Val262Ala,4.814403588905587,0.0019338869466561507
RET,RET_Val292Met,5.126137385468295,0.0013594595445485806
RHO,RHO_Arg135Leu,-16.56586795614291,7.132389771413138e-7
RHO,RHO_Arg135Trp,-16.193593012622983,8.332379341880668e-7
RHO,RHO_Asp190Gly,-16.30915772533287,7.936833693923803e-7
RHO,RHO_Cys110Tyr,-13.627094674258373,2.697354088123665e-6
RHO,RHO_Pro267Thr,-11.95420622579369,6.523550915399581e-6
RNF135,RNF135_Arg286His,25.371617146548246,2.469658451830779e-7
RP2,RP2_Arg118His,0.5810198190429113,0.5823784172769723
RP2,RP2_Arg118Leu,-9.898165484059431,0.00006139926634021877
RP2,RP2_Arg282Trp,2.575588827816557,0.04201793440740143
RP2,RP2_Cys86Tyr,-12.037445772350614,0.000019944330483800185
RP2,RP2_Leu253Arg,-11.480221300386576,0.00002623136676296271
RPS19,RPS19_Arg101His,-2.3751250467398184,0.049233749168006886
RPS19,RPS19_Arg62Trp,-2.5644722198235086,0.03730742779147683
RPS19,RPS19_Gly127Glu,-7.085159878747123,0.00019620691459792407
RPS19,RPS19_Val15Phe,-5.512693220591865,0.0008944402490659259
SDC3,SDC3_Val136Ile,-0.8269675877107471,0.439897216595696
SERPINF1,SERPINF1_Thr72Met,0.006258223191355981,0.9952095822577933
SFTPA2,SFTPA2_Ala91Pro,-46.57277132200688,0.00046071847195148466
SFTPA2,SFTPA2_Gln223Lys,-8.756770765949785,0.00005096002109843361
SFTPA2,SFTPA2_Gly231Val,-10.83700909576238,0.00001256429052883404
SFTPA2,SFTPA2_Phe198Ser,7.478195658513474,0.0001398487658267689
SFTPB,SFTPB_Ala280Thr,2.4753489848530217,0.04810760058816023
SFTPC,SFTPC_Ala116Asp,8.087494943624694,0.0001915375630245801
SFTPC,SFTPC_Arg167Gln,-0.09165165815450613,0.92995818619684
SFTPC,SFTPC_Glu66Lys,2.8141875175972517,0.03058714115475434
SFTPC,SFTPC_Ile73Thr,18.027729750948648,1.8741227835675628e-6
SFTPC,SFTPC_Leu188Gln,6.088971154804326,0.0008927191342843871
SFTPC,SFTPC_Leu194Pro,3.698315875506528,0.01010853706835708
SFTPC,SFTPC_Val39Leu,4.145351267304064,0.006042377721273346
SFTPC,SFTPC_Val48Met,2.8673599802978953,0.028525472453154
SH3BP2,SH3BP2_Arg415Gln,1.3617376471376808,0.21548153077278728
SH3BP2,SH3BP2_Pro418Arg,3.4364192441726806,0.010889945713046564
SH3BP2,SH3BP2_Pro418His,1.449296435855767,0.19053035441043248
SH3BP2,SH3BP2_Pro418Leu,0.7893349098370622,0.4558156763267066
SHOC2,SHOC2_Asn527Ser,0.20276145613265212,0.8450890466178026
SHOC2,SHOC2_Gln269Arg,4.883717454830403,0.001786015443663744
SHOC2,SHOC2_Glu13Ala,-0.28172720498089715,0.7862994852852394
SHOC2,SHOC2_Glu25Gly,4.4494150343610945,0.002973737450232932
SHOC2,SHOC2_Gly53Arg,4.502630598472021,0.002789525522662503
SHOC2,SHOC2_Ile112Thr,2.63387004383908,0.03372243975123364
SHOC2,SHOC2_Leu174Phe,-1.9936040449264232,0.08643071743388651
SHOC2,SHOC2_Met173Val,5.87423967430277,0.0006152936639761048
SHOC2,SHOC2_Ser2Gly,10.615593920721482,0.000014410874200003568
SHOC2,SHOC2_Ser403Gly,9.153768286343025,0.00003820144936004182
SHOC2,SHOC2_Ser4Arg,-0.3869856389427147,0.7102627631544373
SHOC2,SHOC2_Ser57Phe,3.471311167785418,0.010387464454151103
SHOC2,SHOC2_Thr205Ala,2.8298723604947678,0.025410841904029143
SHOC2,SHOC2_Thr321Ala,0.8489421917934489,0.4239913700374365
SIX1,SIX1_Tyr129Cys,-0.1452995512863688,0.8936874987291858
SMAD1,SMAD1_Val3Ala,-7.001596378576487,0.00021125499753558213
SMAD3,SMAD3_Arg268Cys,2.24237454366654,0.059867790123590385
SMAD3,SMAD3_Arg279Lys,0.7604721010787892,0.4718055657671063
SMAD3,SMAD3_Arg287Gln,-8.376274903798613,0.013955084837946118
SMAD3,SMAD3_Arg323His,-1.518931518600108,0.17257613666458632
SMAD3,SMAD3_Arg373Cys,5.16436287300926,0.0013031657787874887
SMAD3,SMAD3_Arg385Gly,9.972560684107847,0.000021785203511700543
SMAD3,SMAD3_Arg385Thr,0.4984323639491137,0.6334565671975789
SMAD3,SMAD3_Asn197Ile,3.0403800009346194,0.018836824426179517
SMAD3,SMAD3_Asn59Asp,3.373375292684293,0.011865497616504224
SMAD3,SMAD3_Asp258His,2.3192282572353684,0.05345518046194338
SMAD3,SMAD3_Asp408His,0.5439409295430071,0.6033672626480533
SMAD3,SMAD3_Cys109Tyr,-9.073728904325469,0.00004045115603066194
SMAD3,SMAD3_Gln316Pro,-3.0920704478274077,0.01751602846947296
SMAD3,SMAD3_Glu239Lys,-5.955802773732779,0.0005667585482063913
SMAD3,SMAD3_Glu284Gln,-3.572411216021045,0.009067643885151256
SMAD3,SMAD3_Gly272Arg,-5.699155434000633,0.0007359925629805637
SMAD3,SMAD3_Ile170Val,-4.374765143493405,0.0032551267049125833
SMAD3,SMAD3_Ile87Thr,4.319627402971182,0.003481777144754108
SMAD3,SMAD3_Leu219Phe,1.2086190041400147,0.26604708006345956
SMAD3,SMAD3_Leu274Pro,-9.170721393916347,0.00003774333072265404
SMAD3,SMAD3_Leu308Phe,4.5668434089473875,0.00258380578753157
SMAD3,SMAD3_Met212Ile,2.2246118111338866,0.06145756951413486
SMAD3,SMAD3_Met255Arg,-6.037355516228896,0.0005224730124385514
SMAD3,SMAD3_Pro124Leu,-9.96873521079303,0.00002184035616898463
SMAD3,SMAD3_Pro263Ala,4.184213499080056,0.00411559526125494
SMAD3,SMAD3_Ser355Leu,-1.0604497206607824,0.3241527331068874
SMAD3,SMAD3_Ser423Arg,1.543787320475978,0.1665507242499125
SMAD3,SMAD3_Trp232Cys,-8.9075118078757,0.00004561919897968452
SMAD3,SMAD3_Trp94Leu,-6.259766554982291,0.0004201626132551611
SMAD3,SMAD3_Tyr364Cys,3.201914101190838,0.015025810230554514
SMAD3,SMAD3_Val294Met,-4.2644660299677355,0.0037260080236509456
SMAD3,SMAD3_Val410Phe,-3.395444075298744,0.011513704046458148
SMARCB1,SMARCB1_Arg37His,-8.551281258331217,0.00005941867786515066
SMARCB1,SMARCB1_Pro48Leu,-10.576203953651195,0.000014770710563186553
SMN2,SMN2_Gly287Arg,7.285344356207165,0.0003406767945172159
SNIP1,SNIP1_Ala174Val,2.157719608514461,0.07431032960438769
SNIP1,SNIP1_Arg116Gln,3.333133640961233,0.015745313453144786
SOS2,SOS2_Pro1318Ser,9.648726316236788,0.000027068206037967004
SOS2,SOS2_Val869Ile,24.562323565003886,4.723899389812003e-8
STAR,STAR_Arg182His,0.9520441911357009,0.37783495437030595
STAR,STAR_Arg182Leu,2.6102493962633844,0.03490067336855352
STAR,STAR_Arg188Cys,1.8310257405557746,0.10978015100537969
STAR,STAR_Val187Met,6.002703528384647,0.0005407986028496277
STXBP1,STXBP1_Arg190Gln,-2.0024499667483844,0.12586892974607586
STXBP1,STXBP1_Arg190Trp,-5.3071788365842565,0.0024371227368281353
STXBP1,STXBP1_Arg235Gln,-0.47738516330634656,0.65172733235604
STXBP1,STXBP1_Arg292Cys,4.303051540678131,0.006249290473035736
STXBP1,STXBP1_Arg305Gln,7.478301151547295,0.003755375514307836
STXBP1,STXBP1_Arg406Cys,1.510952086271115,0.20705410285859813
STXBP1,STXBP1_Arg406His,1.8434611231441664,0.14804845799604532
STXBP1,STXBP1_Arg406Leu,-3.055039355755514,0.0454352998942487
STXBP1,STXBP1_Arg505His,4.820115611882517,0.0030068690071367856
STXBP1,STXBP1_Arg551Leu,3.1883209939145867,0.01996790241782723
STXBP1,STXBP1_Asn548Asp,5.180346609580426,0.012192814273174715
STXBP1,STXBP1_Asp207Asn,9.973605193016033,0.0018894455405780394
STXBP1,STXBP1_Asp238Glu,-0.5947358521257119,0.5763619526281532
STXBP1,STXBP1_Cys354Arg,1.6389249410146818,0.1741571662008298
STXBP1,STXBP1_Glu12Asp,6.028887569710568,0.001143634608831771
STXBP1,STXBP1_Gly417Asp,3.8070101674254255,0.008907241729807567
STXBP1,STXBP1_Gly544Asp,-21.145338276251536,0.00012106943325267595
STXBP1,STXBP1_His245Arg,3.7368282901525935,0.011984949661646009
STXBP1,STXBP1_Leu183Pro,6.371030588525789,0.0010579564598159074
STXBP1,STXBP1_Leu256Pro,5.665126332473892,0.003638772028284602
STXBP1,STXBP1_Leu365Phe,-12.821095827698102,0.00012778321039763241
STXBP1,STXBP1_Leu426Pro,-1.5078355709318514,0.18961300457203145
STXBP1,STXBP1_Lys196Arg,6.958411493154237,0.000644314819916828
STXBP1,STXBP1_Lys333Glu,1.9251870349568507,0.14265440554848244
STXBP1,STXBP1_Met443Arg,3.7372807909403574,0.010981315562970427
STXBP1,STXBP1_Pro335Leu,9.151272972702872,0.0005481800236473813
STXBP1,STXBP1_Pro462Leu,12.053936937018873,0.00013563099743476158
STXBP1,STXBP1_Pro480Leu,4.178558565050222,0.0242495328227249
STXBP1,STXBP1_Pro94Leu,6.200176998562977,0.0022535439007653132
STXBP1,STXBP1_Thr419Met,10.358014385938802,0.00008459298063970691
STXBP1,STXBP1_Tyr411His,4.7399371218162205,0.003520255120862508
STXBP1,STXBP1_Val451Ile,7.457566703578178,0.0008781425271589109
SUCLA2,SUCLA2_Pro230Ser,1.987887064937674,0.08716238302569318
TAT,TAT_Arg119Trp,-12.508170557330867,4.811203854159565e-6
TAT,TAT_Leu273Pro,-11.993248690830988,6.382369844256459e-6
TAT,TAT_Pro220Ser,-8.01274343398583,0.00009022741450031813
TH,TH_Ala226Thr,0.2893401791327033,0.7807029625009914
TH,TH_Arg133His,1.9874677789680049,0.08721628323193416
TH,TH_Arg306His,1.40063945631792,0.20405768496830293
TH,TH_Arg89Arg,0.8208673592948769,0.4387786459794377
TH,TH_Asp267His,1.2102140385806945,0.2654721567061765
TH,TH_Gln381Lys,1.978949554851517,0.08831845397167422
TH,TH_Gln39Glu,-4.085160320259392,0.006464396393119068
TH,TH_Glu27Asp,2.0346383572093845,0.08135403949193426
TH,TH_Ile209Met,1.6941797558759542,0.1340580881799616
TH,TH_Ile219Thr,1.1002112623446698,0.30763029962094757
TH,TH_Leu205Pro,0.4273847222498991,0.6819383621388471
TH,TH_Pro2Leu,-4.723968196219957,0.00214759086819682
TH,TH_Thr283Met,-2.891171829334298,0.06295289551356618
TH,TH_Thr7Pro,-2.436212621616534,0.04500835284713338
TH,TH_Val136Met,2.6310360235206405,0.03386159381365235
TH,TH_Val468Met,-0.38501068777462477,0.7116605780655311
THAP1,THAP1_Gly9Cys,-0.7913274430450096,0.458883393551512
THAP1,THAP1_His23Pro,-1.8893374470851045,0.10775104261347436
THAP1,THAP1_Lys24Glu,0.2512585383558699,0.8099980994258859
THAP1,THAP1_Lys89Arg,0.09874591266794083,0.9245564031208309
THAP1,THAP1_Val193Ile,0.9928469404471113,0.3591214089859328
TMEM43,TMEM43_Ala366Thr,-1.6973069844314068,0.13345024891960428
TMEM43,TMEM43_Arg220Cys,-3.0611119375029965,0.018294786893457534
TMEM43,TMEM43_Arg28Trp,-6.157225873618944,0.00046424243219447375
TMEM43,TMEM43_Arg299Thr,-1.372044237594452,0.2124011040711718
TMEM43,TMEM43_Arg312Trp,7.94320227335957,0.00009538912690862805
TMEM43,TMEM43_Glu85Lys,-9.844613062142878,0.0005971147676878785
TMEM43,TMEM43_NA,4.674462993561839,0.0022755496117402275
TMEM43,TMEM43_Thr277Ser,9.759789785497235,0.00002510783151390775
TMEM43,TMEM43_Tyr371His,1.8728863305107686,0.10323921170490166
TPK1,TPK1_Asn50His,5.835400153705977,0.0006400264248074026
TPM1,TPM1_Ala166Thr,-2.080031472393108,0.07608160258944861
TPM1,TPM1_Ala22Thr,6.245052533518093,0.00042618937386411696
TPM1,TPM1_Ala239Thr,0.618457376504975,0.5558551257471499
TPM1,TPM1_Ala277Val,2.090950636351452,0.07486487102691351
TPM1,TPM1_Ala63Val,-1.956248326189928,0.09132308392801394
TPM1,TPM1_Arg160His,1.0777014711499617,0.31689857007862826
TPM1,TPM1_Asn279His,-11.688566863564922,7.58403352391289e-6
TPM1,TPM1_Asp230Asn,1.535441225304801,0.16855207613280798
TPM1,TPM1_Glu180Gly,-14.98916123932391,0.00011541546183685861
TPM1,TPM1_Glu180Val,-2.0955773008345604,0.07435518205336536
TPM1,TPM1_Glu23Gln,1.15056481179027,0.28769417959142163
TPM1,TPM1_Glu40Lys,1.1531840384253698,0.28668694463086947
TPM1,TPM1_Glu54Lys,-1.6984010650631705,0.1332382084783132
TPM1,TPM1_Ile172Thr,4.108141707106182,0.004526468852031758
TPM1,TPM1_Ile92Thr,0.7881185326732272,0.4564819386279312
TPM1,TPM1_Leu185Arg,0.403454404653314,0.6986536137516388
TPM1,TPM1_Lys15Asn,4.5907440163169015,0.002511558717612171
TPM1,TPM1_Lys248Glu,-0.5142726657970974,0.6228944664464573
TPM1,TPM1_Lys37Glu,-2.651897879522344,0.03285107335944609
TPM1,TPM1_Met281Thr,0.43038599168037645,0.6798551827761226
TPM1,TPM1_Met8Arg,1.1993508191598503,0.269408544858408
TPM1,TPM1_NA,-5.190001603833713,0.0012668615519520103
TPM1,TPM1_Ser215Leu,-1.4247055570211626,0.1972631245910882
TPM1,TPM1_Val95Ala,-0.26970892828596554,0.7951619901027142
TPM3,TPM3_Ala4Val,5.244804778119177,0.001192972261279796
TTPA,TTPA_Ala120Thr,-1.8070101649951231,0.1137115511288478
TTPA,TTPA_Arg192His,-0.9040589478421441,0.39601040059311454
TTPA,TTPA_Glu141Lys,-6.421010583395096,0.00036002186446142516
TTPA,TTPA_Gly246Arg,-6.111545828473829,0.0004855294914472492
TTPA,TTPA_Leu183Pro,-6.393895152755269,0.007748081961189466
UBQLN2,UBQLN2_Pro497Ser,-1.6963369648282527,0.13363851228672782
UBQLN2,UBQLN2_Pro509Ser,0.5056170009530666,0.628654377368566
UBQLN2,UBQLN2_Pro525Ser,-0.23644084648431227,0.8198602344148035
WRAP53,WRAP53_Arg68Gly,-1.1915826542167927,0.272253393624795
ZC4H2,ZC4H2_Ala157Thr,9.593570090277995,0.000028105857841895354
ZC4H2,ZC4H2_Ala162Thr,8.395631701605742,0.0000668881355903243
ZC4H2,ZC4H2_Ala200Thr,7.059848916684998,0.00020063357271856742
ZC4H2,ZC4H2_Arg18Lys,7.618121131716513,0.00012439311242996078
ZC4H2,ZC4H2_Arg198Gln,7.053550426742774,0.0002017525172681343
ZC4H2,ZC4H2_Arg211Trp,7.731852774534217,0.00011324258461463719
ZC4H2,ZC4H2_Arg213Trp,5.315249216584618,0.001104943707691982
ZC4H2,ZC4H2_Ile7Val,6.065888508703813,0.0005079045702971349
ZC4H2,ZC4H2_Leu66His,5.090199097323906,0.0014148589207405259
ZC4H2,ZC4H2_Lys217Arg,-0.4673650531179406,0.6544384299817575
ZMYND10,ZMYND10_Arg243Cys,4.949424323375947,0.00257943290081379
