allele_0,Altered_Morph_95_batch15,Altered_Morph_95_batch16,Altered_Morph_95_both_batches,Altered_Morph_95_any_batches,Altered_Morph_99_batch15,Altered_Morph_99_batch16,Altered_Morph_99_both_batches,Altered_Morph_99_any_batches,AUROC_batch15,AUROC_batch16,AUROC_Mean
KCNJ2_Tyr326Asn,1,1,true,true,0,1,false,true,0.8697733775742272,0.9768434421589106,0.9233084098665689
LITAF_Phe136Leu,1,0,false,true,0,0,false,false,0.868366389343576,0.6658017152046146,0.7670840522740954
TPM1_Ala22Thr,0,1,false,true,0,1,false,true,0.7999036579635828,0.9160941660734059,0.8579989120184943
FKBP6_Arg202His,1,1,true,true,0,1,false,true,0.8638957637477613,0.9836543420704196,0.9237750529090905
TPM1_NA,1,1,true,true,0,1,false,true,0.8550528524864324,0.9216407349085566,0.8883467936974945
KCNJ2_Ala70Ser,1,1,true,true,1,1,true,true,0.9419886461112964,0.9147340330677141,0.9283613395895052
LITAF_Trp116Gly,0,1,false,true,0,0,false,false,0.6555694868578148,0.8137810194250935,0.7346752531414542
SMAD3_Arg287Trp,0,0,false,false,0,0,false,false,0.7762850385579042,0.61202618079196,0.6941556096749322
CDKN1A_Asp149Gly,0,1,false,true,0,1,false,true,0.6905786157646419,0.9447984195967285,0.8176885176806852
SMAD3_Asn59Asp,0,0,false,false,0,0,false,false,0.46973438230598774,0.48894467005201037,0.47933952617899905
GFAP_Ala364Pro,0,1,false,true,0,0,false,false,0.6432957110784593,0.846317844757407,0.7448067779179331
COQ8A_Gly272Asp,1,1,true,true,1,1,true,true,0.9459712440417799,0.9032439948818042,0.924607619461792
GFAP_Arg79Cys,0,0,false,false,0,0,false,false,0.6694871887131016,0.7262545982480892,0.6978708934805955
BFSP2_Arg339His,0,1,false,true,0,1,false,true,0.7061654890745617,0.9454217268325957,0.8257936079535787
GFAP_Glu205Lys,0,1,false,true,0,1,false,true,0.6582085563412334,0.8958833556309038,0.7770459559860686
LITAF_Val81Met,0,1,false,true,0,0,false,false,0.699966749433018,0.8509902901254975,0.7754785197792577
SMAD3_Val410Phe,0,1,false,true,0,0,false,false,0.7603281679336595,0.7767042727608954,0.7685162203472775
SMAD3_Leu219Phe,0,0,false,false,0,0,false,false,0.6302439010615397,0.5903369010771873,0.6102904010693635
SMAD3_Met212Ile,0,1,false,true,0,0,false,false,0.6266287854162683,0.8285041828355795,0.727566484125924
TPM1_Asn279His,0,1,false,true,0,1,false,true,0.8160517897561643,0.8783643340494642,0.8472080619028143
SMAD3_Trp232Cys,0,1,false,true,0,1,false,true,0.7372024401329018,0.8971639189841584,0.81718317955853
PNKP_Glu326Lys,0,1,false,true,0,0,false,false,0.5680760648980201,0.8048409749417816,0.6864585199199009
CDKN1A_Ser31Arg,0,0,false,false,0,0,false,false,0.5806503934754808,0.4962973702216739,0.5384738818485774
SMAD3_Gly272Arg,0,0,false,false,0,0,false,false,0.6430978095228128,0.5357388552391005,0.5894183323809566
SFTPA2_Gly231Val,0,0,false,false,0,0,false,false,0.6138526974346604,0.3862575737335605,0.5000551355841105
COQ8A_His80Tyr,0,1,false,true,0,0,false,false,0.8337873774445097,0.8384738391697361,0.8361306083071229
NR0B1_Arg425Ile,0,0,false,false,0,0,false,false,0.6045614329148746,0.5716386832332493,0.588100058074062
SMAD3_Asp408His,0,1,false,true,0,0,false,false,0.8079760055264154,0.7915197991006466,0.799747902313531
TPM1_Ala166Thr,0,0,false,false,0,0,false,false,0.6643570571003965,0.7132330136711458,0.6887950353857711
GFAP_Leu357Pro,0,0,false,false,0,0,false,false,0.5367716208132889,0.5344389475294234,0.5356052841713561
SMAD3_Ser423Arg,0,0,false,false,0,0,false,false,0.6289467932295186,0.7658053072334863,0.6973760502315025
KCNJ2_Ala70Thr,1,1,true,true,1,1,true,true,0.9546172594904101,0.9814552410519573,0.9680362502711837
NR0B1_Tyr380Asp,0,0,false,false,0,0,false,false,0.720095853180353,0.5395513234459177,0.6298235883131353
GFAP_Arg239Pro,0,1,false,true,0,0,false,false,0.6751983748268053,0.7865741659470828,0.7308862703869441
KCNJ2_Thr139Ile,0,1,false,true,0,0,false,false,0.5882200466593437,0.828387038041712,0.7083035423505278
LITAF_Pro135Thr,0,0,false,false,0,0,false,false,0.6512755585744208,0.5582465494055496,0.6047610539899853
MSRB3_Cys82Gly,1,1,true,true,0,1,false,true,0.8772484520830615,0.9483285651077712,0.9127885085954164
TPM1_Leu185Arg,0,0,false,false,0,0,false,false,0.7684275012466413,0.5658444648327824,0.6671359830397119
CCBE1_Gly136Arg,0,0,false,false,0,0,false,false,0.5257859256347412,0.5737025684457476,0.5497442470402445
APOA1_Trp74Arg,,1,true,true,,1,true,true,,0.9249960512098406,0.9249960512098406
SMAD3_Arg279Lys,0,0,false,false,0,0,false,false,0.7821620140122802,0.7240629078135816,0.7531124609129309
GFAP_Lys279Glu,0,1,false,true,0,0,false,false,0.7692433184991516,0.8353883449855157,0.8023158317423337
TPM1_Lys15Asn,0,1,false,true,0,0,false,false,0.7008373572428692,0.8634913799400943,0.7821643685914818
KCNJ2_Thr400Met,0,1,false,true,0,0,false,false,0.7698753252669446,0.842975837914228,0.8064255815905863
LITAF_Asn30Tyr,0,1,false,true,0,0,false,false,0.5345521154694749,0.808131098056955,0.671341606763215
BFSP2_Ala407Asp,1,1,true,true,0,0,false,false,0.8781623065888682,0.783777558420274,0.8309699325045711
TPM1_Arg160His,0,1,false,true,0,0,false,false,0.683563133734203,0.824575107558295,0.754069120646249
PHYH_Arg275Trp,0,0,false,false,0,0,false,false,0.483897660523332,0.4966168439381211,0.4902572522307266
KCNJ2_Arg40Gln,1,1,true,true,1,1,true,true,0.9729839025185448,0.9740586059948565,0.9735212542567007
GFAP_Glu371Gly,0,1,false,true,0,0,false,false,0.687509264172898,0.8199401862972516,0.7537247252350748
KCNJ2_Met301Leu,1,1,true,true,0,0,false,false,0.8985445455218691,0.8640854188087698,0.8813149821653194
SMAD3_Arg268Cys,0,0,false,false,0,0,false,false,0.4333050099730048,0.5071055704771478,0.4702052902250763
PHYH_Pro29Ser,0,0,false,false,0,0,false,false,0.46411385084364676,0.5734559522814136,0.5187849015625301
LITAF_Ala111Gly,0,0,false,false,0,0,false,false,0.7016378830376792,0.5055143575577683,0.6035761202977237
LITAF_Gly53Ala,0,0,false,false,0,0,false,false,0.6821188629484839,0.7572445266356292,0.7196816947920566
HGD_Ala48Ser,1,1,true,true,0,1,false,true,0.9066897696488869,0.8794361159056671,0.8930629427772769
NR0B1_Asn440Ile,0,0,false,false,0,0,false,false,0.7971384034959041,0.45109599126528827,0.6241171973805962
TPM1_Glu180Gly,0,1,false,true,0,1,false,true,0.8154310885733096,0.9252414031112961,0.8703362458423028
IL36RN_Thr123Arg,0,1,false,true,0,0,false,false,0.7906794011926603,0.8706039969572357,0.830641699074948
SMAD3_Cys109Tyr,0,0,false,false,0,0,false,false,0.545763909276049,0.6282622105154462,0.5870130598957476
SFTPA2_Phe198Ser,0,0,false,false,0,0,false,false,0.5071998846263842,0.5913129142541687,0.5492563994402764
APOA1_Val180Glu,,0,false,false,,0,false,false,,0.7486896012562984,0.7486896012562984
KCNJ2_Asn318Ser,1,1,true,true,1,1,true,true,0.9385192496688921,0.980948596402988,0.9597339230359401
NT5C3A_Asp132Val,0,0,false,false,0,0,false,false,0.634849106696324,0.7273954710527977,0.6811222888745608
GFAP_Asp295Asn,0,1,false,true,0,1,false,true,0.8036485059016297,0.966564638317686,0.8851065721096578
KCNJ2_Thr75Met,0,0,false,false,0,0,false,false,0.5478963418111128,0.6678623545179055,0.6078793481645092
SMARCB1_Arg37His,0,0,false,false,0,0,false,false,0.7410555899803446,0.6727021987057453,0.706878894343045
LITAF_Ala129Val,1,1,true,true,0,0,false,false,0.9271705706512414,0.787618688281169,0.8573946294662051
CTH_Thr67Ile,0,0,false,false,0,0,false,false,0.5851599514521902,0.7044878405573466,0.6448238960047684
KCNJ2_Arg312His,0,1,false,true,0,0,false,false,0.5153041083383715,0.780732175920553,0.6480181421294622
TPM1_Lys248Glu,0,1,false,true,0,1,false,true,0.8281960871173898,0.9325273075838485,0.8803616973506192
BAG3_Leu462Pro,,1,true,true,,1,true,true,,0.9023994325881639,0.9023994325881639
KCNJ2_Pro186Leu,0,1,false,true,0,0,false,false,0.7209912165363527,0.8629915672651282,0.7919913919007404
TMEM43_Arg312Trp,0,1,false,true,0,0,false,false,0.7353552595328396,0.8535981986470138,0.7944767290899267
CLDN19_Arg200Gln,0,0,false,false,0,0,false,false,0.7903974803743259,0.4893691999111443,0.6398833401427351
BAG3_Pro380Ser,0,0,false,false,0,0,false,false,0.848442843277815,0.6926616266270912,0.7705522349524532
IMPDH1_Arg273Pro,1,1,true,true,1,1,true,true,0.9746699146056637,0.9643074196291572,0.9694886671174104
LITAF_Ile92Val,,1,true,true,,1,true,true,,0.8921517689540581,0.8921517689540581
KCNJ2_Lys364Arg,1,1,true,true,0,1,false,true,0.9057321224082535,0.9895945870803311,0.9476633547442923
COQ8A_His85Gln,1,1,true,true,0,0,false,false,0.8682146606933252,0.8318258721495837,0.8500202664214545
SMAD3_Val294Met,0,0,false,false,0,0,false,false,0.5181979536903767,0.5449105678993293,0.531554260794853
FKBP6_Phe72Leu,0,1,false,true,0,1,false,true,0.7515180858527658,0.9726425570382086,0.8620803214454872
KCNJ2_Arg40Pro,1,1,true,true,1,1,true,true,0.94125172373529,0.9688617782226342,0.955056750978962
SFTPA2_Gln223Lys,0,0,false,false,0,0,false,false,0.7086787036496445,0.5543946942517459,0.6315366989506952
SMAD3_Ile87Thr,0,1,false,true,0,0,false,false,0.40466737167583133,0.8524069974103543,0.6285371845430928
APOA1_Arg34Leu,0,0,false,false,0,0,false,false,0.7259368846479877,0.616385508599212,0.6711611966235999
TMEM43_Ala366Thr,0,0,false,false,0,0,false,false,0.42016662681252404,0.7125766518523561,0.5663716393324401
BFSP2_Arg287Trp,0,1,false,true,0,1,false,true,0.5582753395056733,0.87778304857107,0.7180291940383716
LITAF_Val144Met,0,0,false,false,0,0,false,false,0.6889587453641799,0.47087092409941605,0.579914834731798
TPM1_Ala63Val,0,1,false,true,0,0,false,false,0.5825009295008823,0.8258867422586151,0.7041938358797487
NR0B1_Val126Met,0,0,false,false,0,0,false,false,0.588302316554004,0.6824001643676787,0.6353512404608413
TPM1_Ile92Thr,0,0,false,false,0,0,false,false,0.621336282573147,0.7322587981768887,0.6767975403750178
KCNJ2_Arg260Pro,0,1,false,true,0,0,false,false,0.7661068750330483,0.8292750398186893,0.7976909574258688
IL10_Phe129Tyr,0,1,false,true,0,1,false,true,0.8088337706787659,0.9565871636145693,0.8827104671466677
KCNJ2_Arg82Gln,0,1,false,true,0,0,false,false,0.7013305466392232,0.8775186174338258,0.7894245820365244
NT5C3A_Gly275Arg,0,1,false,true,0,0,false,false,0.49255464020241113,0.860809097196233,0.6766818686993221
CTH_Gln240Glu,1,1,true,true,0,0,false,false,0.8981707822139144,0.8753095494177894,0.8867401658158519
LITAF_Thr49Met,0,1,false,true,0,0,false,false,0.7111908893763379,0.7971541458648219,0.7541725176205799
IL10_Gly15Arg,,1,true,true,,0,false,false,,0.8322037280420969,0.8322037280420969
CFP_Tyr414Asp,0,0,false,false,0,0,false,false,0.5130875386298667,0.5496927626066724,0.5313901506182696
AP2S1_Arg15Cys,0,0,false,false,0,0,false,false,0.7264417663293805,0.5121010448920829,0.6192714056107317
LITAF_Pro135Arg,0,0,false,false,0,0,false,false,0.5082767114180574,0.6696754169200576,0.5889760641690576
TPM1_Met281Thr,0,1,false,true,0,0,false,false,0.8226373087830746,0.7780126110302282,0.8003249599066514
SMAD3_Asn197Ile,1,1,true,true,1,1,true,true,0.932518088745204,0.9806368051678267,0.9565774469565154
TMEM43_NA,0,1,false,true,0,1,false,true,0.6422204015927301,0.8873680236136243,0.7647942126031773
SMAD3_Arg323His,0,0,false,false,0,0,false,false,0.8172161080965974,0.6130641519594052,0.7151401300280014
CLDN19_Gln57Glu,1,0,false,true,0,0,false,false,0.9004240362988152,0.5567949032687255,0.7286094697837704
SMAD3_Tyr364Cys,0,0,false,false,0,0,false,false,0.6682186909317802,0.740204511464306,0.704211601198043
SMAD3_Pro263Leu,0,1,false,true,0,0,false,false,0.7771090979853182,0.8111870326999641,0.7941480653426412
BAG3_Arg477His,,0,false,false,,0,false,false,,0.7116599732355317,0.7116599732355317
TPM1_Ser215Leu,0,1,false,true,0,0,false,false,0.7620877421431098,0.7819981236104093,0.7720429328767595
PRPS1_His193Gln,0,0,false,false,0,0,false,false,0.6491419135356854,0.3505667486226518,0.4998543310791686
SMAD3_Trp94Leu,0,0,false,false,0,0,false,false,0.5946942683066424,0.5703394164909578,0.5825168423988001
GFAP_Asn77Ser,0,1,false,true,0,0,false,false,0.6079550775118236,0.8129513225238681,0.7104532000178458
GFAP_Glu207Lys,0,0,false,false,0,0,false,false,0.48859214201892115,0.6427091636346001,0.5656506528267606
IMPDH1_Arg154Trp,1,1,true,true,1,1,true,true,0.9616688007693737,0.9337679528404378,0.9477183768049058
FOXP3_Leu242Pro,0,1,false,true,0,0,false,false,0.8196709683371021,0.8724277652611647,0.8460493667991333
SMAD3_Ile170Val,0,0,false,false,0,0,false,false,0.6012639228267502,0.5941753166584773,0.5977196197426138
CTH_Ser403Ile,0,0,false,false,0,0,false,false,0.7416073841272551,0.6319073488787841,0.6867573665030196
TPM1_Asp230Asn,0,1,false,true,0,0,false,false,0.7443113237267556,0.848143402381371,0.7962273630540633
SMAD3_Arg373Cys,0,0,false,false,0,0,false,false,0.5350178583971119,0.6771949955568285,0.6061064269769703
KCNJ2_Trp322Cys,1,1,true,true,1,1,true,true,0.9339549063713247,0.9042583563681884,0.9191066313697566
TMEM43_Arg28Trp,0,0,false,false,0,0,false,false,0.8018611521633013,0.6552322746231658,0.7285467133932335
GFAP_Arg79Ser,0,1,false,true,0,0,false,false,0.6648989676447465,0.8405774403243668,0.7527382039845567
FOXP3_Gln70His,0,,false,false,0,,false,false,0.821165873035812,,0.821165873035812
FOXP3_Gly52Val,0,0,false,false,0,0,false,false,0.5888474789794627,0.3601953850618637,0.4745214320206632
PRPS1_Leu129Ile,0,0,false,false,0,0,false,false,0.5791159858828688,0.6211284833559843,0.6001222346194266
KCNJ2_Gly300Asp,0,1,false,true,0,0,false,false,0.7828173393888368,0.8275059535754736,0.8051616464821552
KCNJ2_Met301Val,0,1,false,true,0,0,false,false,0.6820931583577303,0.7859372766822875,0.734015217520009
KRT83_Glu407Lys,0,0,false,false,0,0,false,false,0.48110494436962314,0.38521977660878465,0.43316236048920387
LITAF_Gly130Ser,,1,true,true,,1,true,true,,0.9249016394830392,0.9249016394830392
TMEM43_Thr277Ser,1,1,true,true,1,1,true,true,0.9336884645656031,0.9745946191593867,0.9541415418624949
BAG3_Arg218Trp,0,0,false,false,0,0,false,false,0.619904476519904,0.579583057714385,0.5997437671171445
GFAP_Asp417Ala,0,1,false,true,0,0,false,false,0.608976232633785,0.7921972381659914,0.7005867353998882
KCNJ2_Asp78Gly,0,1,false,true,0,0,false,false,0.7251239494272974,0.862573088737386,0.7938485190823417
NR0B1_Trp105Cys,0,0,false,false,0,0,false,false,0.5321464764799511,0.769258165459355,0.650702320969653
TPM3_Ala4Val,0,0,false,false,0,0,false,false,0.5640629075202825,0.5411673630117635,0.552615135266023
TMEM43_Arg299Thr,0,0,false,false,0,0,false,false,0.4675731513474701,0.5969612176191104,0.5322671844832902
GFAP_Arg88Cys,0,1,false,true,0,0,false,false,0.8152088626676366,0.8483988514127105,0.8318038570401736
LITAF_Pro135Ser,0,0,false,false,0,0,false,false,0.7595815559109587,0.6561406522345878,0.7078611040727733
TPM1_Met8Arg,0,0,false,false,0,0,false,false,0.610461063590709,0.7691158082139649,0.689788435902337
GFAP_Met74Thr,0,1,false,true,0,0,false,false,0.689852583908234,0.8206066335711489,0.7552296087396915
KCNJ2_Arg325Cys,1,1,true,true,1,1,true,true,0.9906600458406827,0.9846630733051185,0.9876615595729006
SMAD3_Leu308Phe,0,1,false,true,0,1,false,true,0.7841551298316236,0.9310100250370147,0.8575825774343191
IL36RN_Ser113Leu,1,,true,true,1,,true,true,0.9969934640522876,,0.9969934640522876
KCNJ2_Ile269Lys,0,1,false,true,0,0,false,false,0.7536258355073253,0.8038223401335873,0.7787240878204563
SMAD3_Leu274Pro,0,1,false,true,0,0,false,false,0.6735945255979936,0.794614567034917,0.7341045463164553
SMAD3_Gln316Pro,0,0,false,false,0,0,false,false,0.8479990292882862,0.7652920838221731,0.8066455565552296
GFAP_Arg239Leu,0,1,false,true,0,0,false,false,0.7005484806585172,0.8049456723721429,0.75274707651533
GFAP_Leu352Pro,0,1,false,true,0,1,false,true,0.7082765965478973,0.9620505230138968,0.8351635597808971
TMEM43_Arg220Cys,0,0,false,false,0,0,false,false,0.4301289901037124,0.5325354176394805,0.4813322038715965
TPM1_Lys37Glu,0,0,false,false,0,0,false,false,0.7833205540088092,0.7185419829525312,0.7509312684806702
KCNJ2_Glu349Lys,1,1,true,true,1,1,true,true,0.93194766784276,0.9829350869668269,0.9574413774047934
IL36RN_Leu27Pro,1,1,true,true,1,1,true,true,0.9846253329657413,0.9433413155493399,0.9639833242575406
TMEM43_Tyr371His,0,1,false,true,0,0,false,false,0.37559617110296595,0.8050859497621187,0.5903410604325423
NT5C3A_Phe31Leu,1,0,false,true,0,0,false,false,0.8929208402463175,0.6276770327078376,0.7602989364770776
SMAD3_Arg385Gly,0,1,false,true,0,1,false,true,0.6747284891115196,0.9873345581742364,0.831031523642878
PHYH_Gly204Ser,0,0,false,false,0,0,false,false,0.46581491142414966,0.7580735000476913,0.6119442057359205
APOA1_Leu84Arg,0,1,false,true,0,1,false,true,0.6818390686822012,0.9568781997128907,0.819358634197546
COQ8A_Gly549Ser,0,0,false,false,0,0,false,false,0.7494836195039524,0.7329593784363878,0.7412214989701701
LITAF_Arg160His,0,1,false,true,0,1,false,true,0.542051476180841,0.940225524211562,0.7411385001962015
GFAP_Glu371Val,0,1,false,true,0,0,false,false,0.796074133529421,0.8198801778038853,0.8079771556666532
KCNJ2_Thr75Arg,0,0,false,false,0,0,false,false,0.48005079960708463,0.743955021648959,0.6120029106280218
KCNJ2_Cys76Gly,0,1,false,true,0,1,false,true,0.7161605351569008,0.9130448870117184,0.8146027110843096
TPM1_Ala239Thr,0,1,false,true,0,1,false,true,0.7040926326021397,0.9030918999356938,0.8035922662689168
GFAP_Leu90Pro,0,0,false,false,0,0,false,false,0.6905380398739751,0.6694813969622628,0.680009718418119
SMAD3_Ser355Leu,0,0,false,false,0,0,false,false,0.6445098148014657,0.5853509070931927,0.6149303609473292
FOXP3_Ile363Val,0,0,false,false,0,0,false,false,0.7449160072954115,0.4252180448917595,0.5850670260935855
CDKN1A_Arg84Gln,0,0,false,false,0,0,false,false,0.49760965666511653,0.4548474567177101,0.4762285566914133
CUL3_Lys459Arg,0,0,false,false,0,0,false,false,0.49722904072833374,0.6154853127782708,0.5563571767533022
KCNJ2_Arg67Gln,0,1,false,true,0,1,false,true,0.732093320512091,0.8851772667273324,0.8086352936197116
LITAF_Pro34Thr,0,0,false,false,0,0,false,false,0.5570970247290012,0.700781004667593,0.6289390146982972
NR0B1_Arg267Pro,0,1,false,true,0,0,false,false,0.6672289025411402,0.8755857724840478,0.771407337512594
CDKN1A_Arg67Leu,0,0,false,false,0,0,false,false,0.43362143080856774,0.4266808756452843,0.430151153226926
GFAP_Met73Arg,0,0,false,false,0,0,false,false,0.6380352633051263,0.5954316165516106,0.6167334399283684
KCNJ2_Asp71Asn,,0,false,false,,0,false,false,,0.6242933577377713,0.6242933577377713
KCNJ2_Val93Ile,0,0,false,false,0,0,false,false,0.680437605758595,0.5113701194436486,0.5959038626011218
KCNJ2_Arg189Lys,1,1,true,true,0,1,false,true,0.8854905505598887,0.9330932004833727,0.9092918755216307
LITAF_Gly112Ser,0,0,false,false,0,0,false,false,0.5986977132442187,0.7156258438178908,0.6571617785310548
TPM1_Ile172Thr,0,1,false,true,0,0,false,false,0.7209856016726384,0.7773451677203873,0.7491653846965128
SMAD3_Arg385Thr,0,1,false,true,0,1,false,true,0.8289910683907269,0.9561624378383718,0.8925767531145494
LITAF_Pro51Ser,0,1,false,true,0,1,false,true,0.8025041447801755,0.8893641075426331,0.8459341261614043
CTNNA3_Val94Asp,0,0,false,false,0,0,false,false,0.759007619780163,0.3799701326244937,0.5694888762023284
TPM1_Val95Ala,1,1,true,true,0,1,false,true,0.861907398257965,0.9663338292627419,0.9141206137603535
KCNJ2_Arg67Trp,0,1,false,true,0,0,false,false,0.684903616622458,0.7814903324188992,0.7331969745206786
SMARCB1_Pro48Leu,1,1,true,true,1,1,true,true,0.9364653444357207,0.9889431801117505,0.9627042622737356
TPM1_Glu40Lys,0,1,false,true,0,1,false,true,0.8350900290184631,0.9350836765036827,0.8850868527610729
KCNJ2_Asp71His,0,0,false,false,0,0,false,false,0.6482706320438212,0.6832716273252375,0.6657711296845293
PHYH_Gln176Lys,0,0,false,false,0,0,false,false,0.4691450339685292,0.5180708989753595,0.4936079664719444
LITAF_Ser15Leu,1,1,true,true,0,1,false,true,0.9312298270333247,0.9644107983076111,0.9478203126704678
TPM1_Ala277Val,0,1,false,true,0,0,false,false,0.7783972030102662,0.8641304579051117,0.8212638304576889
SMAD3_Asp258His,0,0,false,false,0,0,false,false,0.4502404271785711,0.5223462584242888,0.48629334280143
SMAD3_Thr261Ile,0,1,false,true,0,0,false,false,0.7365661970703105,0.8324726204434645,0.7845194087568874
LITAF_Thr115Asn,0,0,false,false,0,0,false,false,0.5515529128607393,0.7348033107953534,0.6431781118280464
NT5C3A_Gly202Arg,0,0,false,false,0,0,false,false,0.5628664346060749,0.5168588080267305,0.5398626213164026
SMAD3_Glu284Gln,0,0,false,false,0,0,false,false,0.7029526012019339,0.5692357243804858,0.6360941627912098
SMAD3_Met255Arg,0,0,false,false,0,0,false,false,0.7937477272279385,0.5549214987375755,0.674334612982757
TPM1_Glu23Gln,1,1,true,true,0,1,false,true,0.8836847234558673,0.8827252235011349,0.8832049734785011
GFAP_Leu235Pro,0,1,false,true,0,0,false,false,0.6905358916021618,0.7969198536516435,0.7437278726269027
GFAP_Glu210Lys,1,1,true,true,0,0,false,false,0.860933223577766,0.8085073487402497,0.8347202861590078
GFAP_Pro47Leu,0,1,false,true,0,0,false,false,0.6335833619235289,0.7861226998696144,0.7098530308965716
APOA1_Ala188Ser,1,,true,true,0,,false,false,0.8867012229251601,,0.8867012229251601
SMAD3_Pro263Ala,0,0,false,false,0,0,false,false,0.49201040260877127,0.6614871065849258,0.5767487545968486
LITAF_Pro39Ser,0,0,false,false,0,0,false,false,0.7898728908100319,0.5432442830110396,0.6665585869105357
KCNJ2_Val86Phe,1,,true,true,1,,true,true,0.9578413129553577,,0.9578413129553577
GFAP_Arg376Trp,0,1,false,true,0,0,false,false,0.7057401936759465,0.8520625844427244,0.7789013890593355
TMEM43_Glu85Lys,1,1,true,true,1,1,true,true,0.9316430216041062,0.9264515887416281,0.9290473051728672
BAG3_Arg258Trp,0,0,false,false,0,0,false,false,0.594073810684814,0.49717821862880013,0.545626014656807
LITAF_Pro84Leu,0,1,false,true,0,0,false,false,0.757371850381415,0.8204740434980411,0.7889229469397281
NT5C3A_Cys108Arg,0,0,false,false,0,0,false,false,0.46750516754150706,0.5957848368574222,0.5316450021994646
KCNJ2_Arg189Ile,0,1,false,true,0,0,false,false,0.7151351441558478,0.8562610716381224,0.7856981078969851
TPM1_Glu180Val,1,1,true,true,1,0,false,true,0.9567069582129171,0.849330782710496,0.9030188704617066
LITAF_Ser118Pro,0,1,false,true,0,0,false,false,0.8154066876236792,0.856716749503078,0.8360617185633785
GFAP_Asn386Ile,0,0,false,false,0,0,false,false,0.5487129554562421,0.6396217139466485,0.5941673347014453
FOXP3_Pro187Leu,0,0,false,false,0,0,false,false,0.37010157928478105,0.5996909122003348,0.4848962457425579
KCNJ2_Val302Met,0,0,false,false,0,0,false,false,0.6014687648629443,0.6593731387071935,0.630420951785069
LITAF_Leu122Val,0,1,false,true,0,0,false,false,0.7018311214767238,0.8325990441634292,0.7672150828200766
KCNJ2_Gly215Asp,1,0,false,true,0,0,false,false,0.8937239098749953,0.5954812670071822,0.7446025884410887
GFAP_Tyr366Cys,1,1,true,true,0,1,false,true,0.8899013232420784,0.9683109700519115,0.929106146646995
APOA1_Ala199Pro,0,,false,false,0,,false,false,0.8230566710552032,,0.8230566710552032
KCNJ2_His110Tyr,1,,true,true,1,,true,true,0.9624263819323712,,0.9624263819323712
IMPDH1_Val317Ile,1,1,true,true,1,0,false,true,0.9898393969190429,0.7813646766383417,0.8856020367786923
SMAD3_Glu239Lys,0,0,false,false,0,0,false,false,0.6967477501769392,0.4498531396462627,0.573300444911601
TPM1_Glu54Lys,0,1,false,true,0,0,false,false,0.7243669183489344,0.8488084372666583,0.7865876778077964
IMPDH1_Asp275Asn,,0,false,false,,0,false,false,,0.7675271161188981,0.7675271161188981
AP2S1_Arg15His,,0,false,false,,0,false,false,,0.5427550080015449,0.5427550080015449
IL36RN_Lys35Arg,0,0,false,false,0,0,false,false,0.7127339743922081,0.7643610129055374,0.7385474936488727
GFAP_Lys236Thr,0,1,false,true,0,0,false,false,0.7440231067330101,0.837321876738514,0.790672491735762
