allele_0,Altered_GFP_ADJ_95_BioRep2,Altered_GFP_ADJ_95_BioRep1,Altered_GFP_ADJ_95_both_batches,Altered_GFP_ADJ_99_BioRep2,Altered_GFP_ADJ_99_BioRep1,Altered_GFP_ADJ_99_both_batches,AUROC_BioRep2,AUROC_BioRep1,AUROC_Mean
SMAD3_Asn197Ile,1,0,false,0,0,false,0.9260112260464293,0.8397086691641684,0.8828599476052988
BAG3_Arg218Trp,0,0,false,0,0,false,0.836209927957401,0.6184449207060202,0.7273274243317106
CLDN19_Arg200Gln,0,0,false,0,0,false,0.7396167611798896,0.7975566197671519,0.7685866904735208
KCNJ2_Asp78Gly,1,1,true,1,1,true,0.9960892105542767,0.9927621892830347,0.9944256999186557
TPM3_Ala4Val,1,1,true,1,0,false,0.992263768827818,0.9775067336050933,0.9848852512164556
TPM1_Ser215Leu,0,0,false,0,0,false,0.7710264304544497,0.6026940613839871,0.6868602459192183
IMPDH1_Arg273Pro,0,0,false,0,0,false,0.777991150208343,0.785950692902862,0.7819709215556025
KCNJ2_Thr139Ile,1,1,true,1,1,true,0.9935107906059009,0.9874224960032505,0.9904666433045757
BFSP2_Ala407Asp,1,0,false,1,0,false,0.9861041751824449,0.8425551583877727,0.9143296667851089
LITAF_Thr49Met,0,0,false,0,0,false,0.615196904092669,0.5879400909783998,0.6015684975355344
LITAF_Gly112Ser,0,0,false,0,0,false,0.8999141917571185,0.9115266936139002,0.9057204426855093
APOA1_Leu84Arg,0,0,false,0,0,false,0.862677908761484,0.7663627609715804,0.8145203348665322
KCNJ2_Arg312His,1,1,true,1,1,true,0.9954495739837691,0.988351307694416,0.9919004408390926
SMAD3_Arg385Gly,1,0,false,0,0,false,0.940061473227189,0.7843496911478384,0.8622055821875136
SMAD3_Arg268Cys,0,0,false,0,0,false,0.856066842530415,0.4992315670356284,0.6776492047830217
CCBE1_Gly136Arg,1,0,false,0,0,false,0.9474694541769111,0.811124904041576,0.8792971791092435
SMAD3_Met212Ile,0,0,false,0,0,false,0.8729782349466344,0.7028652004856428,0.7879217177161386
TMEM43_Tyr371His,0,0,false,0,0,false,0.7046114118056573,0.600326701417023,0.6524690566113402
GFAP_Leu352Pro,1,1,true,1,0,false,0.9756269342408873,0.9814925682497738,0.9785597512453306
SMAD3_Gln316Pro,0,0,false,0,0,false,0.7850702151234721,0.940184163460662,0.862627189292067
TPM1_Glu23Gln,0,0,false,0,0,false,0.6935701363015686,0.6641920397513715,0.6788810880264701
GFAP_Asn77Ser,1,1,true,1,0,false,0.9862842507034688,0.9703408261774333,0.9783125384404511
KCNJ2_Cys76Gly,1,1,true,1,1,true,0.9963809367921164,0.9883171724944382,0.9923490546432773
BAG3_Pro380Ser,1,0,false,0,0,false,0.9293008171362027,0.8977940570925914,0.913547437114397
SMAD3_Ser355Leu,0,0,false,0,0,false,0.740686968202723,0.7968047516989047,0.7687458599508139
SMAD3_Arg373Cys,1,1,true,1,1,true,0.9960599021541262,0.9982189757393725,0.9971394389467494
FOXP3_Pro187Leu,0,0,false,0,0,false,0.5866359565037494,0.685701804877566,0.6361688806906578
LITAF_Trp116Gly,1,1,true,1,0,false,0.9840726851981694,0.9761812122837411,0.9801269487409552
IL10_Phe129Tyr,0,0,false,0,0,false,0.8876173116774619,0.8058078453382326,0.8467125785078473
CTH_Ser403Ile,0,0,false,0,0,false,0.6391079804385138,0.5953631108746206,0.6172355456565672
MSRB3_Cys82Gly,1,1,true,1,0,false,0.9894208815055167,0.9671443840499561,0.9782826327777363
LITAF_Arg160His,1,1,true,1,0,false,0.9933509405339607,0.9686366902225522,0.9809938153782565
BFSP2_Arg287Trp,1,1,true,1,0,false,0.9828227740180561,0.9811853922211242,0.9820040831195902
KCNJ2_Met301Val,1,1,true,1,1,true,0.996494774920592,0.9906781157361757,0.9935864453283838
LITAF_Ala111Gly,0,0,false,0,0,false,0.8067617089075827,0.8360096492726651,0.8213856790901239
GFAP_Asp417Ala,0,0,false,0,0,false,0.7618244313626447,0.6223156362717215,0.692070033817183
NR0B1_Arg425Ile,1,1,true,1,1,true,0.9990472820626802,0.9993390213167695,0.9991931516897249
GFAP_Pro47Leu,0,0,false,0,0,false,0.6311494080083131,0.6299295849435351,0.6305394964759241
GFAP_Asn386Ile,1,1,true,1,1,true,0.9733601172250235,0.9847298477118143,0.9790449824684189
TPM1_Ala22Thr,1,0,false,0,0,false,0.9219096557077382,0.9160263325240422,0.9189679941158901
SMAD3_Val294Met,0,0,false,0,0,false,0.5357342047369869,0.6790843678280232,0.607409286282505
CTNNA3_Val94Asp,1,0,false,0,0,false,0.9188216357822048,0.9096740346796843,0.9142478352309445
LITAF_Pro135Thr,1,1,true,0,0,false,0.9666557066169648,0.9435312182757839,0.9550934624463743
TPM1_Asp230Asn,0,0,false,0,0,false,0.7417259090485981,0.6457862664563263,0.6937560877524622
KCNJ2_Tyr326Asn,1,1,true,1,0,false,0.9905858539137911,0.9756662902315076,0.9831260720726493
KCNJ2_Gly300Asp,1,1,true,1,1,true,0.9966999939156513,0.9899175098147084,0.9933087518651799
LITAF_Ser118Pro,1,1,true,1,0,false,0.9810164714814288,0.9621756752214855,0.9715960733514571
BFSP2_Arg339His,1,1,true,1,1,true,0.9850304449837815,0.9907614979979985,0.9878959714908899
TPM1_Lys37Glu,0,0,false,0,0,false,0.8108832837491406,0.7154619144090674,0.7631725990791041
FOXP3_Leu242Pro,1,1,true,0,0,false,0.9108181383279957,0.9548145428834988,0.9328163406057473
FOXP3_Ile363Val,0,0,false,0,0,false,0.8367091066865646,0.9265962016621436,0.8816526541743541
KCNJ2_Asp71His,1,1,true,1,0,false,0.9903334489747018,0.9696057930156552,0.9799696209951785
LITAF_Val81Met,0,0,false,0,0,false,0.8520196631188184,0.8107634804830257,0.831391571800922
KCNJ2_Arg260Pro,1,1,true,1,0,false,0.9959736947189763,0.9818370404335117,0.988905367576244
TPM1_Glu40Lys,0,0,false,0,0,false,0.6203112681310108,0.6167226276715796,0.6185169479012952
CDKN1A_Asp149Gly,1,1,true,0,0,false,0.9572653433149463,0.9705103852733163,0.9638878642941313
NR0B1_Asn440Ile,1,1,true,1,1,true,0.9992363464079526,0.9970365132635856,0.9981364298357691
TPM1_Met8Arg,0,0,false,0,0,false,0.6696211024175261,0.6178253663433416,0.6437232343804339
KCNJ2_Arg40Gln,1,1,true,1,0,false,0.9925377248521272,0.9527327151358216,0.9726352199939744
SMAD3_Tyr364Cys,0,0,false,0,0,false,0.9019534564106082,0.67066418782889,0.7863088221197492
NT5C3A_Gly275Arg,1,1,true,1,0,false,0.9736528876467967,0.9499624209895665,0.9618076543181816
TPM1_Ala277Val,0,0,false,0,0,false,0.8068594506990935,0.6229088487686855,0.7148841497338895
GFAP_Arg79Cys,1,1,true,1,0,false,0.9726370353295836,0.9739923864527192,0.9733147108911514
LITAF_Phe136Leu,1,1,true,0,0,false,0.955311407820943,0.9556414602594983,0.9554764340402206
KCNJ2_Ile269Lys,1,1,true,1,0,false,0.9922787084438568,0.9615961248592062,0.9769374166515314
KCNJ2_Thr75Met,1,1,true,1,1,true,0.9966448524663812,0.992751624125014,0.9946982382956977
TPM1_Glu54Lys,0,0,false,0,0,false,0.7125526163359354,0.6343353190021138,0.6734439676690246
LITAF_Leu122Val,1,1,true,1,0,false,0.9728927959523916,0.9499484885733334,0.9614206422628625
SFTPA2_Phe198Ser,1,1,true,0,0,false,0.9542281676461191,0.9781548690883665,0.9661915183672427
SMAD3_Gly272Arg,1,1,true,0,0,false,0.9148762275669492,0.9457703664393506,0.9303232970031499
SMAD3_Glu239Lys,1,1,true,0,1,false,0.9669130326577917,0.9862487610918056,0.9765808968747987
SMAD3_Arg323His,0,0,false,0,0,false,0.6240750870499533,0.8411473716961114,0.7326112293730324
KCNJ2_Thr400Met,1,1,true,1,1,true,0.9936310031888586,0.9880557577276466,0.9908433804582526
LITAF_Thr115Asn,1,0,false,0,0,false,0.934018245943541,0.9369969820831711,0.935507614013356
NR0B1_Trp105Cys,0,0,false,0,0,false,0.773791857228333,0.6589567062333365,0.7163742817308347
KCNJ2_Asp71Asn,1,,true,1,,true,0.993432105574566,,0.993432105574566
KCNJ2_Glu349Lys,1,1,true,1,0,false,0.9975594796937344,0.9761736736736737,0.986866576683704
NT5C3A_Gly202Arg,1,1,true,1,0,false,0.9896211667450588,0.9610669479778535,0.9753440573614562
NT5C3A_Asp132Val,1,1,true,1,0,false,0.9839379250602263,0.979764701278915,0.9818513131695706
PHYH_Arg275Trp,1,0,false,0,0,false,0.9456790215681958,0.7788744297928616,0.8622767256805287
KCNJ2_Gly215Asp,1,1,true,1,0,false,0.9962116933504033,0.9669696057986288,0.981590649574516
TMEM43_NA,0,0,false,0,0,false,0.7026070505998845,0.6290025861729898,0.6658048183864371
KRT83_Glu407Lys,0,0,false,0,0,false,0.5972652437187875,0.4811993332469199,0.5392322884828538
KCNJ2_Ala70Thr,1,1,true,1,0,false,0.9931927766406285,0.9817270759131225,0.9874599262768755
LITAF_Pro135Arg,1,1,true,1,0,false,0.9830101318728584,0.9446223635038069,0.9638162476883326
SMAD3_Ile170Val,0,0,false,0,0,false,0.5320008961892831,0.8297521116262567,0.68087650390777
SMAD3_Leu274Pro,1,1,true,1,0,false,0.9924865713962062,0.9804350281226548,0.9864607997594306
IMPDH1_Val317Ile,0,0,false,0,0,false,0.8884728152820824,0.9177560879424234,0.9031144516122529
KCNJ2_Asn318Ser,1,1,true,1,0,false,0.9930157395246024,0.9581912174686862,0.9756034784966443
KCNJ2_Val86Phe,,1,true,,0,false,,0.9642730917967192,0.9642730917967192
PHYH_Pro29Ser,1,1,true,1,1,true,0.9996174514036307,0.9993960383491584,0.9995067448763946
PRPS1_His193Gln,1,0,false,0,0,false,0.9302016810377925,0.9174010533335217,0.9238013671856571
TPM1_Ala63Val,0,0,false,0,0,false,0.8211676272762836,0.6249199153103053,0.7230437712932944
TPM1_Ile92Thr,0,0,false,0,0,false,0.5923939921998878,0.4745088790807428,0.5334514356403153
TPM1_Leu185Arg,0,0,false,0,0,false,0.7242815884826403,0.5850917397880782,0.6546866641353593
CUL3_Lys459Arg,0,0,false,0,0,false,0.6284903279185703,0.7030983703031785,0.6657943491108744
TPM1_Ala166Thr,0,0,false,0,0,false,0.6905962511616157,0.5879094406885339,0.6392528459250748
LITAF_Pro34Thr,0,0,false,0,0,false,0.634091929006193,0.6026197309179688,0.6183558299620809
PHYH_Gly204Ser,1,0,false,0,0,false,0.9526199370255318,0.8044615529484107,0.8785407449869713
SMAD3_Ser423Arg,0,0,false,0,0,false,0.7960812609669513,0.6312787775076533,0.7136800192373023
GFAP_Glu371Val,1,0,false,0,0,false,0.9545715934807215,0.9336087731064822,0.9440901832936018
KCNJ2_His110Tyr,,1,true,,0,false,,0.978600347739692,0.978600347739692
CDKN1A_Arg67Leu,0,0,false,0,0,false,0.7886508852940677,0.8489573918391392,0.8188041385666034
LITAF_Pro84Leu,1,0,false,0,0,false,0.9661645069292041,0.9289519452617584,0.9475582260954812
GFAP_Glu205Lys,0,0,false,0,0,false,0.8668398399195523,0.7077542882608664,0.7872970640902093
GFAP_Met73Arg,1,1,true,0,0,false,0.9662880275254592,0.964040917706257,0.9651644726158581
TPM1_Lys248Glu,0,0,false,0,0,false,0.7927387730424478,0.7421072459099693,0.7674230094762086
GFAP_Arg239Pro,1,1,true,1,0,false,0.9779604545685607,0.9658049138152368,0.9718826841918988
TPM1_NA,0,0,false,0,0,false,0.8612464633580946,0.7935100670650593,0.827378265211577
TMEM43_Arg220Cys,0,0,false,0,0,false,0.5797938099624527,0.5155734676307764,0.5476836387966145
KCNJ2_Trp322Cys,1,1,true,1,1,true,0.9920357211710595,0.9840721223864805,0.98805392177877
FKBP6_Arg202His,0,0,false,0,0,false,0.908289685300717,0.8586345698603627,0.8834621275805399
SMAD3_Val410Phe,1,1,true,0,0,false,0.9654034589511971,0.9730880429200287,0.9692457509356129
KCNJ2_Ala70Ser,1,1,true,1,0,false,0.9941045360506312,0.9757797336486992,0.9849421348496652
SMAD3_Met255Arg,1,1,true,0,0,false,0.9438855585100039,0.951747362054539,0.9478164602822714
LITAF_Ser15Leu,1,0,false,1,0,false,0.9703399496776566,0.8893549208877741,0.9298474352827153
GFAP_Lys236Thr,1,1,true,1,0,false,0.9789148107500522,0.9730500055535437,0.9759824081517979
GFAP_Glu371Gly,1,1,true,1,0,false,0.9810115985602639,0.9726121740502714,0.9768118863052677
GFAP_Lys279Glu,1,1,true,1,0,false,0.9771410606202449,0.9606363615028951,0.96888871106157
GFAP_Arg376Trp,1,0,false,0,0,false,0.9281965956071232,0.8722419618760098,0.9002192787415665
SMAD3_Asp408His,0,0,false,0,0,false,0.7542897754041347,0.7363008418223368,0.7452953086132357
FKBP6_Phe72Leu,0,0,false,0,0,false,0.8659855032658778,0.8721019201469945,0.8690437117064361
NR0B1_Val126Met,1,0,false,0,0,false,0.9133386985493706,0.9079066698101769,0.9106226841797738
SMAD3_Pro263Ala,1,0,false,0,0,false,0.9220674240509767,0.561795284838835,0.7419313544449059
TMEM43_Glu85Lys,1,0,false,0,0,false,0.9639688702459136,0.79624615864294,0.8801075144444268
IL36RN_Lys35Arg,0,0,false,0,0,false,0.8419123405051849,0.7834426888183469,0.812677514661766
KCNJ2_Arg67Trp,1,1,true,1,1,true,0.9947226378643115,0.9914209635598016,0.9930718007120565
PRPS1_Leu129Ile,1,1,true,1,1,true,0.9811576934838944,0.989552993151636,0.9853553433177652
LITAF_Pro51Ser,0,0,false,0,0,false,0.8656137465891804,0.8596765251487544,0.8626451358689674
TMEM43_Arg299Thr,0,0,false,0,0,false,0.5304317151532214,0.5074592663643547,0.518945490758788
APOA1_Ala199Pro,,0,false,,0,false,,0.848721754528394,0.848721754528394
GFAP_Tyr366Cys,1,1,true,1,0,false,0.9716449885199587,0.9658836301822065,0.9687643093510826
GFAP_Arg239Leu,1,1,true,0,0,false,0.9695392434481446,0.9649361156534896,0.9672376795508171
LITAF_Ala129Val,0,0,false,0,0,false,0.884076700341561,0.9384756755866197,0.9112761879640904
NR0B1_Arg267Pro,1,1,true,1,1,true,0.9990127721936863,0.999279655969363,0.9991462140815246
APOA1_Arg34Leu,0,0,false,0,0,false,0.7503664472972281,0.724402025618958,0.737384236458093
COQ8A_Gly549Ser,1,1,true,0,0,false,0.950695732344722,0.9511524070024839,0.950924069673603
TPM1_Val95Ala,0,0,false,0,0,false,0.669739632970637,0.5685857216759649,0.619162677323301
SMAD3_Asp258His,1,0,false,0,0,false,0.9131004006375032,0.71028631894189,0.8116933597896966
CFP_Tyr414Asp,0,0,false,0,0,false,0.6697082401776997,0.7854806097770444,0.727594424977372
KCNJ2_Val302Met,1,1,true,1,1,true,0.9927179988876422,0.989627522760604,0.9911727608241231
SMAD3_Asn59Asp,1,0,false,0,0,false,0.9557924018276549,0.7294977920812665,0.8426450969544608
TPM1_Ala239Thr,0,0,false,0,0,false,0.8127506884339328,0.649969427635913,0.7313600580349229
TPM1_Met281Thr,0,0,false,0,0,false,0.7348134148967763,0.5521551500253616,0.6434842824610689
SMAD3_Leu308Phe,1,0,false,0,0,false,0.9393446363101713,0.828297981466425,0.8838213088882981
KCNJ2_Arg40Pro,1,1,true,1,0,false,0.9968511086158145,0.9832374693685508,0.9900442889921827
CTH_Gln240Glu,1,0,false,0,0,false,0.9161884408082819,0.8555701250418015,0.8858792829250417
SMAD3_Arg385Thr,0,0,false,0,0,false,0.7298872004701098,0.8012077495033181,0.7655474749867139
KCNJ2_Arg67Gln,1,1,true,1,1,true,0.9934887673091717,0.9864736505427371,0.9899812089259543
SMAD3_Trp94Leu,1,1,true,1,0,false,0.9808526299078406,0.983162616817995,0.9820076233629178
TPM1_Ile172Thr,0,0,false,0,0,false,0.7622737287459682,0.731920286633984,0.7470970076899761
TPM1_Lys15Asn,0,0,false,0,0,false,0.8072962098941174,0.664265892492351,0.7357810511932342
SMAD3_Ile87Thr,0,0,false,0,0,false,0.8745972891400938,0.6376567256377054,0.7561270073888996
LITAF_Gly53Ala,0,0,false,0,0,false,0.7561385165821013,0.6475572538682532,0.7018478852251773
FOXP3_Gly52Val,0,0,false,0,0,false,0.6286770037568685,0.8381357651402731,0.7334063844485708
LITAF_Asn30Tyr,0,0,false,0,0,false,0.9085851001389815,0.8513039054237292,0.8799445027813554
TMEM43_Arg28Trp,0,0,false,0,0,false,0.6602727227408217,0.5953141647838526,0.6277934437623371
TMEM43_Thr277Ser,1,1,true,1,1,true,0.9962494517629507,0.9960167711279925,0.9961331114454716
CDKN1A_Ser31Arg,0,0,false,0,0,false,0.8235248636325498,0.821856441458811,0.8226906525456804
TMEM43_Ala366Thr,0,0,false,0,0,false,0.6840317207547932,0.5605802464370913,0.6223059835959422
KCNJ2_Arg189Lys,1,1,true,1,0,false,0.9944369628616316,0.9821966372893569,0.9883168000754943
KCNJ2_Lys364Arg,1,1,true,1,0,false,0.9944136731653674,0.9785231773550085,0.986468425260188
KCNJ2_Thr75Arg,1,1,true,1,1,true,0.9971136451822121,0.9850574242882172,0.9910855347352147
SMARCB1_Arg37His,1,1,true,1,1,true,0.9983361436340629,0.995761278736242,0.9970487111851525
GFAP_Glu210Lys,0,0,false,0,0,false,0.7013760819345638,0.747450142136475,0.7244131120355194
APOA1_Trp74Arg,0,,false,0,,false,0.8090309019639785,,0.8090309019639785
SMAD3_Trp232Cys,1,1,true,1,0,false,0.975861247436737,0.9465730076675054,0.9612171275521212
NT5C3A_Cys108Arg,1,1,true,1,0,false,0.9989063432668359,0.9656250912166378,0.9822657172417368
KCNJ2_Arg325Cys,1,1,true,1,0,false,0.9885582964138999,0.9704394684997277,0.9794988824568138
GFAP_Leu235Pro,1,1,true,1,0,false,0.9804754468067918,0.979415320752749,0.9799453837797704
SMAD3_Arg279Lys,0,0,false,0,0,false,0.8455510866185355,0.756999168819116,0.8012751277188257
SFTPA2_Gly231Val,1,1,true,1,0,false,0.975618969534326,0.9573559731823011,0.9664874713583136
KCNJ2_Val93Ile,1,1,true,0,0,false,0.9597781514640265,0.9535003946116596,0.956639273037843
LITAF_Pro39Ser,1,0,false,0,0,false,0.9366327563225257,0.859841188529568,0.8982369724260468
GFAP_Arg79Ser,1,1,true,1,0,false,0.9746574885980297,0.9556339820490699,0.9651457353235497
KCNJ2_Met301Leu,1,1,true,1,0,false,0.9875282873966147,0.9739601639751964,0.9807442256859056
TMEM43_Arg312Trp,1,1,true,1,0,false,0.9874578992908334,0.981360107898647,0.9844090035947402
CDKN1A_Arg84Gln,1,0,false,0,0,false,0.9147985541750859,0.8807626196318447,0.8977805869034653
IL36RN_Leu27Pro,1,1,true,1,1,true,0.9954744078048107,0.9851117619847738,0.9902930848947922
LITAF_Ile92Val,1,,true,1,,true,0.9813731964168892,,0.9813731964168892
SMAD3_Arg287Trp,0,0,false,0,0,false,0.7216146620660111,0.9352043921743576,0.8284095271201843
NR0B1_Tyr380Asp,1,1,true,1,1,true,0.9933792711805274,0.9946222392965847,0.994000755238556
GFAP_Asp295Asn,1,1,true,1,1,true,0.9903193818997486,0.9975179155158497,0.9939186487077991
SFTPA2_Gln223Lys,1,0,false,0,0,false,0.9556275036061792,0.8564535161248769,0.906040509865528
COQ8A_His85Gln,1,1,true,0,0,false,0.9579699878843848,0.9412923655716349,0.9496311767280099
GFAP_Ala364Pro,0,0,false,0,0,false,0.8523930883206978,0.8696684688330272,0.8610307785768625
IL36RN_Thr123Arg,0,0,false,0,0,false,0.8848821613360469,0.8220776035068705,0.8534798824214587
PNKP_Glu326Lys,0,0,false,0,0,false,0.900077282526898,0.73494530927303,0.817511295899964
SMAD3_Pro263Leu,0,0,false,0,0,false,0.6647776448309749,0.8323645524020225,0.7485710986164986
SMAD3_Thr261Ile,1,0,false,0,0,false,0.9184987133017493,0.8928812077774307,0.90568996053959
COQ8A_Gly272Asp,1,0,false,1,0,false,0.9741936897202839,0.9308765657505577,0.9525351277354208
IMPDH1_Asp275Asn,0,,false,0,,false,0.8769008752320413,,0.8769008752320413
TPM1_Glu180Val,0,0,false,0,0,false,0.7909719495372417,0.7738108910291944,0.7823914202832181
APOA1_Val180Glu,0,,false,0,,false,0.8415947979836036,,0.8415947979836036
BAG3_Arg258Trp,0,0,false,0,0,false,0.6912239993584596,0.6133188420190412,0.6522714206887503
TPM1_Arg160His,0,0,false,0,0,false,0.7540628150685003,0.5875988465730696,0.6708308308207849
LITAF_Gly130Ser,1,,true,1,,true,0.9943423896781916,,0.9943423896781916
GFAP_Met74Thr,1,0,false,0,0,false,0.9415340596032962,0.9120757206199452,0.9268048901116207
KCNJ2_Arg189Ile,1,1,true,1,0,false,0.9940799769284424,0.9782577636388391,0.9861688702836408
BAG3_Leu462Pro,0,,false,0,,false,0.8505304249739544,,0.8505304249739544
SMAD3_Glu284Gln,0,0,false,0,0,false,0.5587626671727617,0.7567240173346909,0.6577433422537262
FOXP3_Gln70His,,0,false,,0,false,,0.8891621857364893,0.8891621857364893
IMPDH1_Arg154Trp,1,1,true,1,0,false,0.9898420372171095,0.9718897434955401,0.9808658903563248
CTH_Thr67Ile,0,0,false,0,0,false,0.882268193641788,0.7571612717388445,0.8197147326903163
SMARCB1_Pro48Leu,1,1,true,1,1,true,0.9983345482956008,0.9979523054248426,0.9981434268602216
PHYH_Gln176Lys,0,0,false,0,0,false,0.6760537358980809,0.5927116229489403,0.6343826794235106
COQ8A_His80Tyr,1,1,true,0,0,false,0.9620434156089623,0.9567809692157301,0.9594121924123462
GFAP_Leu90Pro,1,1,true,1,0,false,0.9745937236907667,0.9620670552962348,0.9683303894935007
SMAD3_Leu219Phe,0,0,false,0,0,false,0.8660843751669103,0.7151417136594561,0.7906130444131831
BAG3_Arg477His,0,,false,0,,false,0.7315158378466351,,0.7315158378466351
KCNJ2_Pro186Leu,1,1,true,1,0,false,0.9906269307801514,0.9800357984531659,0.9853313646166586
GFAP_Glu207Lys,0,0,false,0,0,false,0.8380010049367304,0.8480432324401119,0.8430221186884211
SMAD3_Cys109Tyr,1,1,true,1,0,false,0.9851900598591486,0.9782537763881026,0.9817219181236256
GFAP_Arg88Cys,1,1,true,1,0,false,0.9877798928512243,0.9711023366374054,0.9794411147443148
GFAP_Leu357Pro,1,1,true,1,1,true,0.9984546640270175,0.9968532920567804,0.9976539780418989
LITAF_Pro135Ser,1,1,true,0,0,false,0.9597084473619176,0.9431771335557785,0.951442790458848
IL10_Gly15Arg,1,,true,1,,true,0.9856069542699228,,0.9856069542699228
KCNJ2_Arg82Gln,1,1,true,1,0,false,0.9980931892715228,0.9785276252874672,0.988310407279495
HGD_Ala48Ser,0,0,false,0,0,false,0.8627062794996859,0.8009792900600342,0.8318427847798601
AP2S1_Arg15His,1,,true,0,,false,0.96464398007178,,0.96464398007178
LITAF_Val144Met,1,1,true,0,0,false,0.9398802162836855,0.9499004106013534,0.9448903134425195
CLDN19_Gln57Glu,1,1,true,1,1,true,0.9978037380916659,0.9975860068027875,0.9976948724472268
AP2S1_Arg15Cys,1,0,false,0,0,false,0.9392954935802023,0.940088976795693,0.9396922351879476
APOA1_Ala188Ser,,0,false,,0,false,,0.823139230327226,0.823139230327226
