allele_0,Altered_AGP_95_BioRep2,Altered_AGP_95_BioRep1,Altered_AGP_95_both_batches,Altered_AGP_99_BioRep2,Altered_AGP_99_BioRep1,Altered_AGP_99_both_batches,AUROC_BioRep2,AUROC_BioRep1,AUROC_Mean
LITAF_Gly53Ala,0,0,false,0,0,false,0.7389799371794953,0.7358185078095927,0.737399222494544
SMAD3_Val294Met,0,0,false,0,0,false,0.5569512496946556,0.5581616460822288,0.5575564478884423
TPM1_Glu180Val,1,0,false,0,0,false,0.8808096768698428,0.8539741704253184,0.8673919236475807
SMAD3_Gln316Pro,0,0,false,0,0,false,0.733536387434796,0.8778089214991103,0.8056726544669531
KCNJ2_Met301Val,1,0,false,0,0,false,0.9074667848572466,0.764277386974395,0.8358720859158209
TPM1_Glu54Lys,1,0,false,0,0,false,0.8520826109193118,0.6732651957038659,0.7626739033115888
LITAF_Thr115Asn,0,0,false,0,0,false,0.6182983570267448,0.6348324212828699,0.6265653891548073
TPM1_Ser215Leu,1,0,false,0,0,false,0.8518511293540619,0.5971859778725397,0.7245185536133008
GFAP_Glu371Val,1,0,false,0,0,false,0.8533061937253592,0.8633110657496521,0.8583086297375057
LITAF_Gly112Ser,0,0,false,0,0,false,0.7397961148740507,0.7822329249977154,0.7610145199358831
SMAD3_Arg287Trp,0,0,false,0,0,false,0.7233473589402001,0.8943388280798659,0.808843093510033
BFSP2_Ala407Asp,1,0,false,0,0,false,0.8410553568075725,0.37015347476395816,0.6056044157857653
GFAP_Leu357Pro,0,0,false,0,0,false,0.6999348485099512,0.7672809958060927,0.733607922158022
FOXP3_Ile363Val,0,0,false,0,0,false,0.6959278484216325,0.8633801201483614,0.779653984284997
CLDN19_Arg200Gln,0,0,false,0,0,false,0.5434226157925872,0.8857405209765232,0.7145815683845552
IMPDH1_Val317Ile,0,1,false,0,0,false,0.8093674534552746,0.9043633377882594,0.856865395621767
NT5C3A_Phe31Leu,0,0,false,0,0,false,0.6394792512832688,0.8664988836304632,0.752989067456866
KCNJ2_Met301Leu,1,1,true,0,0,false,0.8589547761974679,0.9194176211497583,0.8891861986736131
IL36RN_Ser113Leu,,1,true,,0,false,,0.9116987888655234,0.9116987888655234
LITAF_Ala111Gly,0,0,false,0,0,false,0.45920935542358166,0.573083629268893,0.5161464923462373
GFAP_Leu352Pro,1,0,false,0,0,false,0.8923723184628891,0.7794328849110845,0.8359026016869868
TPM1_Ala166Thr,0,0,false,0,0,false,0.8041414342834146,0.592541763305212,0.6983415987943133
COQ8A_Gly549Ser,0,0,false,0,0,false,0.7146561391810922,0.8345211335022138,0.774588636341653
SMAD3_Glu239Lys,0,0,false,0,0,false,0.6247764175685142,0.8497521304489369,0.7372642740087256
BFSP2_Arg287Trp,1,0,false,0,0,false,0.9220411042403097,0.7965485559020877,0.8592948300711987
TPM1_Glu180Gly,0,0,false,0,0,false,0.7430373857154656,0.518013387100624,0.6305253864080448
CTH_Thr67Ile,0,0,false,0,0,false,0.775553663976723,0.6337573618901637,0.7046555129334433
SMAD3_Asp408His,0,0,false,0,0,false,0.7811507300549693,0.7701829744353452,0.7756668522451573
SMAD3_Ile170Val,0,0,false,0,0,false,0.4984450178895015,0.774121686817087,0.6362833523532943
TPM1_Glu23Gln,0,0,false,0,0,false,0.810457528571862,0.776254773806468,0.793356151189165
KCNJ2_Arg312His,1,0,false,0,0,false,0.9095652869328508,0.7780559573338978,0.8438106221333743
COQ8A_His85Gln,0,0,false,0,0,false,0.814390769517976,0.8785892397044144,0.8464900046111952
SMAD3_Glu284Gln,0,0,false,0,0,false,0.5905659540986343,0.8158384229366724,0.7032021885176534
KCNJ2_Trp322Cys,1,1,true,0,0,false,0.9167809059740253,0.9010904896969222,0.9089356978354737
KCNJ2_Asp71His,0,0,false,0,0,false,0.7677406755767058,0.6760999221023483,0.721920298839527
SMAD3_Leu308Phe,1,0,false,0,0,false,0.9121978271835138,0.892605236441106,0.90240153181231
KCNJ2_Arg189Ile,1,0,false,0,0,false,0.8628653329057285,0.8328233049259973,0.8478443189158629
NT5C3A_Cys108Arg,0,0,false,0,0,false,0.7402891043004645,0.5651390750314083,0.6527140896659364
SMARCB1_Pro48Leu,1,1,true,1,0,false,0.9753068739668069,0.9249690585531667,0.9501379662599868
KCNJ2_Tyr326Asn,1,0,false,1,0,false,0.9777771480323711,0.8717318380370886,0.9247544930347299
GFAP_Arg79Cys,0,0,false,0,0,false,0.8329138123693853,0.8206790715752519,0.8267964419723186
KCNJ2_Thr139Ile,0,0,false,0,0,false,0.7409862474172839,0.7186484804803621,0.729817363948823
LITAF_Val81Met,0,0,false,0,0,false,0.824863699685366,0.8074062896926757,0.8161349946890208
TPM1_Val95Ala,0,0,false,0,0,false,0.7990169601502405,0.6139744603065682,0.7064957102284044
PRPS1_His193Gln,0,0,false,0,0,false,0.6840918199570636,0.7674246869152425,0.7257582534361531
GFAP_Leu90Pro,0,0,false,0,0,false,0.8295358605721033,0.7280176847203041,0.7787767726462037
SMAD3_Cys109Tyr,0,0,false,0,0,false,0.7171122267949162,0.6507849898448491,0.6839486083198827
SMAD3_Ser423Arg,0,0,false,0,0,false,0.7495887493493061,0.6016224169459674,0.6756055831476367
CTNNA3_Val94Asp,0,0,false,0,0,false,0.6106455047651798,0.8932833072016095,0.7519644059833946
LITAF_Pro34Thr,0,0,false,0,0,false,0.7345808953106405,0.5939849961589794,0.66428294573481
GFAP_Arg79Ser,1,0,false,0,0,false,0.8459917490580763,0.8238626608662376,0.834927204962157
KCNJ2_Cys76Gly,1,0,false,1,0,false,0.9657767184507479,0.8766102139384035,0.9211934661945758
CTH_Ser403Ile,0,0,false,0,0,false,0.8138631679554404,0.7703145967938365,0.7920888823746385
TPM1_Lys15Asn,1,0,false,0,0,false,0.8910619263303423,0.6094085709936822,0.7502352486620123
TPM1_Asn279His,1,0,false,0,0,false,0.8708802212948188,0.7941488796624984,0.8325145504786586
KCNJ2_Glu349Lys,1,1,true,1,0,false,0.9511635324646077,0.9308248205841367,0.9409941765243722
TMEM43_Ala366Thr,0,0,false,0,0,false,0.7978989306961648,0.6752188377658741,0.7365588842310195
TPM1_Asp230Asn,1,0,false,0,0,false,0.842753997850801,0.6424013470315139,0.7425776724411575
SMAD3_Tyr364Cys,0,0,false,0,0,false,0.7211591280750282,0.6954944381890713,0.7083267831320498
GFAP_Asn77Ser,1,0,false,0,0,false,0.8667048059822529,0.8673631755018931,0.867033990742073
IL10_Phe129Tyr,1,0,false,0,0,false,0.9016611789749112,0.828084071555886,0.8648726252653987
CFP_Tyr414Asp,0,0,false,0,0,false,0.5603739046409295,0.7236711065624755,0.6420225056017025
GFAP_Asp417Ala,1,0,false,0,0,false,0.857594477957353,0.8820465161645739,0.8698204970609634
GFAP_Asn386Ile,0,0,false,0,0,false,0.8021902523175455,0.6107368524865529,0.7064635524020492
SMAD3_Asn197Ile,1,1,true,0,0,false,0.8606511188278319,0.9090000765235712,0.8848255976757016
GFAP_Arg88Cys,1,1,true,0,0,false,0.8829044255981482,0.945895777121097,0.9144001013596226
BFSP2_Arg339His,1,0,false,0,0,false,0.8608728913540455,0.7390766666356408,0.7999747789948431
IL36RN_Thr123Arg,1,0,false,0,0,false,0.9451913460954906,0.8248629343293741,0.8850271402124323
SMAD3_Arg323His,0,1,false,0,0,false,0.673849437828629,0.9187065741571998,0.7962780059929144
FOXP3_Gln70His,,0,false,,0,false,,0.7469080866620599,0.7469080866620599
LITAF_Leu122Val,0,0,false,0,0,false,0.7898306218771934,0.7513840975612873,0.7706073597192404
GFAP_Tyr366Cys,1,1,true,1,1,true,0.9657550340412036,0.9854777641358368,0.9756163990885202
GFAP_Glu371Gly,0,0,false,0,0,false,0.8079424375341515,0.8248126177283879,0.8163775276312697
NR0B1_Val126Met,0,0,false,0,0,false,0.7755706606409206,0.7529100327556122,0.7642403466982663
SFTPA2_Gly231Val,0,0,false,0,0,false,0.7495667799843719,0.8476888850323726,0.7986278325083722
APOA1_Ala188Ser,,0,false,,0,false,,0.8913348070963527,0.8913348070963527
CCBE1_Gly136Arg,0,0,false,0,0,false,0.7126175112150841,0.7829340121927224,0.7477757617039033
IMPDH1_Arg154Trp,1,1,true,0,1,false,0.9163081456654695,0.9589166938200377,0.9376124197427536
TPM1_Ala63Val,1,0,false,0,0,false,0.8463046669926828,0.67325876805271,0.7597817175226964
NT5C3A_Asp132Val,0,0,false,0,0,false,0.5219023622764777,0.6676297333157396,0.5947660477961086
TPM1_Lys248Glu,1,0,false,0,0,false,0.8678640304729028,0.6912232673909074,0.7795436489319052
LITAF_Pro51Ser,1,0,false,0,0,false,0.9139980181777645,0.8926023755319742,0.9033001968548693
KCNJ2_Arg189Lys,1,0,false,1,0,false,0.9747328180782365,0.8693346943759745,0.9220337562271055
TMEM43_Arg28Trp,0,0,false,0,0,false,0.6945290892500197,0.7918100358702779,0.7431695625601488
GFAP_Lys236Thr,0,0,false,0,0,false,0.8294143637476987,0.8503302453908715,0.8398723045692851
TPM1_Leu185Arg,0,0,false,0,0,false,0.777091132166379,0.5875197154553248,0.6823054238108519
SMAD3_Gly272Arg,0,0,false,0,0,false,0.6405865781261225,0.7876742937996529,0.7141304359628877
SMAD3_Arg385Thr,0,0,false,0,0,false,0.8293676644799844,0.8484170560483882,0.8388923602641863
NR0B1_Arg267Pro,0,0,false,0,0,false,0.7850564101416508,0.5663817513699614,0.6757190807558061
LITAF_Pro135Ser,0,0,false,0,0,false,0.7595240243523291,0.8122727496961304,0.7858983870242298
TPM1_Ala277Val,1,0,false,0,0,false,0.8865554345489511,0.6771522113685099,0.7818538229587305
KCNJ2_Asp71Asn,1,,true,0,,false,0.8423192687493715,,0.8423192687493715
FOXP3_Pro187Leu,0,0,false,0,0,false,0.5777248463274177,0.5623252127316531,0.5700250295295355
BAG3_Arg218Trp,0,0,false,0,0,false,0.4954605127475334,0.5921865777138549,0.5438235452306941
AP2S1_Arg15Cys,0,0,false,0,0,false,0.6207312255202869,0.6985672808217667,0.6596492531710267
IL36RN_Lys35Arg,1,0,false,0,0,false,0.8458068044702987,0.7154544344989587,0.7806306194846286
LITAF_Pro135Arg,0,0,false,0,0,false,0.7826912538764522,0.5656412772994301,0.6741662655879412
SMAD3_Trp232Cys,0,0,false,0,0,false,0.8191053150421514,0.8382625683387206,0.828683941690436
TMEM43_NA,1,0,false,0,0,false,0.9009840547968249,0.7089972041594803,0.8049906294781526
NR0B1_Arg425Ile,0,0,false,0,0,false,0.5203689462229972,0.7387858586280809,0.6295774024255391
SMAD3_Trp94Leu,0,0,false,0,0,false,0.6574451861923329,0.6466448579210893,0.6520450220567111
FKBP6_Arg202His,1,0,false,1,0,false,0.9789830240319086,0.8346929116042826,0.9068379678180956
CLDN19_Gln57Glu,1,1,true,0,0,false,0.8414929795193308,0.914375348524116,0.8779341640217233
BAG3_Arg258Trp,0,0,false,0,0,false,0.5468662605865912,0.6080777142405811,0.5774719874135861
LITAF_Asn30Tyr,0,0,false,0,0,false,0.7746679168636905,0.7120539349267159,0.7433609258952032
TPM1_Ile172Thr,0,0,false,0,0,false,0.8198059625988516,0.6323580796732063,0.726082021136029
KCNJ2_Arg40Pro,1,1,true,1,1,true,0.9637694257621459,0.9506036156680372,0.9571865207150916
LITAF_Ala129Val,0,1,false,0,0,false,0.7141644490545889,0.91127218882779,0.8127183189411895
IL10_Gly15Arg,1,,true,0,,false,0.8564735587968388,,0.8564735587968388
GFAP_Leu235Pro,0,0,false,0,0,false,0.8060008575308553,0.7918161502224768,0.798908503876666
TMEM43_Arg299Thr,0,0,false,0,0,false,0.5232708935737734,0.6690973364939875,0.5961841150338805
KCNJ2_Thr75Met,0,0,false,0,0,false,0.6389869647626284,0.7860486830081588,0.7125178238853935
SMAD3_Arg279Lys,0,0,false,0,0,false,0.6976780095812232,0.7669531686625869,0.7323155891219051
SMAD3_Leu274Pro,0,0,false,0,0,false,0.7031618712491177,0.7855703641384028,0.7443661176937602
LITAF_Val144Met,0,0,false,0,0,false,0.5349327372344368,0.6724427550935587,0.6036877461639978
LITAF_Pro84Leu,1,0,false,0,0,false,0.9285738342240384,0.8443557662333058,0.8864648002286721
TPM1_Glu40Lys,0,0,false,0,0,false,0.7553133968747832,0.6383215922823715,0.6968174945785773
SMAD3_Pro263Leu,0,0,false,0,0,false,0.8203530689400507,0.8916124209251457,0.8559827449325982
KCNJ2_Pro186Leu,1,0,false,0,0,false,0.9435477964626784,0.7919525606814952,0.8677501785720868
GFAP_Arg239Leu,1,0,false,0,0,false,0.8587131384473852,0.8485317208474903,0.8536224296474377
TMEM43_Tyr371His,0,0,false,0,0,false,0.7363004071178282,0.6203466143315078,0.678323510724668
KCNJ2_Ala70Thr,1,1,true,1,1,true,0.9480903071293152,0.9581252367015198,0.9531077719154175
PNKP_Glu326Lys,1,0,false,0,0,false,0.8390628921885221,0.5835393512783188,0.7113011217334204
KCNJ2_Arg82Gln,1,0,false,0,0,false,0.8610209497067478,0.8281079048956899,0.8445644273012188
TMEM43_Arg312Trp,1,0,false,0,0,false,0.9223927461408759,0.7556613369989156,0.8390270415698957
GFAP_Ala364Pro,0,0,false,0,0,false,0.7986100591350728,0.7783949892332629,0.7885025241841679
GFAP_Pro47Leu,0,0,false,0,0,false,0.7085442576115821,0.6613735135186032,0.6849588855650927
SMAD3_Ser355Leu,0,0,false,0,0,false,0.6278160757733375,0.7130474953345903,0.6704317855539639
PRPS1_Leu129Ile,0,0,false,0,0,false,0.7037203895115592,0.7424283817065075,0.7230743856090334
SFTPA2_Phe198Ser,0,0,false,0,0,false,0.46483533225697904,0.6250009556987444,0.5449181439778616
LITAF_Trp116Gly,0,0,false,0,0,false,0.7078245011754875,0.6562957639662812,0.6820601325708844
GFAP_Met73Arg,0,0,false,0,0,false,0.7806590031822508,0.8898167534079559,0.8352378782951033
CDKN1A_Asp149Gly,1,0,false,0,0,false,0.8624225847459056,0.7142051974148834,0.7883138910803945
KCNJ2_Val93Ile,0,0,false,0,0,false,0.7848667439282718,0.7939520469130469,0.7894093954206594
PHYH_Gly204Ser,0,0,false,0,0,false,0.8267266540417861,0.6656367274234599,0.7461816907326231
LITAF_Pro39Ser,0,0,false,0,0,false,0.6120498960283587,0.8781763976687034,0.745113146848531
SMAD3_Met212Ile,0,0,false,0,0,false,0.8293183066073413,0.75901247386596,0.7941653902366507
NR0B1_Tyr380Asp,0,0,false,0,0,false,0.4349824911640752,0.8014236610553298,0.6182030761097025
IL36RN_Leu27Pro,1,1,true,0,0,false,0.9026091920005946,0.9242131111557026,0.9134111515781487
LITAF_Thr49Met,0,0,false,0,0,false,0.6267036570010001,0.6392390047381207,0.6329713308695604
GFAP_Lys279Glu,0,0,false,0,0,false,0.8259962786841102,0.7375978689018825,0.7817970737929963
NR0B1_Asn440Ile,0,0,false,0,0,false,0.6179777507038329,0.7643634821157625,0.6911706164097977
LITAF_Arg160His,1,0,false,0,0,false,0.8954900928468337,0.7380927830904455,0.8167914379686396
SMAD3_Ile87Thr,1,0,false,0,0,false,0.8505053228364712,0.6440272180797241,0.7472662704580977
PHYH_Pro29Ser,0,0,false,0,0,false,0.7299149031403482,0.5517241481397736,0.6408195256400608
SFTPA2_Gln223Lys,0,0,false,0,0,false,0.7445737797625618,0.8536507678264939,0.7991122737945278
TPM1_Ala22Thr,1,0,false,0,0,false,0.9235421881270206,0.7441854579589903,0.8338638230430054
SMAD3_Met255Arg,0,0,false,0,0,false,0.6597450069937429,0.839923785511403,0.749834396252573
CUL3_Lys459Arg,0,0,false,0,0,false,0.6395447657177669,0.6638571169462495,0.6517009413320082
NT5C3A_Gly202Arg,0,0,false,0,0,false,0.5342330773644356,0.6382947167511056,0.5862638970577706
BAG3_Arg477His,0,,false,0,,false,0.7448226678824958,,0.7448226678824958
SMAD3_Arg373Cys,0,0,false,0,0,false,0.7063768959620775,0.5724790705947139,0.6394279832783958
LITAF_Ser15Leu,1,0,false,1,0,false,0.9491334445998761,0.8818744150844381,0.9155039298421571
KCNJ2_Arg67Trp,1,0,false,0,0,false,0.922833611489524,0.8329330162222428,0.8778833138558835
PHYH_Gln176Lys,0,0,false,0,0,false,0.5515856112487574,0.5625079675584929,0.5570467894036251
IMPDH1_Asp275Asn,0,,false,0,,false,0.6929666594793534,,0.6929666594793534
KCNJ2_Asn318Ser,1,1,true,0,0,false,0.9416165661096727,0.9030129288547706,0.9223147474822216
GFAP_Met74Thr,1,0,false,0,0,false,0.8766505052792946,0.8809249462018396,0.8787877257405671
SMARCB1_Arg37His,1,0,false,0,0,false,0.844729296397907,0.7612045598123691,0.802966928105138
SMAD3_Arg385Gly,1,0,false,0,0,false,0.9262212620050108,0.6525890440040316,0.7894051530045212
KCNJ2_Thr75Arg,1,0,false,0,0,false,0.9198349554785382,0.7274898729326708,0.8236624142056045
CDKN1A_Arg67Leu,0,0,false,0,0,false,0.7008705762876517,0.49432947100112296,0.5976000236443874
SMAD3_Thr261Ile,0,0,false,0,0,false,0.8038585843032744,0.854636231446052,0.8292474078746632
KCNJ2_Asp78Gly,1,0,false,1,0,false,0.9558332864907004,0.8317488131371875,0.893791049813944
PHYH_Arg275Trp,0,0,false,0,0,false,0.6491455005007727,0.5278309228092792,0.588488211655026
GFAP_Glu207Lys,0,0,false,0,0,false,0.7896857762399808,0.7693903590096319,0.7795380676248064
KCNJ2_Ile269Lys,0,0,false,0,0,false,0.7750739354096678,0.6341878565589336,0.7046308959843007
BAG3_Leu462Pro,1,,true,0,,false,0.9102522880761883,,0.9102522880761883
TPM3_Ala4Val,0,0,false,0,0,false,0.7655825944777039,0.7230960913033582,0.744339342890531
TMEM43_Glu85Lys,1,1,true,0,0,false,0.9278307702801207,0.934046177974884,0.9309384741275024
KCNJ2_Val302Met,0,0,false,0,0,false,0.7576869266737167,0.8104605395391948,0.7840737331064558
FOXP3_Gly52Val,0,0,false,0,0,false,0.5570116964265563,0.7630964820445365,0.6600540892355464
KCNJ2_Arg325Cys,1,1,true,1,1,true,0.9769957996910507,0.9909058346179781,0.9839508171545144
KCNJ2_Thr400Met,1,0,false,0,0,false,0.9113315446203444,0.7539800279868087,0.8326557863035766
LITAF_Pro135Thr,0,0,false,0,0,false,0.713883813175033,0.7549757460566593,0.7344297796158461
SMAD3_Asp258His,0,0,false,0,0,false,0.63201165296459,0.6438143974558895,0.6379130252102398
CDKN1A_Arg84Gln,0,0,false,0,0,false,0.5794583187818231,0.5799934045142042,0.5797258616480137
TPM1_Ala239Thr,1,0,false,0,0,false,0.9169694808475788,0.8425257732180444,0.8797476270328116
KCNJ2_Arg67Gln,0,0,false,0,0,false,0.8308290833892741,0.7841625841121178,0.8074958337506959
TPM1_Ile92Thr,0,0,false,0,0,false,0.794393004648516,0.5246735536481699,0.659533279148343
NR0B1_Trp105Cys,0,0,false,0,0,false,0.7956648118767367,0.6191972599266644,0.7074310359017005
TPM1_Arg160His,1,0,false,0,0,false,0.8811767406504633,0.6726136985466037,0.7768952195985335
TPM1_Met281Thr,0,0,false,0,0,false,0.7336620484324117,0.6251696815964595,0.6794158650144355
KCNJ2_Gly300Asp,0,0,false,0,0,false,0.8210212821666777,0.8594113513228494,0.8402163167447636
TMEM43_Arg220Cys,0,0,false,0,0,false,0.6975802775863378,0.553605699321229,0.6255929884537834
KCNJ2_Ala70Ser,1,1,true,1,1,true,0.9486086188336895,0.9557635133234077,0.9521860660785486
KCNJ2_Arg260Pro,0,0,false,0,0,false,0.8162598326793111,0.750931233917221,0.783595533298266
KCNJ2_Arg40Gln,1,1,true,0,1,false,0.9312455715657977,0.9595119016376034,0.9453787366017006
GFAP_Glu205Lys,0,0,false,0,0,false,0.7640237529741659,0.61901915559526,0.691521454284713
TPM1_NA,0,0,false,0,0,false,0.8334723941079212,0.5761379734945669,0.704805183801244
CDKN1A_Ser31Arg,0,0,false,0,0,false,0.696316709867795,0.7040099132188473,0.7001633115433212
GFAP_Arg376Trp,0,0,false,0,0,false,0.828957023678825,0.7326418519581364,0.7807994378184806
SMAD3_Leu219Phe,0,0,false,0,0,false,0.6569819344294738,0.7758629053818079,0.7164224199056408
BAG3_Pro380Ser,0,0,false,0,0,false,0.6753700913882913,0.8100509556557296,0.7427105235220104
SMAD3_Arg268Cys,0,0,false,0,0,false,0.6011909085263991,0.44557773665230954,0.5233843225893543
LITAF_Ser118Pro,0,0,false,0,0,false,0.7715242308454541,0.8508768331388068,0.8112005319921305
FOXP3_Leu242Pro,1,1,true,0,0,false,0.8968856758537948,0.9271422481918643,0.9120139620228296
COQ8A_Gly272Asp,1,1,true,0,1,false,0.9004744765521797,0.9571958886785277,0.9288351826153537
LITAF_Phe136Leu,0,0,false,0,0,false,0.6118059666944177,0.8595373068439008,0.7356716367691593
GFAP_Arg239Pro,0,0,false,0,0,false,0.8226323280363337,0.8024201988467232,0.8125262634415285
APOA1_Ala199Pro,,0,false,,0,false,,0.7676817922862444,0.7676817922862444
APOA1_Val180Glu,0,,false,0,,false,0.7940376661610484,,0.7940376661610484
HGD_Ala48Ser,1,0,false,0,0,false,0.9115205605722911,0.8802263269549904,0.8958734437636408
MSRB3_Cys82Gly,1,1,true,0,0,false,0.9262733858390914,0.9255435393432446,0.925908462591168
SMAD3_Val410Phe,0,0,false,0,0,false,0.7622859490722018,0.8440948599646751,0.8031904045184385
KCNJ2_Val86Phe,,1,true,,1,true,,0.9535489410984404,0.9535489410984404
TPM1_Met8Arg,0,0,false,0,0,false,0.8026312975733119,0.613916707858829,0.7082740027160704
APOA1_Arg34Leu,0,0,false,0,0,false,0.7265044992040676,0.800406748508501,0.7634556238562843
SMAD3_Pro263Ala,0,0,false,0,0,false,0.6699620105483416,0.45098053845106184,0.5604712744997017
CTH_Gln240Glu,1,0,false,0,0,false,0.8935843291262965,0.8889275917685702,0.8912559604474333
GFAP_Asp295Asn,1,0,false,0,0,false,0.8442713314103041,0.8642509305099455,0.8542611309601248
NT5C3A_Gly275Arg,1,0,false,0,0,false,0.897206637573734,0.6013707843953114,0.7492887109845228
KCNJ2_Gly215Asp,0,0,false,0,0,false,0.811081509027318,0.7840190608490699,0.7975502849381939
TMEM43_Thr277Ser,1,1,true,1,0,false,0.9787237528717316,0.9233034527291809,0.9510136028004563
GFAP_Glu210Lys,0,0,false,0,0,false,0.6662978647387718,0.7576615617496814,0.7119797132442266
FKBP6_Phe72Leu,1,0,false,0,0,false,0.9240098412617526,0.833174083464118,0.8785919623629352
COQ8A_His80Tyr,0,0,false,0,0,false,0.7498416136428752,0.7846145304189408,0.7672280720309079
KCNJ2_Lys364Arg,1,1,true,1,0,false,0.9834637153517294,0.9220158703027035,0.9527397928272164
KRT83_Glu407Lys,0,0,false,0,0,false,0.6227680623490698,0.5328234452951763,0.577795753822123
LITAF_Ile92Val,1,,true,0,,false,0.8741898946547415,,0.8741898946547415
SMAD3_Asn59Asp,0,0,false,0,0,false,0.6544918661711328,0.645252071423658,0.6498719687973954
APOA1_Leu84Arg,1,0,false,0,0,false,0.9246879582364286,0.7965739906820639,0.8606309744592462
LITAF_Gly130Ser,1,,true,0,,false,0.9203279696834408,,0.9203279696834408
IMPDH1_Arg273Pro,1,1,true,0,0,false,0.9316711564832244,0.9443522442000384,0.9380117003416314
KCNJ2_His110Tyr,,1,true,,1,true,,0.9487207825553792,0.9487207825553792
TPM1_Lys37Glu,0,0,false,0,0,false,0.8335118661781664,0.6565372043589363,0.7450245352685514
AP2S1_Arg15His,0,,false,0,,false,0.7017177740519215,,0.7017177740519215
APOA1_Trp74Arg,1,,true,0,,false,0.8953085658802387,,0.8953085658802387
